Model,SamplingTechnique,Accuracy,Precision,Recall,F1-Score,FPR,TPR,AUC
KNN,base,0.8746958637469586,0.6780487804878049,0.36387434554973824,0.4735945485519591,"[0.         0.00335893 0.01103647 0.03166987 0.09548944 0.29174664
 1.        ]","[0.         0.10209424 0.22513089 0.36387435 0.56544503 0.7617801
 1.        ]",0.791290661333923
KNN,oversampling,0.791970802919708,0.3974960876369327,0.6649214659685864,0.4975514201762977,"[0.         0.05806142 0.12667946 0.18474088 0.23800384 0.29222649
 1.        ]","[0.         0.35863874 0.56806283 0.66492147 0.7382199  0.7617801
 1.        ]",0.779505532051733
KNN,undersampling,0.7862935928629359,0.3997233748271093,0.756544502617801,0.5230769230769231,"[0.         0.03166987 0.10364683 0.20825336 0.40115163 0.66410749
 1.        ]","[0.         0.33769634 0.56282723 0.7565445  0.85602094 0.94240838
 1.        ]",0.8249678427510526
SVM,base,0.8860502838605029,0.6863468634686347,0.4869109947643979,0.5696784073506891,"[0.00000000e+00 0.00000000e+00 0.00000000e+00 4.79846449e-04
 4.79846449e-04 9.59692898e-04 9.59692898e-04 1.43953935e-03
 1.43953935e-03 1.91938580e-03 1.91938580e-03 2.39923225e-03
 2.39923225e-03 2.87907869e-03 2.87907869e-03 3.35892514e-03
 3.35892514e-03 3.83877159e-03 3.83877159e-03 4.31861804e-03
 4.31861804e-03 4.79846449e-03 4.79846449e-03 5.27831094e-03
 5.27831094e-03 5.75815739e-03 5.75815739e-03 6.23800384e-03
 6.23800384e-03 6.71785029e-03 6.71785029e-03 7.19769674e-03
 7.19769674e-03 7.67754319e-03 7.67754319e-03 8.63723608e-03
 8.63723608e-03 9.11708253e-03 9.11708253e-03 9.59692898e-03
 9.59692898e-03 1.10364683e-02 1.10364683e-02 1.15163148e-02
 1.15163148e-02 1.24760077e-02 1.24760077e-02 1.29558541e-02
 1.29558541e-02 1.34357006e-02 1.34357006e-02 1.39155470e-02
 1.39155470e-02 1.43953935e-02 1.43953935e-02 1.48752399e-02
 1.48752399e-02 1.53550864e-02 1.53550864e-02 1.58349328e-02
 1.58349328e-02 1.72744722e-02 1.72744722e-02 1.91938580e-02
 1.91938580e-02 2.01535509e-02 2.01535509e-02 2.06333973e-02
 2.06333973e-02 2.11132438e-02 2.11132438e-02 2.20729367e-02
 2.20729367e-02 2.30326296e-02 2.30326296e-02 2.44721689e-02
 2.44721689e-02 2.49520154e-02 2.49520154e-02 2.54318618e-02
 2.54318618e-02 2.59117083e-02 2.59117083e-02 2.63915547e-02
 2.63915547e-02 2.68714012e-02 2.68714012e-02 2.73512476e-02
 2.73512476e-02 2.78310940e-02 2.78310940e-02 2.92706334e-02
 2.92706334e-02 3.07101727e-02 3.07101727e-02 3.21497121e-02
 3.21497121e-02 3.26295585e-02 3.26295585e-02 3.31094050e-02
 3.31094050e-02 3.45489443e-02 3.45489443e-02 3.50287908e-02
 3.50287908e-02 3.55086372e-02 3.69481766e-02 3.69481766e-02
 3.74280230e-02 3.74280230e-02 3.79078695e-02 3.79078695e-02
 3.83877159e-02 3.83877159e-02 3.88675624e-02 3.88675624e-02
 3.98272553e-02 3.98272553e-02 4.03071017e-02 4.03071017e-02
 4.07869482e-02 4.07869482e-02 4.12667946e-02 4.12667946e-02
 4.17466411e-02 4.17466411e-02 4.22264875e-02 4.22264875e-02
 4.31861804e-02 4.31861804e-02 4.36660269e-02 4.36660269e-02
 4.41458733e-02 4.41458733e-02 4.51055662e-02 4.51055662e-02
 4.55854127e-02 4.55854127e-02 4.75047985e-02 4.75047985e-02
 4.99040307e-02 4.99040307e-02 5.18234165e-02 5.18234165e-02
 5.27831094e-02 5.27831094e-02 5.37428023e-02 5.37428023e-02
 5.47024952e-02 5.47024952e-02 5.56621881e-02 5.56621881e-02
 5.66218810e-02 5.66218810e-02 5.75815739e-02 5.75815739e-02
 5.80614203e-02 5.80614203e-02 5.85412668e-02 5.85412668e-02
 5.95009597e-02 5.95009597e-02 6.28598848e-02 6.28598848e-02
 6.33397313e-02 6.33397313e-02 6.52591171e-02 6.52591171e-02
 6.66986564e-02 6.66986564e-02 6.86180422e-02 6.86180422e-02
 7.00575816e-02 7.00575816e-02 7.10172745e-02 7.10172745e-02
 7.14971209e-02 7.14971209e-02 7.19769674e-02 7.19769674e-02
 7.24568138e-02 7.24568138e-02 7.48560461e-02 7.48560461e-02
 7.58157390e-02 7.58157390e-02 7.67754319e-02 7.67754319e-02
 7.77351248e-02 7.77351248e-02 7.96545106e-02 7.96545106e-02
 8.01343570e-02 8.01343570e-02 8.39731286e-02 8.39731286e-02
 8.44529750e-02 8.44529750e-02 8.58925144e-02 8.58925144e-02
 8.73320537e-02 8.73320537e-02 8.78119002e-02 8.78119002e-02
 8.92514395e-02 8.92514395e-02 9.02111324e-02 9.02111324e-02
 9.21305182e-02 9.21305182e-02 9.30902111e-02 9.30902111e-02
 9.35700576e-02 9.35700576e-02 9.50095969e-02 9.50095969e-02
 1.01247601e-01 1.01247601e-01 1.03166987e-01 1.03166987e-01
 1.04126679e-01 1.04126679e-01 1.05086372e-01 1.05086372e-01
 1.06525912e-01 1.06525912e-01 1.07965451e-01 1.07965451e-01
 1.11804223e-01 1.11804223e-01 1.12284069e-01 1.12284069e-01
 1.13243762e-01 1.13243762e-01 1.17082534e-01 1.17082534e-01
 1.20441459e-01 1.20441459e-01 1.21880998e-01 1.21880998e-01
 1.36756238e-01 1.36756238e-01 1.40595010e-01 1.40595010e-01
 1.41074856e-01 1.41074856e-01 1.44913628e-01 1.44913628e-01
 1.53071017e-01 1.53071017e-01 1.57869482e-01 1.57869482e-01
 1.61708253e-01 1.61708253e-01 1.62188100e-01 1.62188100e-01
 1.63627639e-01 1.63627639e-01 1.65547025e-01 1.65547025e-01
 1.66506718e-01 1.66506718e-01 1.67946257e-01 1.67946257e-01
 1.70345489e-01 1.70345489e-01 1.70825336e-01 1.70825336e-01
 1.73704415e-01 1.73704415e-01 1.74664107e-01 1.74664107e-01
 1.77063340e-01 1.77063340e-01 1.79942418e-01 1.79942418e-01
 1.88099808e-01 1.88099808e-01 1.88579655e-01 1.88579655e-01
 1.90019194e-01 1.90019194e-01 2.00095969e-01 2.00095969e-01
 2.03454894e-01 2.03454894e-01 2.16890595e-01 2.16890595e-01
 2.23608445e-01 2.23608445e-01 2.24088292e-01 2.24088292e-01
 2.32725528e-01 2.32725528e-01 2.39443378e-01 2.40403071e-01
 2.42802303e-01 2.42802303e-01 2.45201536e-01 2.45201536e-01
 2.45681382e-01 2.45681382e-01 2.52399232e-01 2.52399232e-01
 2.59117083e-01 2.59117083e-01 2.66794626e-01 2.66794626e-01
 2.71113244e-01 2.71113244e-01 2.74952015e-01 2.74952015e-01
 2.79750480e-01 2.79750480e-01 2.81190019e-01 2.81190019e-01
 2.82149712e-01 2.82149712e-01 2.83109405e-01 2.83109405e-01
 3.04702495e-01 3.04702495e-01 3.06621881e-01 3.06621881e-01
 3.10460653e-01 3.10460653e-01 3.16218810e-01 3.16218810e-01
 3.22936660e-01 3.22936660e-01 3.47408829e-01 3.47408829e-01
 3.59404990e-01 3.59404990e-01 3.62284069e-01 3.62284069e-01
 3.67082534e-01 3.67082534e-01 3.69481766e-01 3.69481766e-01
 3.70441459e-01 3.70441459e-01 3.75719770e-01 3.75719770e-01
 3.84357006e-01 3.85796545e-01 3.86756238e-01 3.86756238e-01
 3.95393474e-01 3.95393474e-01 4.25143954e-01 4.25143954e-01
 4.69289827e-01 4.69289827e-01 4.79846449e-01 4.80806142e-01
 4.81765835e-01 4.81765835e-01 4.82245681e-01 4.82245681e-01
 4.87044146e-01 4.88003839e-01 4.89443378e-01 4.89443378e-01
 4.96161228e-01 4.96161228e-01 4.99040307e-01 4.99040307e-01
 5.01439539e-01 5.01439539e-01 5.03838772e-01 5.03838772e-01
 5.16794626e-01 5.18234165e-01 5.38387716e-01 5.38387716e-01
 5.38867562e-01 5.39827255e-01 5.50383877e-01 5.50383877e-01
 5.63339731e-01 5.63339731e-01 5.65738964e-01 5.69097889e-01
 5.71976967e-01 5.71976967e-01 5.97408829e-01 5.97408829e-01
 5.97888676e-01 5.98848369e-01 5.99808061e-01 5.99808061e-01
 6.28598848e-01 6.28598848e-01 6.49712092e-01 6.49712092e-01
 7.08253359e-01 7.08253359e-01 7.21689060e-01 7.21689060e-01
 7.37044146e-01 7.37044146e-01 7.40403071e-01 7.40403071e-01
 7.65355086e-01 7.65355086e-01 7.69193858e-01 7.69193858e-01
 7.99424184e-01 7.99424184e-01 8.11900192e-01 8.11900192e-01
 8.53646833e-01 8.53646833e-01 8.57485605e-01 8.57485605e-01
 8.68042226e-01 8.68042226e-01 8.69481766e-01 8.69481766e-01
 9.99040307e-01 9.99040307e-01 1.00000000e+00]","[0.         0.0026178  0.06282723 0.06282723 0.08115183 0.08115183
 0.08376963 0.08376963 0.09162304 0.09162304 0.12827225 0.12827225
 0.14136126 0.14136126 0.14397906 0.14397906 0.15968586 0.15968586
 0.17801047 0.17801047 0.18062827 0.18062827 0.19633508 0.19633508
 0.20157068 0.20157068 0.20680628 0.20680628 0.20942408 0.20942408
 0.2382199  0.2382199  0.2434555  0.2434555  0.2460733  0.2460733
 0.2486911  0.2486911  0.2565445  0.2565445  0.2617801  0.2617801
 0.26439791 0.26439791 0.26701571 0.26701571 0.28010471 0.28010471
 0.28534031 0.28534031 0.29057592 0.29057592 0.29319372 0.29319372
 0.30628272 0.30628272 0.31151832 0.31151832 0.31413613 0.31413613
 0.31937173 0.31937173 0.32984293 0.32984293 0.34816754 0.34816754
 0.35340314 0.35340314 0.35602094 0.35602094 0.36125654 0.36125654
 0.36649215 0.36649215 0.37958115 0.37958115 0.38219895 0.38219895
 0.38743455 0.38743455 0.39005236 0.39005236 0.39790576 0.39790576
 0.40052356 0.40052356 0.40575916 0.40575916 0.41099476 0.41099476
 0.41361257 0.41361257 0.42146597 0.42146597 0.43193717 0.43193717
 0.43455497 0.43455497 0.43717277 0.43717277 0.43979058 0.43979058
 0.44240838 0.44240838 0.45026178 0.45287958 0.45287958 0.45549738
 0.45549738 0.46596859 0.46596859 0.46858639 0.46858639 0.47120419
 0.47120419 0.47905759 0.47905759 0.48167539 0.48167539 0.48691099
 0.48691099 0.4921466  0.4921466  0.4973822  0.4973822  0.5
 0.5        0.52617801 0.52617801 0.53664921 0.53664921 0.53926702
 0.53926702 0.54188482 0.54188482 0.54450262 0.54450262 0.55235602
 0.55235602 0.55497382 0.55497382 0.56282723 0.56282723 0.56544503
 0.56544503 0.56806283 0.56806283 0.57853403 0.57853403 0.58115183
 0.58115183 0.58376963 0.58376963 0.58638743 0.58638743 0.58900524
 0.58900524 0.59424084 0.59424084 0.59685864 0.59685864 0.60471204
 0.60471204 0.60732984 0.60732984 0.61518325 0.61518325 0.62303665
 0.62303665 0.62565445 0.62565445 0.62827225 0.62827225 0.63350785
 0.63350785 0.63874346 0.63874346 0.64136126 0.64136126 0.64397906
 0.64397906 0.64921466 0.64921466 0.65706806 0.65706806 0.66230366
 0.66230366 0.66492147 0.66492147 0.67015707 0.67015707 0.67277487
 0.67277487 0.67801047 0.67801047 0.68324607 0.68324607 0.69109948
 0.69109948 0.69371728 0.69371728 0.69633508 0.69633508 0.69895288
 0.69895288 0.70157068 0.70157068 0.70418848 0.70418848 0.70680628
 0.70680628 0.70942408 0.70942408 0.71204188 0.71204188 0.71465969
 0.71465969 0.71727749 0.71727749 0.71989529 0.71989529 0.72251309
 0.72251309 0.72774869 0.72774869 0.73298429 0.73298429 0.7434555
 0.7434555  0.7460733  0.7460733  0.7513089  0.7513089  0.7539267
 0.7539267  0.7565445  0.7565445  0.7591623  0.7591623  0.7617801
 0.7617801  0.76439791 0.76439791 0.76701571 0.76701571 0.76963351
 0.76963351 0.77225131 0.77225131 0.77486911 0.77486911 0.77748691
 0.77748691 0.78010471 0.78010471 0.78272251 0.78272251 0.78534031
 0.78534031 0.78795812 0.78795812 0.79319372 0.79319372 0.79581152
 0.79581152 0.79842932 0.79842932 0.80366492 0.80366492 0.80628272
 0.80628272 0.80890052 0.80890052 0.81151832 0.81151832 0.81413613
 0.81413613 0.81675393 0.81675393 0.81937173 0.81937173 0.82460733
 0.82460733 0.82722513 0.82722513 0.82984293 0.82984293 0.83507853
 0.83507853 0.83769634 0.83769634 0.84031414 0.84031414 0.84554974
 0.84554974 0.84554974 0.84554974 0.84816754 0.84816754 0.85078534
 0.85078534 0.85340314 0.85340314 0.85602094 0.85602094 0.85863874
 0.85863874 0.86125654 0.86125654 0.86910995 0.86910995 0.87172775
 0.87172775 0.87434555 0.87434555 0.87696335 0.87696335 0.87958115
 0.87958115 0.88219895 0.88219895 0.88481675 0.88481675 0.88743455
 0.88743455 0.89005236 0.89005236 0.89267016 0.89267016 0.89528796
 0.89528796 0.89790576 0.89790576 0.90052356 0.90052356 0.90314136
 0.90314136 0.90575916 0.90575916 0.90837696 0.90837696 0.91099476
 0.91099476 0.91361257 0.91361257 0.91361257 0.91361257 0.91623037
 0.91623037 0.91884817 0.91884817 0.92146597 0.92146597 0.92408377
 0.92408377 0.92408377 0.92408377 0.92670157 0.92670157 0.92931937
 0.92931937 0.92931937 0.92931937 0.93193717 0.93193717 0.93455497
 0.93455497 0.93979058 0.93979058 0.94240838 0.94240838 0.94502618
 0.94502618 0.94502618 0.94502618 0.94764398 0.94764398 0.94764398
 0.94764398 0.95026178 0.95026178 0.95287958 0.95287958 0.95287958
 0.95287958 0.95549738 0.95549738 0.95811518 0.95811518 0.95811518
 0.95811518 0.96073298 0.96073298 0.96335079 0.96335079 0.96596859
 0.96596859 0.96858639 0.96858639 0.97120419 0.97120419 0.97382199
 0.97382199 0.97643979 0.97643979 0.97905759 0.97905759 0.98167539
 0.98167539 0.98429319 0.98429319 0.98691099 0.98691099 0.9895288
 0.9895288  0.9921466  0.9921466  0.9947644  0.9947644  0.9973822
 0.9973822  1.         1.        ]",0.8842973389876496
SVM,oversampling,0.8629359286293593,0.5407407407407407,0.7643979057591623,0.6334056399132321,"[0.00000000e+00 4.79846449e-04 4.79846449e-04 9.59692898e-04
 9.59692898e-04 1.91938580e-03 1.91938580e-03 2.39923225e-03
 2.39923225e-03 2.87907869e-03 2.87907869e-03 3.83877159e-03
 3.83877159e-03 4.31861804e-03 4.31861804e-03 4.79846449e-03
 4.79846449e-03 5.27831094e-03 5.27831094e-03 5.75815739e-03
 5.75815739e-03 6.23800384e-03 6.23800384e-03 6.71785029e-03
 6.71785029e-03 7.19769674e-03 7.19769674e-03 7.67754319e-03
 7.67754319e-03 8.15738964e-03 8.15738964e-03 8.63723608e-03
 8.63723608e-03 9.11708253e-03 9.11708253e-03 9.59692898e-03
 9.59692898e-03 1.00767754e-02 1.00767754e-02 1.05566219e-02
 1.05566219e-02 1.10364683e-02 1.10364683e-02 1.15163148e-02
 1.15163148e-02 1.19961612e-02 1.19961612e-02 1.29558541e-02
 1.29558541e-02 1.34357006e-02 1.34357006e-02 1.39155470e-02
 1.39155470e-02 1.43953935e-02 1.43953935e-02 1.48752399e-02
 1.48752399e-02 1.63147793e-02 1.63147793e-02 1.67946257e-02
 1.67946257e-02 1.72744722e-02 1.72744722e-02 1.82341651e-02
 1.82341651e-02 1.87140115e-02 1.87140115e-02 1.91938580e-02
 1.91938580e-02 1.96737044e-02 1.96737044e-02 2.30326296e-02
 2.30326296e-02 2.39923225e-02 2.39923225e-02 2.44721689e-02
 2.44721689e-02 2.49520154e-02 2.49520154e-02 2.54318618e-02
 2.54318618e-02 2.59117083e-02 2.59117083e-02 2.73512476e-02
 2.73512476e-02 2.78310940e-02 2.78310940e-02 2.87907869e-02
 2.87907869e-02 3.07101727e-02 3.07101727e-02 3.11900192e-02
 3.11900192e-02 3.16698656e-02 3.16698656e-02 3.35892514e-02
 3.35892514e-02 3.45489443e-02 3.45489443e-02 3.50287908e-02
 3.50287908e-02 3.55086372e-02 3.55086372e-02 3.59884837e-02
 3.59884837e-02 3.64683301e-02 3.64683301e-02 3.79078695e-02
 3.79078695e-02 3.83877159e-02 3.83877159e-02 3.98272553e-02
 3.98272553e-02 4.03071017e-02 4.03071017e-02 4.07869482e-02
 4.07869482e-02 4.12667946e-02 4.12667946e-02 4.27063340e-02
 4.27063340e-02 4.36660269e-02 4.36660269e-02 4.41458733e-02
 4.41458733e-02 4.46257198e-02 4.46257198e-02 4.51055662e-02
 4.51055662e-02 4.55854127e-02 4.55854127e-02 4.60652591e-02
 4.60652591e-02 4.70249520e-02 4.70249520e-02 4.84644914e-02
 4.84644914e-02 4.94241843e-02 4.94241843e-02 4.99040307e-02
 4.99040307e-02 5.03838772e-02 5.03838772e-02 5.08637236e-02
 5.08637236e-02 5.37428023e-02 5.37428023e-02 5.47024952e-02
 5.47024952e-02 5.51823417e-02 5.51823417e-02 5.66218810e-02
 5.66218810e-02 5.71017274e-02 5.71017274e-02 5.75815739e-02
 5.75815739e-02 5.80614203e-02 5.80614203e-02 5.95009597e-02
 5.95009597e-02 5.99808061e-02 5.99808061e-02 6.04606526e-02
 6.04606526e-02 6.19001919e-02 6.19001919e-02 6.28598848e-02
 6.28598848e-02 6.42994242e-02 6.42994242e-02 6.52591171e-02
 6.52591171e-02 6.57389635e-02 6.57389635e-02 6.62188100e-02
 6.62188100e-02 6.66986564e-02 6.66986564e-02 6.90978887e-02
 6.90978887e-02 7.00575816e-02 7.00575816e-02 7.10172745e-02
 7.10172745e-02 7.24568138e-02 7.24568138e-02 7.38963532e-02
 7.38963532e-02 7.53358925e-02 7.53358925e-02 7.62955854e-02
 7.62955854e-02 7.82149712e-02 7.82149712e-02 7.86948177e-02
 7.86948177e-02 8.06142035e-02 8.06142035e-02 8.15738964e-02
 8.15738964e-02 8.49328215e-02 8.49328215e-02 8.63723608e-02
 8.63723608e-02 8.68522073e-02 8.68522073e-02 8.73320537e-02
 8.73320537e-02 8.78119002e-02 8.78119002e-02 8.82917466e-02
 8.82917466e-02 8.87715931e-02 8.87715931e-02 9.06909789e-02
 9.06909789e-02 9.11708253e-02 9.11708253e-02 9.21305182e-02
 9.21305182e-02 9.50095969e-02 9.50095969e-02 9.64491363e-02
 9.64491363e-02 9.78886756e-02 9.78886756e-02 9.88483685e-02
 9.88483685e-02 9.98080614e-02 9.98080614e-02 1.00287908e-01
 1.00287908e-01 1.01727447e-01 1.01727447e-01 1.02207294e-01
 1.02207294e-01 1.06525912e-01 1.06525912e-01 1.07965451e-01
 1.07965451e-01 1.09884837e-01 1.09884837e-01 1.10844530e-01
 1.10844530e-01 1.13723608e-01 1.13723608e-01 1.14683301e-01
 1.14683301e-01 1.16602687e-01 1.16602687e-01 1.19481766e-01
 1.20441459e-01 1.20441459e-01 1.20921305e-01 1.20921305e-01
 1.21880998e-01 1.21880998e-01 1.24280230e-01 1.24280230e-01
 1.25719770e-01 1.25719770e-01 1.33877159e-01 1.33877159e-01
 1.36756238e-01 1.36756238e-01 1.40595010e-01 1.40595010e-01
 1.41554702e-01 1.41554702e-01 1.43953935e-01 1.43953935e-01
 1.46353167e-01 1.46353167e-01 1.46833013e-01 1.46833013e-01
 1.50191939e-01 1.50191939e-01 1.50671785e-01 1.50671785e-01
 1.52111324e-01 1.52111324e-01 1.54990403e-01 1.54990403e-01
 1.56429942e-01 1.56429942e-01 1.56909789e-01 1.56909789e-01
 1.78023033e-01 1.78023033e-01 1.78502879e-01 1.78502879e-01
 1.78982726e-01 1.78982726e-01 1.79942418e-01 1.79942418e-01
 1.86180422e-01 1.86180422e-01 1.89539347e-01 1.89539347e-01
 1.91938580e-01 1.91938580e-01 1.92418426e-01 1.92418426e-01
 1.93378119e-01 1.93378119e-01 2.25527831e-01 2.25527831e-01
 2.28406910e-01 2.28406910e-01 2.30326296e-01 2.30326296e-01
 2.32245681e-01 2.32245681e-01 2.33205374e-01 2.33205374e-01
 2.33685221e-01 2.33685221e-01 2.34644914e-01 2.34644914e-01
 2.37044146e-01 2.37044146e-01 2.38963532e-01 2.38963532e-01
 2.43282150e-01 2.43282150e-01 2.43761996e-01 2.43761996e-01
 2.47120921e-01 2.47120921e-01 2.59117083e-01 2.59117083e-01
 2.66794626e-01 2.66794626e-01 2.69193858e-01 2.69193858e-01
 2.73992322e-01 2.73992322e-01 2.76871401e-01 2.76871401e-01
 2.77831094e-01 2.77831094e-01 2.81190019e-01 2.81190019e-01
 2.98944338e-01 2.98944338e-01 3.00863724e-01 3.00863724e-01
 3.01343570e-01 3.01343570e-01 3.04702495e-01 3.04702495e-01
 3.10460653e-01 3.10460653e-01 3.11420345e-01 3.11420345e-01
 3.19577735e-01 3.19577735e-01 3.26295585e-01 3.26295585e-01
 3.29174664e-01 3.29174664e-01 3.33973129e-01 3.33973129e-01
 3.44049904e-01 3.44049904e-01 3.47888676e-01 3.47888676e-01
 3.48368522e-01 3.48368522e-01 3.74280230e-01 3.74280230e-01
 3.87715931e-01 3.87715931e-01 3.96833013e-01 3.96833013e-01
 4.36180422e-01 4.36180422e-01 4.37140115e-01 4.37140115e-01
 4.68330134e-01 4.68330134e-01 4.72648752e-01 4.72648752e-01
 4.78886756e-01 4.78886756e-01 4.80806142e-01 4.80806142e-01
 4.81765835e-01 4.81765835e-01 4.91842610e-01 4.91842610e-01
 5.11996161e-01 5.11996161e-01 5.16314779e-01 5.16314779e-01
 5.49904031e-01 5.49904031e-01 5.52303263e-01 5.52303263e-01
 5.88291747e-01 5.88291747e-01 6.05566219e-01 6.06525912e-01
 6.18042226e-01 6.19001919e-01 6.22840691e-01 6.22840691e-01
 6.42514395e-01 6.42514395e-01 6.62667946e-01 6.62667946e-01
 6.77543186e-01 6.77543186e-01 6.90978887e-01 6.90978887e-01
 7.26967370e-01 7.28406910e-01 7.38483685e-01 7.38483685e-01
 9.07389635e-01 9.08829175e-01 9.18426104e-01 9.21785029e-01
 9.22744722e-01 9.23704415e-01 9.25143954e-01 9.26103647e-01
 9.46257198e-01 9.47216891e-01 1.00000000e+00]","[0.         0.         0.0104712  0.0104712  0.02094241 0.02094241
 0.02617801 0.02617801 0.02879581 0.02879581 0.03664921 0.03664921
 0.04450262 0.04450262 0.04973822 0.04973822 0.05235602 0.05235602
 0.07329843 0.07329843 0.08376963 0.08376963 0.09162304 0.09162304
 0.09947644 0.09947644 0.10732984 0.10732984 0.10994764 0.10994764
 0.11256545 0.11256545 0.11780105 0.11780105 0.12041885 0.12041885
 0.12565445 0.12565445 0.13612565 0.13612565 0.15445026 0.15445026
 0.15968586 0.15968586 0.16230366 0.16230366 0.16753927 0.16753927
 0.17539267 0.17539267 0.17801047 0.17801047 0.18586387 0.18586387
 0.19371728 0.19371728 0.19633508 0.19633508 0.20418848 0.20418848
 0.20942408 0.20942408 0.21465969 0.21465969 0.22251309 0.22251309
 0.2565445  0.2565445  0.26963351 0.26963351 0.27225131 0.27225131
 0.27748691 0.27748691 0.28534031 0.28534031 0.29057592 0.29057592
 0.30104712 0.30104712 0.30366492 0.30366492 0.32722513 0.32722513
 0.33246073 0.33246073 0.33769634 0.33769634 0.34554974 0.34554974
 0.34816754 0.34816754 0.36387435 0.36387435 0.37172775 0.37172775
 0.37958115 0.37958115 0.38219895 0.38219895 0.39267016 0.39267016
 0.40052356 0.40052356 0.41099476 0.41099476 0.41361257 0.41361257
 0.41623037 0.41623037 0.41884817 0.41884817 0.42408377 0.42408377
 0.42670157 0.42670157 0.42931937 0.42931937 0.43717277 0.43717277
 0.44240838 0.44240838 0.45811518 0.45811518 0.46596859 0.46596859
 0.47120419 0.47120419 0.48429319 0.48429319 0.48691099 0.48691099
 0.4973822  0.4973822  0.5026178  0.5026178  0.5052356  0.5052356
 0.51570681 0.51570681 0.51832461 0.51832461 0.52356021 0.52356021
 0.52617801 0.52617801 0.52879581 0.52879581 0.53664921 0.53664921
 0.54188482 0.54188482 0.54973822 0.54973822 0.55235602 0.55235602
 0.56806283 0.56806283 0.57068063 0.57068063 0.57591623 0.57591623
 0.57853403 0.57853403 0.58900524 0.58900524 0.59424084 0.59424084
 0.59947644 0.59947644 0.60209424 0.60209424 0.60471204 0.60471204
 0.61256545 0.61256545 0.61518325 0.61518325 0.62303665 0.62303665
 0.62565445 0.62565445 0.63089005 0.63089005 0.63612565 0.63612565
 0.63874346 0.63874346 0.64136126 0.64136126 0.64397906 0.64397906
 0.64659686 0.64659686 0.64921466 0.64921466 0.65445026 0.65445026
 0.65706806 0.65706806 0.65968586 0.65968586 0.66230366 0.66230366
 0.66492147 0.66492147 0.66753927 0.66753927 0.67277487 0.67277487
 0.67801047 0.67801047 0.68324607 0.68324607 0.68586387 0.68586387
 0.69633508 0.69633508 0.69895288 0.69895288 0.70418848 0.70418848
 0.71204188 0.71204188 0.71727749 0.71727749 0.71989529 0.71989529
 0.72251309 0.72251309 0.72513089 0.72513089 0.72774869 0.72774869
 0.73298429 0.73298429 0.73560209 0.73560209 0.7382199  0.7382199
 0.7434555  0.7434555  0.7486911  0.7486911  0.7513089  0.7513089
 0.7565445  0.7565445  0.7617801  0.7617801  0.76439791 0.76439791
 0.76963351 0.77486911 0.77486911 0.77748691 0.77748691 0.78010471
 0.78010471 0.78272251 0.78272251 0.78534031 0.78534031 0.78795812
 0.78795812 0.79057592 0.79057592 0.79319372 0.79319372 0.79581152
 0.79581152 0.79842932 0.79842932 0.80104712 0.80104712 0.80366492
 0.80366492 0.80628272 0.80628272 0.80890052 0.80890052 0.81151832
 0.81151832 0.81413613 0.81413613 0.81675393 0.81675393 0.81937173
 0.81937173 0.82198953 0.82198953 0.82460733 0.82460733 0.82722513
 0.82722513 0.82984293 0.82984293 0.83246073 0.83246073 0.83507853
 0.83507853 0.83769634 0.83769634 0.84031414 0.84031414 0.84816754
 0.84816754 0.85340314 0.85340314 0.85602094 0.85602094 0.85863874
 0.85863874 0.86125654 0.86125654 0.86649215 0.86649215 0.86910995
 0.86910995 0.87434555 0.87434555 0.87696335 0.87696335 0.87958115
 0.87958115 0.88219895 0.88219895 0.88481675 0.88481675 0.88743455
 0.88743455 0.89005236 0.89005236 0.89267016 0.89267016 0.89528796
 0.89528796 0.89790576 0.89790576 0.90052356 0.90052356 0.90314136
 0.90314136 0.90575916 0.90575916 0.90837696 0.90837696 0.91099476
 0.91099476 0.91361257 0.91361257 0.91623037 0.91623037 0.91884817
 0.91884817 0.92146597 0.92146597 0.92408377 0.92408377 0.92670157
 0.92670157 0.92931937 0.92931937 0.93193717 0.93193717 0.93455497
 0.93455497 0.93717277 0.93717277 0.93979058 0.93979058 0.94240838
 0.94240838 0.94502618 0.94502618 0.94764398 0.94764398 0.95026178
 0.95026178 0.95287958 0.95287958 0.95549738 0.95549738 0.95811518
 0.95811518 0.96073298 0.96073298 0.96335079 0.96335079 0.96596859
 0.96596859 0.96858639 0.96858639 0.97120419 0.97120419 0.97382199
 0.97382199 0.97905759 0.97905759 0.98167539 0.98167539 0.98429319
 0.98429319 0.98429319 0.98429319 0.98429319 0.98429319 0.98691099
 0.98691099 0.9895288  0.9895288  0.9921466  0.9921466  0.9947644
 0.9947644  0.9973822  0.9973822  0.9973822  0.9973822  1.
 1.         1.         1.         1.         1.         1.
 1.         1.         1.         1.         1.        ]",0.8990727155791822
SVM,undersampling,0.8527980535279805,0.5166959578207382,0.7696335078534031,0.6182965299684543,"[0.00000000e+00 0.00000000e+00 0.00000000e+00 4.79846449e-04
 4.79846449e-04 9.59692898e-04 9.59692898e-04 1.91938580e-03
 1.91938580e-03 2.39923225e-03 2.39923225e-03 2.87907869e-03
 2.87907869e-03 3.83877159e-03 3.83877159e-03 4.31861804e-03
 4.31861804e-03 4.79846449e-03 4.79846449e-03 5.27831094e-03
 5.27831094e-03 6.71785029e-03 6.71785029e-03 7.19769674e-03
 7.19769674e-03 7.67754319e-03 7.67754319e-03 8.63723608e-03
 8.63723608e-03 9.11708253e-03 9.11708253e-03 9.59692898e-03
 9.59692898e-03 1.00767754e-02 1.00767754e-02 1.05566219e-02
 1.05566219e-02 1.19961612e-02 1.19961612e-02 1.24760077e-02
 1.24760077e-02 1.29558541e-02 1.29558541e-02 1.34357006e-02
 1.34357006e-02 1.39155470e-02 1.39155470e-02 1.43953935e-02
 1.43953935e-02 1.48752399e-02 1.48752399e-02 1.58349328e-02
 1.58349328e-02 1.63147793e-02 1.63147793e-02 1.67946257e-02
 1.67946257e-02 1.82341651e-02 1.82341651e-02 1.87140115e-02
 1.87140115e-02 1.91938580e-02 1.91938580e-02 1.96737044e-02
 1.96737044e-02 2.01535509e-02 2.01535509e-02 2.06333973e-02
 2.06333973e-02 2.15930902e-02 2.15930902e-02 2.20729367e-02
 2.20729367e-02 2.25527831e-02 2.25527831e-02 2.39923225e-02
 2.39923225e-02 2.49520154e-02 2.49520154e-02 2.68714012e-02
 2.68714012e-02 2.78310940e-02 2.78310940e-02 2.83109405e-02
 2.83109405e-02 2.87907869e-02 2.87907869e-02 2.92706334e-02
 2.92706334e-02 2.97504798e-02 2.97504798e-02 3.07101727e-02
 3.07101727e-02 3.16698656e-02 3.16698656e-02 3.26295585e-02
 3.26295585e-02 3.45489443e-02 3.45489443e-02 3.55086372e-02
 3.55086372e-02 3.59884837e-02 3.59884837e-02 3.64683301e-02
 3.64683301e-02 3.69481766e-02 3.69481766e-02 3.79078695e-02
 3.79078695e-02 3.88675624e-02 3.88675624e-02 3.93474088e-02
 3.93474088e-02 4.03071017e-02 4.03071017e-02 4.12667946e-02
 4.12667946e-02 4.22264875e-02 4.22264875e-02 4.27063340e-02
 4.27063340e-02 4.31861804e-02 4.31861804e-02 4.36660269e-02
 4.36660269e-02 4.51055662e-02 4.51055662e-02 4.55854127e-02
 4.55854127e-02 4.65451056e-02 4.65451056e-02 4.75047985e-02
 4.75047985e-02 4.79846449e-02 4.79846449e-02 4.84644914e-02
 4.84644914e-02 4.94241843e-02 4.94241843e-02 4.99040307e-02
 4.99040307e-02 5.18234165e-02 5.18234165e-02 5.23032630e-02
 5.23032630e-02 5.27831094e-02 5.27831094e-02 5.32629559e-02
 5.32629559e-02 5.37428023e-02 5.37428023e-02 5.56621881e-02
 5.56621881e-02 5.66218810e-02 5.66218810e-02 5.75815739e-02
 5.75815739e-02 5.90211132e-02 5.90211132e-02 5.95009597e-02
 5.95009597e-02 5.99808061e-02 5.99808061e-02 6.14203455e-02
 6.14203455e-02 6.19001919e-02 6.19001919e-02 6.28598848e-02
 6.28598848e-02 6.57389635e-02 6.57389635e-02 6.62188100e-02
 6.62188100e-02 6.66986564e-02 6.66986564e-02 6.81381958e-02
 6.81381958e-02 6.86180422e-02 6.86180422e-02 7.10172745e-02
 7.10172745e-02 7.24568138e-02 7.24568138e-02 7.34165067e-02
 7.34165067e-02 7.38963532e-02 7.38963532e-02 7.53358925e-02
 7.53358925e-02 7.62955854e-02 7.62955854e-02 7.77351248e-02
 7.77351248e-02 7.82149712e-02 7.82149712e-02 8.30134357e-02
 8.30134357e-02 8.63723608e-02 8.63723608e-02 8.82917466e-02
 8.82917466e-02 9.06909789e-02 9.06909789e-02 9.11708253e-02
 9.11708253e-02 9.21305182e-02 9.21305182e-02 9.30902111e-02
 9.30902111e-02 9.74088292e-02 9.74088292e-02 1.02207294e-01
 1.02207294e-01 1.02687140e-01 1.02687140e-01 1.04126679e-01
 1.04126679e-01 1.04606526e-01 1.04606526e-01 1.06046065e-01
 1.06046065e-01 1.08445298e-01 1.08445298e-01 1.08925144e-01
 1.08925144e-01 1.12284069e-01 1.12284069e-01 1.16602687e-01
 1.16602687e-01 1.17562380e-01 1.17562380e-01 1.18042226e-01
 1.18042226e-01 1.23320537e-01 1.23320537e-01 1.23800384e-01
 1.23800384e-01 1.24280230e-01 1.24280230e-01 1.26199616e-01
 1.26199616e-01 1.27159309e-01 1.27159309e-01 1.27639155e-01
 1.27639155e-01 1.29078695e-01 1.29078695e-01 1.30518234e-01
 1.30518234e-01 1.31477927e-01 1.31477927e-01 1.34836852e-01
 1.34836852e-01 1.37236084e-01 1.37236084e-01 1.38195777e-01
 1.38195777e-01 1.40115163e-01 1.43474088e-01 1.43474088e-01
 1.44913628e-01 1.44913628e-01 1.48752399e-01 1.48752399e-01
 1.50191939e-01 1.50191939e-01 1.53550864e-01 1.53550864e-01
 1.54030710e-01 1.54030710e-01 1.57869482e-01 1.57869482e-01
 1.61228407e-01 1.61228407e-01 1.63147793e-01 1.63147793e-01
 1.63627639e-01 1.63627639e-01 1.68426104e-01 1.68426104e-01
 1.69385797e-01 1.69385797e-01 1.72264875e-01 1.72264875e-01
 1.73704415e-01 1.73704415e-01 1.75143954e-01 1.75143954e-01
 1.81861804e-01 1.81861804e-01 1.83781190e-01 1.83781190e-01
 1.87140115e-01 1.87140115e-01 1.90019194e-01 1.90019194e-01
 1.91458733e-01 1.91458733e-01 1.93378119e-01 1.93378119e-01
 1.95297505e-01 1.95297505e-01 1.97696737e-01 1.97696737e-01
 1.99616123e-01 1.99616123e-01 2.00575816e-01 2.00575816e-01
 2.01055662e-01 2.01055662e-01 2.06333973e-01 2.06333973e-01
 2.12571977e-01 2.12571977e-01 2.15930902e-01 2.15930902e-01
 2.16410749e-01 2.16410749e-01 2.18330134e-01 2.18330134e-01
 2.26967370e-01 2.26967370e-01 2.28886756e-01 2.28886756e-01
 2.31285988e-01 2.31285988e-01 2.32725528e-01 2.32725528e-01
 2.38963532e-01 2.38963532e-01 2.47120921e-01 2.47120921e-01
 2.51439539e-01 2.51439539e-01 2.51919386e-01 2.51919386e-01
 2.53358925e-01 2.53358925e-01 2.67754319e-01 2.67754319e-01
 2.70633397e-01 2.70633397e-01 2.73032630e-01 2.73032630e-01
 2.90786948e-01 2.90786948e-01 2.93666027e-01 2.93666027e-01
 2.96545106e-01 2.96545106e-01 3.01343570e-01 3.01343570e-01
 3.06142035e-01 3.06142035e-01 3.15259117e-01 3.15259117e-01
 3.16218810e-01 3.16218810e-01 3.20057582e-01 3.20057582e-01
 3.20537428e-01 3.20537428e-01 3.30134357e-01 3.30134357e-01
 3.56525912e-01 3.56525912e-01 3.70441459e-01 3.70441459e-01
 4.04510557e-01 4.04510557e-01 4.18426104e-01 4.18426104e-01
 4.40978887e-01 4.40978887e-01 4.44817658e-01 4.44817658e-01
 4.62571977e-01 4.62571977e-01 4.73128599e-01 4.73128599e-01
 4.79846449e-01 4.79846449e-01 4.81765835e-01 4.82725528e-01
 4.83685221e-01 4.83685221e-01 4.84165067e-01 4.84165067e-01
 4.92802303e-01 4.92802303e-01 5.03358925e-01 5.03358925e-01
 5.39827255e-01 5.40786948e-01 5.42226488e-01 5.42226488e-01
 6.00287908e-01 6.00287908e-01 6.37236084e-01 6.37236084e-01
 6.40595010e-01 6.40595010e-01 6.56429942e-01 6.56429942e-01
 7.05374280e-01 7.05374280e-01 7.27927063e-01 7.29366603e-01
 7.32725528e-01 7.32725528e-01 7.62955854e-01 7.62955854e-01
 7.91266795e-01 7.92226488e-01 7.92226488e-01 8.02783109e-01
 8.02783109e-01 8.45009597e-01 8.45009597e-01 8.56046065e-01
 8.56046065e-01 8.61804223e-01 8.61804223e-01 8.63243762e-01
 8.76199616e-01 8.77159309e-01 8.93474088e-01 8.94433781e-01
 9.07869482e-01 9.11228407e-01 9.50095969e-01 9.50095969e-01
 1.00000000e+00]","[0.         0.0026178  0.0052356  0.0052356  0.01308901 0.01308901
 0.01570681 0.01570681 0.02094241 0.02094241 0.02356021 0.02356021
 0.02617801 0.02617801 0.03403141 0.03403141 0.05759162 0.05759162
 0.07068063 0.07068063 0.08376963 0.08376963 0.08638743 0.08638743
 0.10209424 0.10209424 0.10471204 0.10471204 0.11518325 0.11518325
 0.12041885 0.12041885 0.12565445 0.12565445 0.12827225 0.12827225
 0.13874346 0.13874346 0.15445026 0.15445026 0.15706806 0.15706806
 0.18324607 0.18324607 0.19109948 0.19109948 0.19371728 0.19371728
 0.19633508 0.19633508 0.19895288 0.19895288 0.20418848 0.20418848
 0.20942408 0.20942408 0.22251309 0.22251309 0.23036649 0.23036649
 0.23298429 0.23298429 0.23560209 0.23560209 0.2382199  0.2382199
 0.28272251 0.28272251 0.28534031 0.28534031 0.30104712 0.30104712
 0.30366492 0.30366492 0.31151832 0.31151832 0.31675393 0.31675393
 0.31937173 0.31937173 0.32460733 0.32460733 0.33507853 0.33507853
 0.33769634 0.33769634 0.34031414 0.34031414 0.34293194 0.34293194
 0.35340314 0.35340314 0.35863874 0.35863874 0.36387435 0.36387435
 0.37434555 0.37434555 0.37696335 0.37696335 0.37958115 0.37958115
 0.38219895 0.38219895 0.38481675 0.38481675 0.40575916 0.40575916
 0.40837696 0.40837696 0.41099476 0.41099476 0.41361257 0.41361257
 0.42146597 0.42146597 0.42931937 0.42931937 0.43193717 0.43193717
 0.43717277 0.43717277 0.44502618 0.44502618 0.45549738 0.45549738
 0.45811518 0.45811518 0.46073298 0.46073298 0.46596859 0.46596859
 0.47382199 0.47382199 0.47643979 0.47643979 0.48691099 0.48691099
 0.4895288  0.4895288  0.4947644  0.4947644  0.4973822  0.4973822
 0.5        0.5        0.5052356  0.5052356  0.5078534  0.5078534
 0.5104712  0.5104712  0.52879581 0.52879581 0.53926702 0.53926702
 0.54188482 0.54188482 0.54712042 0.54712042 0.55497382 0.55497382
 0.55759162 0.55759162 0.57853403 0.57853403 0.59424084 0.59424084
 0.60471204 0.60471204 0.60994764 0.60994764 0.61518325 0.61518325
 0.62041885 0.62041885 0.62303665 0.62303665 0.63089005 0.63089005
 0.63350785 0.63350785 0.63612565 0.63612565 0.65183246 0.65183246
 0.65445026 0.65445026 0.65706806 0.65706806 0.66492147 0.66492147
 0.67539267 0.67539267 0.67801047 0.67801047 0.68062827 0.68062827
 0.68324607 0.68324607 0.68848168 0.68848168 0.69109948 0.69109948
 0.69371728 0.69371728 0.69633508 0.69633508 0.69895288 0.69895288
 0.70418848 0.70418848 0.70680628 0.70680628 0.70942408 0.70942408
 0.71204188 0.71204188 0.71465969 0.71465969 0.71989529 0.71989529
 0.72251309 0.72251309 0.72513089 0.72513089 0.73560209 0.73560209
 0.7382199  0.7382199  0.7408377  0.7408377  0.7434555  0.7434555
 0.7460733  0.7460733  0.7486911  0.7486911  0.7513089  0.7513089
 0.7539267  0.7539267  0.7565445  0.7565445  0.7591623  0.7591623
 0.76439791 0.76439791 0.76701571 0.76701571 0.76963351 0.76963351
 0.77225131 0.77225131 0.77748691 0.77748691 0.78010471 0.78534031
 0.78534031 0.78795812 0.78795812 0.79319372 0.79319372 0.79581152
 0.79581152 0.79842932 0.79842932 0.80104712 0.80104712 0.80366492
 0.80366492 0.80628272 0.80628272 0.80890052 0.80890052 0.81151832
 0.81151832 0.81413613 0.81413613 0.81675393 0.81675393 0.81937173
 0.81937173 0.82198953 0.82198953 0.82460733 0.82460733 0.82722513
 0.82722513 0.82984293 0.82984293 0.83246073 0.83246073 0.83507853
 0.83507853 0.83769634 0.83769634 0.84031414 0.84031414 0.84293194
 0.84293194 0.84554974 0.84554974 0.84816754 0.84816754 0.85078534
 0.85078534 0.85340314 0.85340314 0.85602094 0.85602094 0.85863874
 0.85863874 0.86125654 0.86125654 0.86387435 0.86387435 0.86649215
 0.86649215 0.86910995 0.86910995 0.87172775 0.87172775 0.87434555
 0.87434555 0.87696335 0.87696335 0.87958115 0.87958115 0.88219895
 0.88219895 0.88481675 0.88481675 0.88743455 0.88743455 0.89005236
 0.89005236 0.89267016 0.89267016 0.89528796 0.89528796 0.90052356
 0.90052356 0.90314136 0.90314136 0.90575916 0.90575916 0.90837696
 0.90837696 0.91099476 0.91099476 0.91361257 0.91361257 0.91623037
 0.91623037 0.91884817 0.91884817 0.92146597 0.92146597 0.92408377
 0.92408377 0.92670157 0.92670157 0.92931937 0.92931937 0.93193717
 0.93193717 0.93455497 0.93455497 0.93717277 0.93717277 0.93979058
 0.93979058 0.94240838 0.94240838 0.94502618 0.94502618 0.94764398
 0.94764398 0.95026178 0.95026178 0.95287958 0.95287958 0.95287958
 0.95287958 0.95549738 0.95549738 0.95811518 0.95811518 0.96073298
 0.96073298 0.96335079 0.96335079 0.96335079 0.96335079 0.96596859
 0.96596859 0.96858639 0.96858639 0.97120419 0.97120419 0.97382199
 0.97382199 0.97643979 0.97643979 0.97905759 0.97905759 0.97905759
 0.97905759 0.98167539 0.98167539 0.98429319 0.98429319 0.98429319
 0.98691099 0.98691099 0.9895288  0.9895288  0.9921466  0.9921466
 0.9947644  0.9947644  0.9973822  0.9973822  0.9973822  0.9973822
 0.9973822  0.9973822  0.9973822  0.9973822  0.9973822  1.
 1.        ]",0.8913914039653908
LogisticRegression,base,0.8799675587996756,0.7287234042553191,0.3586387434554974,0.4807017543859649,"[0.00000000e+00 0.00000000e+00 0.00000000e+00 4.79846449e-04
 4.79846449e-04 9.59692898e-04 9.59692898e-04 1.43953935e-03
 1.43953935e-03 1.91938580e-03 1.91938580e-03 2.87907869e-03
 2.87907869e-03 3.35892514e-03 3.35892514e-03 3.83877159e-03
 3.83877159e-03 4.31861804e-03 4.31861804e-03 4.79846449e-03
 4.79846449e-03 5.27831094e-03 5.27831094e-03 5.75815739e-03
 5.75815739e-03 6.23800384e-03 6.23800384e-03 6.71785029e-03
 6.71785029e-03 7.19769674e-03 7.19769674e-03 7.67754319e-03
 7.67754319e-03 8.63723608e-03 8.63723608e-03 9.11708253e-03
 9.11708253e-03 1.00767754e-02 1.00767754e-02 1.10364683e-02
 1.10364683e-02 1.15163148e-02 1.15163148e-02 1.29558541e-02
 1.29558541e-02 1.34357006e-02 1.34357006e-02 1.39155470e-02
 1.39155470e-02 1.48752399e-02 1.48752399e-02 1.58349328e-02
 1.58349328e-02 1.67946257e-02 1.67946257e-02 1.77543186e-02
 1.77543186e-02 1.87140115e-02 1.87140115e-02 1.91938580e-02
 1.91938580e-02 1.96737044e-02 1.96737044e-02 2.06333973e-02
 2.06333973e-02 2.11132438e-02 2.11132438e-02 2.39923225e-02
 2.39923225e-02 2.44721689e-02 2.44721689e-02 2.49520154e-02
 2.49520154e-02 2.54318618e-02 2.54318618e-02 2.59117083e-02
 2.59117083e-02 2.73512476e-02 2.73512476e-02 2.78310940e-02
 2.78310940e-02 2.83109405e-02 2.83109405e-02 2.92706334e-02
 2.92706334e-02 3.02303263e-02 3.02303263e-02 3.16698656e-02
 3.16698656e-02 3.26295585e-02 3.26295585e-02 3.35892514e-02
 3.35892514e-02 3.40690979e-02 3.40690979e-02 3.45489443e-02
 3.45489443e-02 3.50287908e-02 3.50287908e-02 3.55086372e-02
 3.55086372e-02 3.59884837e-02 3.59884837e-02 3.64683301e-02
 3.64683301e-02 3.69481766e-02 3.69481766e-02 3.74280230e-02
 3.74280230e-02 3.83877159e-02 3.83877159e-02 3.93474088e-02
 3.93474088e-02 4.17466411e-02 4.17466411e-02 4.31861804e-02
 4.31861804e-02 4.41458733e-02 4.41458733e-02 4.46257198e-02
 4.46257198e-02 4.55854127e-02 4.55854127e-02 4.60652591e-02
 4.60652591e-02 4.65451056e-02 4.65451056e-02 4.70249520e-02
 4.70249520e-02 4.94241843e-02 4.94241843e-02 4.99040307e-02
 4.99040307e-02 5.18234165e-02 5.18234165e-02 5.56621881e-02
 5.56621881e-02 5.75815739e-02 5.75815739e-02 5.90211132e-02
 5.90211132e-02 5.99808061e-02 5.99808061e-02 6.09404990e-02
 6.09404990e-02 6.19001919e-02 6.19001919e-02 6.23800384e-02
 6.23800384e-02 6.38195777e-02 6.38195777e-02 6.52591171e-02
 6.52591171e-02 6.62188100e-02 6.62188100e-02 6.71785029e-02
 6.71785029e-02 6.76583493e-02 6.76583493e-02 6.86180422e-02
 6.86180422e-02 6.95777351e-02 6.95777351e-02 7.00575816e-02
 7.00575816e-02 7.10172745e-02 7.10172745e-02 7.38963532e-02
 7.38963532e-02 7.48560461e-02 7.48560461e-02 7.58157390e-02
 7.58157390e-02 7.62955854e-02 7.62955854e-02 7.77351248e-02
 7.77351248e-02 8.10940499e-02 8.10940499e-02 8.39731286e-02
 8.39731286e-02 8.44529750e-02 8.44529750e-02 8.87715931e-02
 8.87715931e-02 9.93282150e-02 9.93282150e-02 1.00767754e-01
 1.00767754e-01 1.02687140e-01 1.02687140e-01 1.05086372e-01
 1.05086372e-01 1.06525912e-01 1.06525912e-01 1.07485605e-01
 1.07485605e-01 1.07965451e-01 1.07965451e-01 1.08925144e-01
 1.08925144e-01 1.11804223e-01 1.11804223e-01 1.12284069e-01
 1.12284069e-01 1.16602687e-01 1.16602687e-01 1.19481766e-01
 1.19481766e-01 1.22840691e-01 1.22840691e-01 1.23320537e-01
 1.23320537e-01 1.24280230e-01 1.24280230e-01 1.25719770e-01
 1.25719770e-01 1.26199616e-01 1.26199616e-01 1.28598848e-01
 1.28598848e-01 1.29558541e-01 1.29558541e-01 1.30038388e-01
 1.30038388e-01 1.33397313e-01 1.33397313e-01 1.37715931e-01
 1.37715931e-01 1.38675624e-01 1.38675624e-01 1.39635317e-01
 1.39635317e-01 1.49232246e-01 1.49232246e-01 1.52111324e-01
 1.52111324e-01 1.55950096e-01 1.55950096e-01 1.57389635e-01
 1.57389635e-01 1.57869482e-01 1.57869482e-01 1.59788868e-01
 1.59788868e-01 1.60268714e-01 1.60268714e-01 1.68905950e-01
 1.68905950e-01 1.70345489e-01 1.70345489e-01 1.71305182e-01
 1.71305182e-01 1.71785029e-01 1.71785029e-01 1.72264875e-01
 1.72264875e-01 1.73704415e-01 1.73704415e-01 1.74184261e-01
 1.74184261e-01 1.76103647e-01 1.76103647e-01 1.76583493e-01
 1.76583493e-01 1.79462572e-01 1.79462572e-01 1.85220729e-01
 1.85220729e-01 1.86180422e-01 1.86180422e-01 2.01055662e-01
 2.01055662e-01 2.06333973e-01 2.06333973e-01 2.06813820e-01
 2.06813820e-01 2.14011516e-01 2.14011516e-01 2.21689060e-01
 2.21689060e-01 2.22648752e-01 2.22648752e-01 2.25047985e-01
 2.25047985e-01 2.29366603e-01 2.29366603e-01 2.30326296e-01
 2.30326296e-01 2.30806142e-01 2.30806142e-01 2.35604607e-01
 2.35604607e-01 2.45201536e-01 2.45201536e-01 2.48080614e-01
 2.48080614e-01 2.48560461e-01 2.48560461e-01 2.55278311e-01
 2.55278311e-01 2.64395393e-01 2.64395393e-01 2.65355086e-01
 2.65355086e-01 2.65834933e-01 2.65834933e-01 2.66794626e-01
 2.66794626e-01 2.72072937e-01 2.72072937e-01 2.73512476e-01
 2.73512476e-01 2.75911708e-01 2.75911708e-01 2.78790787e-01
 2.78790787e-01 2.84069098e-01 2.84069098e-01 2.84548944e-01
 2.84548944e-01 2.87907869e-01 2.87907869e-01 2.90307102e-01
 2.90307102e-01 2.91266795e-01 2.91266795e-01 2.91746641e-01
 2.91746641e-01 2.98464491e-01 2.98464491e-01 2.98944338e-01
 2.98944338e-01 3.02783109e-01 3.02783109e-01 3.06142035e-01
 3.06142035e-01 3.07101727e-01 3.07101727e-01 3.14299424e-01
 3.14299424e-01 3.16698656e-01 3.16698656e-01 3.20537428e-01
 3.20537428e-01 3.27255278e-01 3.27255278e-01 3.48848369e-01
 3.48848369e-01 3.56525912e-01 3.56525912e-01 3.66122841e-01
 3.66122841e-01 3.78598848e-01 3.78598848e-01 4.00671785e-01
 4.00671785e-01 4.20345489e-01 4.20345489e-01 4.25143954e-01
 4.25143954e-01 4.34261036e-01 4.34261036e-01 4.36180422e-01
 4.36180422e-01 4.40499040e-01 4.40499040e-01 4.91842610e-01
 4.91842610e-01 4.98560461e-01 4.98560461e-01 5.18714012e-01
 5.18714012e-01 5.27351248e-01 5.27351248e-01 5.41746641e-01
 5.41746641e-01 5.49424184e-01 5.49424184e-01 5.56142035e-01
 5.56142035e-01 5.76295585e-01 5.76295585e-01 5.81094050e-01
 5.81094050e-01 6.45393474e-01 6.45393474e-01 6.88579655e-01
 6.88579655e-01 7.17850288e-01 7.17850288e-01 7.29366603e-01
 7.29366603e-01 7.41362764e-01 7.41362764e-01 7.81190019e-01
 7.81190019e-01 7.90307102e-01 7.90307102e-01 8.38291747e-01
 8.38291747e-01 8.40690979e-01 8.40690979e-01 8.88675624e-01
 8.88675624e-01 9.27543186e-01 9.27543186e-01 9.42898273e-01
 9.44337812e-01 9.62571977e-01 9.63531670e-01 9.67370441e-01
 9.68330134e-01 9.68809981e-01 9.69769674e-01 9.72168906e-01
 9.75527831e-01 9.83205374e-01 9.85124760e-01 9.85604607e-01
 9.87044146e-01 1.00000000e+00]","[0.         0.0026178  0.0052356  0.0052356  0.0078534  0.0078534
 0.0104712  0.0104712  0.02356021 0.02356021 0.06020942 0.06020942
 0.06282723 0.06282723 0.06806283 0.06806283 0.07853403 0.07853403
 0.09162304 0.09162304 0.10471204 0.10471204 0.12565445 0.12565445
 0.14659686 0.14659686 0.14921466 0.14921466 0.15445026 0.15445026
 0.16230366 0.16230366 0.16753927 0.16753927 0.19109948 0.19109948
 0.21727749 0.21727749 0.2408377  0.2408377  0.2591623  0.2591623
 0.2617801  0.2617801  0.26439791 0.26439791 0.26963351 0.26963351
 0.27225131 0.27225131 0.28272251 0.28272251 0.29581152 0.29581152
 0.30366492 0.30366492 0.31937173 0.31937173 0.32460733 0.32460733
 0.32984293 0.32984293 0.33507853 0.33507853 0.34031414 0.34031414
 0.34554974 0.34554974 0.35602094 0.35602094 0.36125654 0.36125654
 0.36910995 0.36910995 0.38219895 0.38219895 0.38743455 0.38743455
 0.39528796 0.39528796 0.40575916 0.40575916 0.40837696 0.40837696
 0.42146597 0.42146597 0.42931937 0.42931937 0.43717277 0.43717277
 0.44240838 0.44240838 0.44502618 0.44502618 0.46596859 0.46596859
 0.47120419 0.47120419 0.47643979 0.47643979 0.47905759 0.47905759
 0.48429319 0.48429319 0.4895288  0.4895288  0.4947644  0.4947644
 0.4973822  0.4973822  0.5        0.5        0.51308901 0.51308901
 0.51570681 0.51570681 0.52094241 0.52094241 0.54188482 0.54188482
 0.54450262 0.54450262 0.55235602 0.55235602 0.55759162 0.55759162
 0.56282723 0.56282723 0.56544503 0.56544503 0.56806283 0.56806283
 0.57068063 0.57068063 0.57853403 0.57853403 0.58115183 0.58115183
 0.58376963 0.58376963 0.58638743 0.58638743 0.58900524 0.58900524
 0.59162304 0.59162304 0.59685864 0.59685864 0.60209424 0.60209424
 0.60471204 0.60471204 0.60732984 0.60732984 0.61518325 0.61518325
 0.61780105 0.61780105 0.62041885 0.62041885 0.62303665 0.62303665
 0.62827225 0.62827225 0.63089005 0.63089005 0.64136126 0.64136126
 0.64397906 0.64397906 0.64659686 0.64659686 0.65183246 0.65183246
 0.65445026 0.65445026 0.65706806 0.65706806 0.65968586 0.65968586
 0.66230366 0.66230366 0.66492147 0.66492147 0.66753927 0.66753927
 0.67015707 0.67015707 0.67277487 0.67277487 0.67801047 0.67801047
 0.68062827 0.68062827 0.68586387 0.68586387 0.69109948 0.69109948
 0.69371728 0.69371728 0.69633508 0.69633508 0.70157068 0.70157068
 0.70418848 0.70418848 0.70680628 0.70680628 0.70942408 0.70942408
 0.71204188 0.71204188 0.71727749 0.71727749 0.72251309 0.72251309
 0.72513089 0.72513089 0.72774869 0.72774869 0.73560209 0.73560209
 0.7382199  0.7382199  0.7408377  0.7408377  0.7434555  0.7434555
 0.7460733  0.7460733  0.7486911  0.7486911  0.7513089  0.7513089
 0.7539267  0.7539267  0.7565445  0.7565445  0.7617801  0.7617801
 0.76439791 0.76439791 0.76701571 0.76701571 0.76963351 0.76963351
 0.77225131 0.77225131 0.77486911 0.77486911 0.77748691 0.77748691
 0.78010471 0.78010471 0.78272251 0.78272251 0.78534031 0.78534031
 0.78795812 0.78795812 0.79057592 0.79057592 0.79319372 0.79319372
 0.79581152 0.79581152 0.79842932 0.79842932 0.80104712 0.80104712
 0.80366492 0.80366492 0.80628272 0.80628272 0.80890052 0.80890052
 0.81413613 0.81413613 0.81675393 0.81675393 0.81937173 0.81937173
 0.82198953 0.82198953 0.82460733 0.82460733 0.82722513 0.82722513
 0.82984293 0.82984293 0.83246073 0.83246073 0.83769634 0.83769634
 0.84031414 0.84031414 0.84293194 0.84293194 0.84554974 0.84554974
 0.84816754 0.84816754 0.85078534 0.85078534 0.85340314 0.85340314
 0.85602094 0.85602094 0.85863874 0.85863874 0.86125654 0.86125654
 0.86649215 0.86649215 0.86910995 0.86910995 0.87172775 0.87172775
 0.87434555 0.87434555 0.87696335 0.87696335 0.87958115 0.87958115
 0.88219895 0.88219895 0.89005236 0.89005236 0.89267016 0.89267016
 0.89790576 0.89790576 0.90314136 0.90314136 0.90575916 0.90575916
 0.90837696 0.90837696 0.91099476 0.91099476 0.91361257 0.91361257
 0.91623037 0.91623037 0.91884817 0.91884817 0.92146597 0.92146597
 0.92408377 0.92408377 0.92670157 0.92670157 0.92931937 0.92931937
 0.93193717 0.93193717 0.93455497 0.93455497 0.93717277 0.93717277
 0.93979058 0.93979058 0.94240838 0.94240838 0.94502618 0.94502618
 0.94764398 0.94764398 0.95026178 0.95026178 0.95287958 0.95287958
 0.95549738 0.95549738 0.95811518 0.95811518 0.96073298 0.96073298
 0.96335079 0.96335079 0.96596859 0.96596859 0.96858639 0.96858639
 0.97120419 0.97120419 0.97382199 0.97382199 0.97643979 0.97643979
 0.97905759 0.97905759 0.98167539 0.98167539 0.98429319 0.98429319
 0.98691099 0.98691099 0.9895288  0.9895288  0.9921466  0.9921466
 0.9947644  0.9947644  0.9973822  0.9973822  1.         1.
 1.         1.         1.         1.         1.         1.
 1.         1.         1.         1.         1.         1.
 1.         1.        ]",0.886827838128448
LogisticRegression,oversampling,0.8544201135442011,0.5211786372007366,0.7408376963350786,0.6118918918918919,"[0.00000000e+00 0.00000000e+00 0.00000000e+00 4.79846449e-04
 4.79846449e-04 9.59692898e-04 9.59692898e-04 1.43953935e-03
 1.43953935e-03 1.91938580e-03 1.91938580e-03 2.39923225e-03
 2.39923225e-03 2.87907869e-03 2.87907869e-03 3.35892514e-03
 3.35892514e-03 3.83877159e-03 3.83877159e-03 4.31861804e-03
 4.31861804e-03 4.79846449e-03 4.79846449e-03 5.27831094e-03
 5.27831094e-03 5.75815739e-03 5.75815739e-03 6.23800384e-03
 6.23800384e-03 6.71785029e-03 6.71785029e-03 7.67754319e-03
 7.67754319e-03 8.15738964e-03 8.15738964e-03 9.11708253e-03
 9.11708253e-03 9.59692898e-03 9.59692898e-03 1.00767754e-02
 1.00767754e-02 1.10364683e-02 1.10364683e-02 1.15163148e-02
 1.15163148e-02 1.19961612e-02 1.19961612e-02 1.34357006e-02
 1.34357006e-02 1.43953935e-02 1.43953935e-02 1.48752399e-02
 1.48752399e-02 1.58349328e-02 1.58349328e-02 1.63147793e-02
 1.63147793e-02 1.67946257e-02 1.67946257e-02 1.91938580e-02
 1.91938580e-02 2.01535509e-02 2.01535509e-02 2.15930902e-02
 2.15930902e-02 2.30326296e-02 2.30326296e-02 2.35124760e-02
 2.35124760e-02 2.49520154e-02 2.49520154e-02 2.54318618e-02
 2.54318618e-02 2.68714012e-02 2.68714012e-02 2.78310940e-02
 2.78310940e-02 2.83109405e-02 2.83109405e-02 2.92706334e-02
 2.92706334e-02 2.97504798e-02 2.97504798e-02 3.02303263e-02
 3.02303263e-02 3.07101727e-02 3.07101727e-02 3.11900192e-02
 3.11900192e-02 3.16698656e-02 3.16698656e-02 3.21497121e-02
 3.21497121e-02 3.26295585e-02 3.26295585e-02 3.35892514e-02
 3.35892514e-02 3.40690979e-02 3.40690979e-02 3.50287908e-02
 3.50287908e-02 3.55086372e-02 3.55086372e-02 3.59884837e-02
 3.59884837e-02 3.64683301e-02 3.64683301e-02 3.74280230e-02
 3.74280230e-02 3.79078695e-02 3.79078695e-02 3.83877159e-02
 3.83877159e-02 3.98272553e-02 3.98272553e-02 4.12667946e-02
 4.12667946e-02 4.17466411e-02 4.17466411e-02 4.22264875e-02
 4.22264875e-02 4.51055662e-02 4.51055662e-02 4.55854127e-02
 4.55854127e-02 4.60652591e-02 4.60652591e-02 4.65451056e-02
 4.65451056e-02 4.70249520e-02 4.70249520e-02 4.89443378e-02
 4.89443378e-02 5.03838772e-02 5.03838772e-02 5.13435701e-02
 5.13435701e-02 5.18234165e-02 5.18234165e-02 5.27831094e-02
 5.27831094e-02 5.61420345e-02 5.61420345e-02 5.71017274e-02
 5.71017274e-02 5.80614203e-02 5.80614203e-02 5.85412668e-02
 5.85412668e-02 6.04606526e-02 6.04606526e-02 6.09404990e-02
 6.09404990e-02 6.28598848e-02 6.28598848e-02 6.33397313e-02
 6.33397313e-02 6.52591171e-02 6.52591171e-02 6.57389635e-02
 6.57389635e-02 6.71785029e-02 6.71785029e-02 6.76583493e-02
 6.76583493e-02 6.90978887e-02 6.90978887e-02 7.00575816e-02
 7.00575816e-02 7.05374280e-02 7.05374280e-02 7.24568138e-02
 7.24568138e-02 7.34165067e-02 7.34165067e-02 7.43761996e-02
 7.43761996e-02 7.58157390e-02 7.58157390e-02 7.67754319e-02
 7.67754319e-02 7.86948177e-02 7.86948177e-02 7.91746641e-02
 7.91746641e-02 8.06142035e-02 8.06142035e-02 8.15738964e-02
 8.15738964e-02 8.20537428e-02 8.20537428e-02 8.44529750e-02
 8.44529750e-02 8.49328215e-02 8.49328215e-02 8.87715931e-02
 8.87715931e-02 9.16506718e-02 9.16506718e-02 9.50095969e-02
 9.50095969e-02 9.83685221e-02 9.83685221e-02 9.93282150e-02
 9.93282150e-02 1.02687140e-01 1.02687140e-01 1.03166987e-01
 1.03166987e-01 1.04606526e-01 1.04606526e-01 1.05086372e-01
 1.05086372e-01 1.07005758e-01 1.07005758e-01 1.07485605e-01
 1.07485605e-01 1.10364683e-01 1.10364683e-01 1.11804223e-01
 1.11804223e-01 1.14203455e-01 1.14203455e-01 1.16122841e-01
 1.16122841e-01 1.16602687e-01 1.16602687e-01 1.18042226e-01
 1.18042226e-01 1.19961612e-01 1.19961612e-01 1.20921305e-01
 1.20921305e-01 1.25719770e-01 1.25719770e-01 1.26679463e-01
 1.26679463e-01 1.28598848e-01 1.28598848e-01 1.30038388e-01
 1.30038388e-01 1.30998081e-01 1.30998081e-01 1.34357006e-01
 1.34357006e-01 1.41554702e-01 1.41554702e-01 1.42034549e-01
 1.42034549e-01 1.47792706e-01 1.47792706e-01 1.48752399e-01
 1.48752399e-01 1.52111324e-01 1.52111324e-01 1.54990403e-01
 1.54990403e-01 1.60748560e-01 1.60748560e-01 1.61228407e-01
 1.61228407e-01 1.65547025e-01 1.65547025e-01 1.66506718e-01
 1.66506718e-01 1.68905950e-01 1.68905950e-01 1.69865643e-01
 1.69865643e-01 1.75623800e-01 1.75623800e-01 1.76103647e-01
 1.76103647e-01 1.77063340e-01 1.77063340e-01 1.78023033e-01
 1.78023033e-01 1.84261036e-01 1.84261036e-01 1.86180422e-01
 1.86180422e-01 1.90978887e-01 1.90978887e-01 1.98176583e-01
 1.98176583e-01 2.05374280e-01 2.05374280e-01 2.11132438e-01
 2.11132438e-01 2.17850288e-01 2.17850288e-01 2.18809981e-01
 2.18809981e-01 2.28406910e-01 2.28406910e-01 2.29846449e-01
 2.29846449e-01 2.33685221e-01 2.33685221e-01 2.36084453e-01
 2.36084453e-01 2.39443378e-01 2.39443378e-01 2.40882917e-01
 2.40882917e-01 2.42802303e-01 2.42802303e-01 2.44721689e-01
 2.44721689e-01 2.47600768e-01 2.47600768e-01 2.50000000e-01
 2.50000000e-01 2.50479846e-01 2.50479846e-01 2.52399232e-01
 2.52399232e-01 2.59596929e-01 2.59596929e-01 2.63915547e-01
 2.63915547e-01 2.65355086e-01 2.65355086e-01 2.66314779e-01
 2.66314779e-01 2.67274472e-01 2.67274472e-01 2.72072937e-01
 2.72072937e-01 2.76871401e-01 2.76871401e-01 2.79270633e-01
 2.79270633e-01 2.81669866e-01 2.81669866e-01 2.82629559e-01
 2.82629559e-01 2.84548944e-01 2.84548944e-01 2.89827255e-01
 2.89827255e-01 2.94145873e-01 2.94145873e-01 2.97984645e-01
 2.97984645e-01 3.00863724e-01 3.00863724e-01 3.11420345e-01
 3.11420345e-01 3.16218810e-01 3.16218810e-01 3.21497121e-01
 3.21497121e-01 3.24856046e-01 3.24856046e-01 3.29654511e-01
 3.29654511e-01 3.35892514e-01 3.35892514e-01 3.56046065e-01
 3.56046065e-01 3.61324376e-01 3.61324376e-01 3.70441459e-01
 3.70441459e-01 3.72840691e-01 3.72840691e-01 3.75239923e-01
 3.75239923e-01 3.94913628e-01 3.94913628e-01 4.00191939e-01
 4.00191939e-01 4.11228407e-01 4.11228407e-01 4.19865643e-01
 4.19865643e-01 4.20825336e-01 4.20825336e-01 4.46257198e-01
 4.46257198e-01 5.33109405e-01 5.33109405e-01 5.71497121e-01
 5.71497121e-01 5.79174664e-01 5.79174664e-01 5.79654511e-01
 5.79654511e-01 5.81094050e-01 5.81094050e-01 6.12284069e-01
 6.12284069e-01 6.50671785e-01 6.50671785e-01 6.52111324e-01
 6.52111324e-01 6.76583493e-01 6.76583493e-01 6.99616123e-01
 6.99616123e-01 7.43282150e-01 7.43282150e-01 7.60076775e-01
 7.60076775e-01 8.68522073e-01 8.68522073e-01 8.98752399e-01
 8.98752399e-01 9.41458733e-01 9.42898273e-01 9.62092131e-01
 9.63051823e-01 9.67370441e-01 9.69289827e-01 9.73608445e-01
 9.76967370e-01 9.77927063e-01 9.78406910e-01 9.79366603e-01
 9.80806142e-01 9.82245681e-01 1.00000000e+00]","[0.         0.0026178  0.0052356  0.0052356  0.0078534  0.0078534
 0.0104712  0.0104712  0.01832461 0.01832461 0.05759162 0.05759162
 0.06020942 0.06020942 0.06544503 0.06544503 0.06806283 0.06806283
 0.07068063 0.07068063 0.07329843 0.07329843 0.09424084 0.09424084
 0.12827225 0.12827225 0.14659686 0.14659686 0.14921466 0.14921466
 0.15183246 0.15183246 0.16753927 0.16753927 0.17015707 0.17015707
 0.21989529 0.21989529 0.23036649 0.23036649 0.2434555  0.2434555
 0.2460733  0.2460733  0.2539267  0.2539267  0.2617801  0.2617801
 0.26439791 0.26439791 0.26963351 0.26963351 0.27225131 0.27225131
 0.28010471 0.28010471 0.29581152 0.29581152 0.29842932 0.29842932
 0.30890052 0.30890052 0.31413613 0.31413613 0.32198953 0.32198953
 0.33507853 0.33507853 0.34031414 0.34031414 0.34554974 0.34554974
 0.34816754 0.34816754 0.36387435 0.36387435 0.38219895 0.38219895
 0.38481675 0.38481675 0.39790576 0.39790576 0.41623037 0.41623037
 0.42408377 0.42408377 0.42670157 0.42670157 0.42931937 0.42931937
 0.43455497 0.43455497 0.43979058 0.43979058 0.44240838 0.44240838
 0.44502618 0.44502618 0.44764398 0.44764398 0.45549738 0.45549738
 0.45811518 0.45811518 0.46073298 0.46073298 0.46335079 0.46335079
 0.47643979 0.47643979 0.4895288  0.4895288  0.4921466  0.4921466
 0.4947644  0.4947644  0.5026178  0.5026178  0.5052356  0.5052356
 0.52356021 0.52356021 0.52879581 0.52879581 0.53141361 0.53141361
 0.53403141 0.53403141 0.53664921 0.53664921 0.54712042 0.54712042
 0.54973822 0.54973822 0.56020942 0.56020942 0.56544503 0.56544503
 0.56806283 0.56806283 0.57068063 0.57068063 0.57591623 0.57591623
 0.58115183 0.58115183 0.58376963 0.58376963 0.59162304 0.59162304
 0.59424084 0.59424084 0.59685864 0.59685864 0.60471204 0.60471204
 0.60732984 0.60732984 0.61518325 0.61518325 0.61780105 0.61780105
 0.62303665 0.62303665 0.62565445 0.62565445 0.63089005 0.63089005
 0.63350785 0.63350785 0.64136126 0.64136126 0.64921466 0.64921466
 0.65183246 0.65183246 0.65445026 0.65445026 0.65706806 0.65706806
 0.66230366 0.66230366 0.66492147 0.66492147 0.67015707 0.67015707
 0.67277487 0.67277487 0.67539267 0.67539267 0.67801047 0.67801047
 0.68324607 0.68324607 0.68586387 0.68586387 0.68848168 0.68848168
 0.69371728 0.69371728 0.69633508 0.69633508 0.69895288 0.69895288
 0.70157068 0.70157068 0.70418848 0.70418848 0.70680628 0.70680628
 0.70942408 0.70942408 0.71204188 0.71204188 0.71727749 0.71727749
 0.71989529 0.71989529 0.72251309 0.72251309 0.72513089 0.72513089
 0.72774869 0.72774869 0.73036649 0.73036649 0.73298429 0.73298429
 0.73560209 0.73560209 0.7382199  0.7382199  0.7408377  0.7408377
 0.7486911  0.7486911  0.7539267  0.7539267  0.7565445  0.7565445
 0.7591623  0.7591623  0.7617801  0.7617801  0.76439791 0.76439791
 0.76701571 0.76701571 0.76963351 0.76963351 0.77225131 0.77225131
 0.77486911 0.77486911 0.78272251 0.78272251 0.78534031 0.78534031
 0.78795812 0.78795812 0.79057592 0.79057592 0.79581152 0.79581152
 0.79842932 0.79842932 0.80104712 0.80104712 0.80366492 0.80366492
 0.80628272 0.80628272 0.80890052 0.80890052 0.81151832 0.81151832
 0.81413613 0.81413613 0.81937173 0.81937173 0.82198953 0.82198953
 0.82460733 0.82460733 0.82722513 0.82722513 0.83507853 0.83507853
 0.83769634 0.83769634 0.84031414 0.84031414 0.84293194 0.84293194
 0.84554974 0.84554974 0.84816754 0.84816754 0.85078534 0.85078534
 0.85340314 0.85340314 0.85602094 0.85602094 0.85863874 0.85863874
 0.86125654 0.86125654 0.86387435 0.86387435 0.86649215 0.86649215
 0.86910995 0.86910995 0.87172775 0.87172775 0.87434555 0.87434555
 0.87696335 0.87696335 0.87958115 0.87958115 0.88219895 0.88219895
 0.88481675 0.88481675 0.88743455 0.88743455 0.89005236 0.89005236
 0.89267016 0.89267016 0.89528796 0.89528796 0.89790576 0.89790576
 0.90052356 0.90052356 0.90314136 0.90314136 0.90575916 0.90575916
 0.90837696 0.90837696 0.91099476 0.91099476 0.91361257 0.91361257
 0.91623037 0.91623037 0.91884817 0.91884817 0.92146597 0.92146597
 0.92408377 0.92408377 0.92670157 0.92670157 0.92931937 0.92931937
 0.93193717 0.93193717 0.93455497 0.93455497 0.93717277 0.93717277
 0.93979058 0.93979058 0.94240838 0.94240838 0.94502618 0.94502618
 0.94764398 0.94764398 0.95287958 0.95287958 0.95549738 0.95549738
 0.95811518 0.95811518 0.96073298 0.96073298 0.96335079 0.96335079
 0.96596859 0.96596859 0.97120419 0.97120419 0.97382199 0.97382199
 0.97643979 0.97643979 0.97905759 0.97905759 0.98167539 0.98167539
 0.98429319 0.98429319 0.98691099 0.98691099 0.9895288  0.9895288
 0.9921466  0.9921466  0.9947644  0.9947644  0.9973822  0.9973822
 1.         1.         1.         1.         1.         1.
 1.         1.         1.         1.         1.         1.
 1.         1.         1.        ]",0.8957765975620787
LogisticRegression,undersampling,0.8406326034063261,0.49081803005008345,0.7696335078534031,0.599388379204893,"[0.00000000e+00 0.00000000e+00 0.00000000e+00 4.79846449e-04
 4.79846449e-04 9.59692898e-04 9.59692898e-04 1.43953935e-03
 1.43953935e-03 1.91938580e-03 1.91938580e-03 3.35892514e-03
 3.35892514e-03 3.83877159e-03 3.83877159e-03 4.79846449e-03
 4.79846449e-03 5.27831094e-03 5.27831094e-03 5.75815739e-03
 5.75815739e-03 6.23800384e-03 6.23800384e-03 6.71785029e-03
 6.71785029e-03 7.67754319e-03 7.67754319e-03 8.15738964e-03
 8.15738964e-03 8.63723608e-03 8.63723608e-03 9.11708253e-03
 9.11708253e-03 9.59692898e-03 9.59692898e-03 1.00767754e-02
 1.00767754e-02 1.05566219e-02 1.05566219e-02 1.15163148e-02
 1.15163148e-02 1.19961612e-02 1.19961612e-02 1.24760077e-02
 1.24760077e-02 1.34357006e-02 1.34357006e-02 1.43953935e-02
 1.43953935e-02 1.48752399e-02 1.48752399e-02 1.58349328e-02
 1.58349328e-02 1.63147793e-02 1.63147793e-02 1.67946257e-02
 1.67946257e-02 1.72744722e-02 1.72744722e-02 1.77543186e-02
 1.77543186e-02 1.82341651e-02 1.82341651e-02 1.91938580e-02
 1.91938580e-02 2.01535509e-02 2.01535509e-02 2.06333973e-02
 2.06333973e-02 2.11132438e-02 2.11132438e-02 2.20729367e-02
 2.20729367e-02 2.25527831e-02 2.25527831e-02 2.39923225e-02
 2.39923225e-02 2.49520154e-02 2.49520154e-02 2.54318618e-02
 2.54318618e-02 2.68714012e-02 2.68714012e-02 2.73512476e-02
 2.73512476e-02 2.83109405e-02 2.83109405e-02 2.87907869e-02
 2.87907869e-02 2.97504798e-02 2.97504798e-02 3.07101727e-02
 3.07101727e-02 3.11900192e-02 3.11900192e-02 3.21497121e-02
 3.21497121e-02 3.31094050e-02 3.31094050e-02 3.35892514e-02
 3.35892514e-02 3.40690979e-02 3.40690979e-02 3.45489443e-02
 3.45489443e-02 3.50287908e-02 3.50287908e-02 3.55086372e-02
 3.55086372e-02 3.59884837e-02 3.59884837e-02 3.64683301e-02
 3.64683301e-02 3.69481766e-02 3.69481766e-02 3.74280230e-02
 3.74280230e-02 3.79078695e-02 3.79078695e-02 4.03071017e-02
 4.03071017e-02 4.07869482e-02 4.07869482e-02 4.12667946e-02
 4.12667946e-02 4.27063340e-02 4.27063340e-02 4.31861804e-02
 4.31861804e-02 4.36660269e-02 4.36660269e-02 4.41458733e-02
 4.41458733e-02 4.55854127e-02 4.55854127e-02 4.65451056e-02
 4.65451056e-02 4.84644914e-02 4.84644914e-02 4.89443378e-02
 4.89443378e-02 4.94241843e-02 4.94241843e-02 5.03838772e-02
 5.03838772e-02 5.08637236e-02 5.08637236e-02 5.51823417e-02
 5.51823417e-02 5.71017274e-02 5.71017274e-02 5.90211132e-02
 5.90211132e-02 6.19001919e-02 6.19001919e-02 6.38195777e-02
 6.38195777e-02 6.47792706e-02 6.47792706e-02 6.52591171e-02
 6.52591171e-02 6.57389635e-02 6.57389635e-02 6.90978887e-02
 6.90978887e-02 7.10172745e-02 7.10172745e-02 7.19769674e-02
 7.19769674e-02 7.24568138e-02 7.24568138e-02 7.29366603e-02
 7.29366603e-02 7.48560461e-02 7.48560461e-02 7.58157390e-02
 7.58157390e-02 7.67754319e-02 7.67754319e-02 7.96545106e-02
 7.96545106e-02 8.06142035e-02 8.06142035e-02 8.10940499e-02
 8.10940499e-02 8.30134357e-02 8.30134357e-02 8.34932821e-02
 8.34932821e-02 8.39731286e-02 8.39731286e-02 8.54126679e-02
 8.54126679e-02 8.58925144e-02 8.58925144e-02 8.68522073e-02
 8.68522073e-02 8.73320537e-02 8.73320537e-02 8.82917466e-02
 8.82917466e-02 8.87715931e-02 8.87715931e-02 8.97312860e-02
 8.97312860e-02 9.26103647e-02 9.26103647e-02 9.59692898e-02
 9.59692898e-02 9.78886756e-02 9.78886756e-02 9.88483685e-02
 9.88483685e-02 1.03646833e-01 1.03646833e-01 1.04606526e-01
 1.04606526e-01 1.07005758e-01 1.07005758e-01 1.07485605e-01
 1.07485605e-01 1.09404990e-01 1.09404990e-01 1.13723608e-01
 1.13723608e-01 1.15642994e-01 1.15642994e-01 1.16122841e-01
 1.16122841e-01 1.20441459e-01 1.20441459e-01 1.23800384e-01
 1.23800384e-01 1.24280230e-01 1.24280230e-01 1.24760077e-01
 1.24760077e-01 1.27159309e-01 1.27159309e-01 1.28119002e-01
 1.28119002e-01 1.30518234e-01 1.30518234e-01 1.30998081e-01
 1.30998081e-01 1.31477927e-01 1.31477927e-01 1.31957774e-01
 1.31957774e-01 1.34836852e-01 1.34836852e-01 1.36756238e-01
 1.36756238e-01 1.37715931e-01 1.37715931e-01 1.40115163e-01
 1.40115163e-01 1.41554702e-01 1.41554702e-01 1.46353167e-01
 1.46353167e-01 1.48752399e-01 1.48752399e-01 1.49232246e-01
 1.49232246e-01 1.52111324e-01 1.52111324e-01 1.52591171e-01
 1.52591171e-01 1.56429942e-01 1.56429942e-01 1.56909789e-01
 1.56909789e-01 1.66026871e-01 1.66026871e-01 1.69865643e-01
 1.69865643e-01 1.73224568e-01 1.73224568e-01 1.74184261e-01
 1.74184261e-01 1.76583493e-01 1.76583493e-01 1.78023033e-01
 1.78023033e-01 1.82341651e-01 1.82341651e-01 1.91938580e-01
 1.91938580e-01 1.96257198e-01 1.96257198e-01 2.00095969e-01
 2.00095969e-01 2.01535509e-01 2.01535509e-01 2.02015355e-01
 2.02015355e-01 2.05854127e-01 2.05854127e-01 2.12092131e-01
 2.12092131e-01 2.12571977e-01 2.12571977e-01 2.15451056e-01
 2.15451056e-01 2.15930902e-01 2.15930902e-01 2.19289827e-01
 2.19289827e-01 2.25527831e-01 2.25527831e-01 2.35124760e-01
 2.35124760e-01 2.38483685e-01 2.38483685e-01 2.39923225e-01
 2.39923225e-01 2.42322457e-01 2.42322457e-01 2.42802303e-01
 2.42802303e-01 2.46161228e-01 2.46161228e-01 2.47600768e-01
 2.47600768e-01 2.50000000e-01 2.50000000e-01 2.59596929e-01
 2.59596929e-01 2.61516315e-01 2.61516315e-01 2.67754319e-01
 2.67754319e-01 2.71113244e-01 2.71113244e-01 2.73032630e-01
 2.73032630e-01 2.73512476e-01 2.73512476e-01 2.76391555e-01
 2.76391555e-01 2.79750480e-01 2.79750480e-01 2.83109405e-01
 2.83109405e-01 2.91746641e-01 2.91746641e-01 3.09021113e-01
 3.09021113e-01 3.12859885e-01 3.12859885e-01 3.20057582e-01
 3.20057582e-01 3.32053743e-01 3.32053743e-01 3.32533589e-01
 3.32533589e-01 3.33013436e-01 3.33013436e-01 3.44529750e-01
 3.44529750e-01 3.64683301e-01 3.64683301e-01 3.73800384e-01
 3.73800384e-01 3.78598848e-01 3.78598848e-01 3.86276392e-01
 3.86276392e-01 3.98752399e-01 3.98752399e-01 4.13147793e-01
 4.13147793e-01 4.16986564e-01 4.16986564e-01 4.18426104e-01
 4.18426104e-01 4.24184261e-01 4.24184261e-01 4.28982726e-01
 4.28982726e-01 4.35220729e-01 4.35220729e-01 4.36180422e-01
 4.36180422e-01 4.37140115e-01 4.37140115e-01 4.46257198e-01
 4.46257198e-01 4.57773512e-01 4.57773512e-01 5.03838772e-01
 5.03838772e-01 5.25911708e-01 5.25911708e-01 5.43186180e-01
 5.43186180e-01 5.69097889e-01 5.69097889e-01 5.87811900e-01
 5.87811900e-01 5.89251440e-01 5.89251440e-01 6.01727447e-01
 6.01727447e-01 6.37236084e-01 6.37236084e-01 6.41074856e-01
 6.41074856e-01 6.57869482e-01 6.57869482e-01 6.75623800e-01
 6.75623800e-01 6.93857965e-01 6.93857965e-01 8.53646833e-01
 8.53646833e-01 8.77639155e-01 8.77639155e-01 9.39539347e-01
 9.40978887e-01 9.62092131e-01 9.63051823e-01 9.67370441e-01
 9.68330134e-01 9.72168906e-01 9.73608445e-01 9.74088292e-01
 9.77447217e-01 9.79366603e-01 9.80326296e-01 9.80806142e-01
 9.81765835e-01 9.82725528e-01 9.83685221e-01 1.00000000e+00]","[0.         0.0026178  0.0052356  0.0052356  0.0078534  0.0078534
 0.0104712  0.0104712  0.01832461 0.01832461 0.05759162 0.05759162
 0.07329843 0.07329843 0.07591623 0.07591623 0.10209424 0.10209424
 0.12565445 0.12565445 0.14397906 0.14397906 0.14659686 0.14659686
 0.15445026 0.15445026 0.16492147 0.16492147 0.17015707 0.17015707
 0.17277487 0.17277487 0.21465969 0.21465969 0.2382199  0.2382199
 0.2408377  0.2408377  0.2460733  0.2460733  0.2513089  0.2513089
 0.2539267  0.2539267  0.2565445  0.2565445  0.27225131 0.27225131
 0.27486911 0.27486911 0.27748691 0.27748691 0.28272251 0.28272251
 0.28795812 0.28795812 0.29057592 0.29057592 0.29581152 0.29581152
 0.29842932 0.29842932 0.30104712 0.30104712 0.31413613 0.31413613
 0.31937173 0.31937173 0.32460733 0.32460733 0.34554974 0.34554974
 0.35078534 0.35078534 0.35602094 0.35602094 0.35863874 0.35863874
 0.36387435 0.36387435 0.36649215 0.36649215 0.37958115 0.37958115
 0.38481675 0.38481675 0.39267016 0.39267016 0.39790576 0.39790576
 0.40052356 0.40052356 0.40314136 0.40314136 0.40575916 0.40575916
 0.41099476 0.41099476 0.41623037 0.41623037 0.41884817 0.41884817
 0.42670157 0.42670157 0.43193717 0.43193717 0.43455497 0.43455497
 0.44764398 0.44764398 0.45026178 0.45026178 0.45287958 0.45287958
 0.45549738 0.45549738 0.46596859 0.46596859 0.46858639 0.46858639
 0.48691099 0.48691099 0.4947644  0.4947644  0.5026178  0.5026178
 0.51832461 0.51832461 0.52356021 0.52356021 0.52617801 0.52617801
 0.53926702 0.53926702 0.54188482 0.54188482 0.54973822 0.54973822
 0.55235602 0.55235602 0.55497382 0.55497382 0.56544503 0.56544503
 0.56806283 0.56806283 0.57329843 0.57329843 0.58115183 0.58115183
 0.58638743 0.58638743 0.58900524 0.58900524 0.59424084 0.59424084
 0.60209424 0.60209424 0.60732984 0.60732984 0.60994764 0.60994764
 0.61256545 0.61256545 0.61518325 0.61518325 0.61780105 0.61780105
 0.62303665 0.62303665 0.62565445 0.62565445 0.63089005 0.63089005
 0.63350785 0.63350785 0.63874346 0.63874346 0.64136126 0.64136126
 0.64397906 0.64397906 0.64659686 0.64659686 0.64921466 0.64921466
 0.65183246 0.65183246 0.65445026 0.65445026 0.65706806 0.65706806
 0.65968586 0.65968586 0.66230366 0.66230366 0.66492147 0.66492147
 0.66753927 0.66753927 0.67539267 0.67539267 0.67801047 0.67801047
 0.68062827 0.68062827 0.68586387 0.68586387 0.69371728 0.69371728
 0.69633508 0.69633508 0.69895288 0.69895288 0.70157068 0.70157068
 0.70418848 0.70418848 0.70680628 0.70680628 0.70942408 0.70942408
 0.71204188 0.71204188 0.71465969 0.71465969 0.71727749 0.71727749
 0.71989529 0.71989529 0.72251309 0.72251309 0.72513089 0.72513089
 0.72774869 0.72774869 0.73036649 0.73036649 0.73298429 0.73298429
 0.7382199  0.7382199  0.7408377  0.7408377  0.7434555  0.7434555
 0.7460733  0.7460733  0.7486911  0.7486911  0.7513089  0.7513089
 0.7591623  0.7591623  0.7617801  0.7617801  0.76439791 0.76439791
 0.76701571 0.76701571 0.76963351 0.76963351 0.77225131 0.77225131
 0.77486911 0.77486911 0.77748691 0.77748691 0.78010471 0.78010471
 0.78272251 0.78272251 0.79057592 0.79057592 0.79319372 0.79319372
 0.79581152 0.79581152 0.79842932 0.79842932 0.80366492 0.80366492
 0.80890052 0.80890052 0.81151832 0.81151832 0.81413613 0.81413613
 0.81675393 0.81675393 0.81937173 0.81937173 0.82198953 0.82198953
 0.82460733 0.82460733 0.82722513 0.82722513 0.82984293 0.82984293
 0.83246073 0.83246073 0.83507853 0.83507853 0.83769634 0.83769634
 0.84031414 0.84031414 0.84293194 0.84293194 0.84554974 0.84554974
 0.84816754 0.84816754 0.85078534 0.85078534 0.85340314 0.85340314
 0.85602094 0.85602094 0.85863874 0.85863874 0.86125654 0.86125654
 0.86387435 0.86387435 0.86910995 0.86910995 0.87172775 0.87172775
 0.87434555 0.87434555 0.87696335 0.87696335 0.87958115 0.87958115
 0.88219895 0.88219895 0.88743455 0.88743455 0.89005236 0.89005236
 0.89528796 0.89528796 0.89790576 0.89790576 0.90052356 0.90052356
 0.90314136 0.90314136 0.90575916 0.90575916 0.90837696 0.90837696
 0.91099476 0.91099476 0.91361257 0.91361257 0.91623037 0.91623037
 0.92146597 0.92146597 0.92408377 0.92408377 0.92670157 0.92670157
 0.92931937 0.92931937 0.93193717 0.93193717 0.93717277 0.93717277
 0.93979058 0.93979058 0.94240838 0.94240838 0.94502618 0.94502618
 0.94764398 0.94764398 0.95026178 0.95026178 0.95287958 0.95287958
 0.95549738 0.95549738 0.95811518 0.95811518 0.96073298 0.96073298
 0.96335079 0.96335079 0.96596859 0.96596859 0.96858639 0.96858639
 0.97120419 0.97120419 0.97382199 0.97382199 0.97643979 0.97643979
 0.97905759 0.97905759 0.98167539 0.98167539 0.98429319 0.98429319
 0.98691099 0.98691099 0.9895288  0.9895288  0.9921466  0.9921466
 0.9947644  0.9947644  0.9973822  0.9973822  1.         1.
 1.         1.         1.         1.         1.         1.
 1.         1.         1.         1.         1.         1.
 1.         1.         1.         1.        ]",0.8940707559968244
RandomForest,base,0.8982157339821574,0.73992673992674,0.5287958115183246,0.616793893129771,"[0.00000000e+00 0.00000000e+00 0.00000000e+00 0.00000000e+00
 0.00000000e+00 0.00000000e+00 4.79846449e-04 4.79846449e-04
 4.79846449e-04 9.59692898e-04 9.59692898e-04 9.59692898e-04
 9.59692898e-04 9.59692898e-04 1.43953935e-03 1.43953935e-03
 1.91938580e-03 2.39923225e-03 3.35892514e-03 4.79846449e-03
 5.75815739e-03 5.75815739e-03 6.23800384e-03 6.23800384e-03
 7.19769674e-03 8.63723608e-03 9.11708253e-03 9.11708253e-03
 9.11708253e-03 1.00767754e-02 1.05566219e-02 1.24760077e-02
 1.34357006e-02 1.43953935e-02 1.63147793e-02 1.91938580e-02
 2.01535509e-02 2.15930902e-02 2.39923225e-02 2.49520154e-02
 2.59117083e-02 2.83109405e-02 3.02303263e-02 3.26295585e-02
 3.40690979e-02 3.59884837e-02 3.69481766e-02 3.88675624e-02
 4.03071017e-02 4.46257198e-02 4.89443378e-02 5.18234165e-02
 5.37428023e-02 5.56621881e-02 5.80614203e-02 6.14203455e-02
 6.52591171e-02 6.76583493e-02 7.05374280e-02 7.53358925e-02
 7.96545106e-02 8.25335893e-02 8.58925144e-02 8.97312860e-02
 9.11708253e-02 9.45297505e-02 9.74088292e-02 1.02687140e-01
 1.06525912e-01 1.11804223e-01 1.18042226e-01 1.25719770e-01
 1.30998081e-01 1.37236084e-01 1.42514395e-01 1.47792706e-01
 1.57869482e-01 1.64587332e-01 1.70825336e-01 1.77063340e-01
 1.86180422e-01 1.98656430e-01 2.06333973e-01 2.21209213e-01
 2.33205374e-01 2.55278311e-01 2.74472169e-01 3.05662188e-01
 3.37811900e-01 3.80518234e-01 4.23704415e-01 4.80806142e-01
 5.57581574e-01 6.43474088e-01 7.62476008e-01 1.00000000e+00]","[0.         0.0026178  0.0078534  0.0104712  0.01570681 0.01832461
 0.02879581 0.03403141 0.04450262 0.04450262 0.05497382 0.06282723
 0.07329843 0.08638743 0.10471204 0.11256545 0.12827225 0.13612565
 0.13874346 0.15706806 0.17015707 0.18848168 0.21204188 0.22774869
 0.2565445  0.27748691 0.28795812 0.30104712 0.31151832 0.33246073
 0.34554974 0.35863874 0.37172775 0.37696335 0.38743455 0.39790576
 0.40837696 0.42408377 0.43717277 0.45026178 0.46596859 0.4921466
 0.5026178  0.51308901 0.52879581 0.54712042 0.55235602 0.55759162
 0.57853403 0.59162304 0.59685864 0.60471204 0.63089005 0.64136126
 0.65445026 0.66753927 0.67277487 0.68324607 0.69371728 0.70942408
 0.71989529 0.72774869 0.7408377  0.7434555  0.7486911  0.7539267
 0.76439791 0.77225131 0.78010471 0.78272251 0.79057592 0.79319372
 0.79581152 0.80366492 0.81151832 0.82198953 0.83246073 0.84816754
 0.86649215 0.87434555 0.87696335 0.88219895 0.88743455 0.90314136
 0.91884817 0.92408377 0.92931937 0.93455497 0.95026178 0.96073298
 0.96596859 0.97382199 0.97382199 0.98691099 0.9947644  1.        ]",0.9182194681994956
RandomForest,oversampling,0.8965936739659367,0.6693333333333333,0.6570680628272252,0.6631439894319683,"[0.00000000e+00 0.00000000e+00 0.00000000e+00 0.00000000e+00
 0.00000000e+00 0.00000000e+00 0.00000000e+00 4.79846449e-04
 4.79846449e-04 4.79846449e-04 4.79846449e-04 9.59692898e-04
 9.59692898e-04 1.43953935e-03 2.39923225e-03 4.31861804e-03
 4.79846449e-03 6.23800384e-03 6.23800384e-03 7.19769674e-03
 8.15738964e-03 8.63723608e-03 1.00767754e-02 1.10364683e-02
 1.15163148e-02 1.43953935e-02 1.58349328e-02 1.77543186e-02
 1.82341651e-02 1.96737044e-02 2.30326296e-02 2.59117083e-02
 2.83109405e-02 2.87907869e-02 3.07101727e-02 3.35892514e-02
 3.64683301e-02 3.79078695e-02 4.03071017e-02 4.07869482e-02
 4.31861804e-02 4.60652591e-02 4.79846449e-02 5.08637236e-02
 5.32629559e-02 5.66218810e-02 5.80614203e-02 5.95009597e-02
 6.14203455e-02 6.42994242e-02 6.71785029e-02 6.90978887e-02
 7.24568138e-02 7.53358925e-02 7.96545106e-02 8.20537428e-02
 8.49328215e-02 8.73320537e-02 9.02111324e-02 9.64491363e-02
 1.00287908e-01 1.02687140e-01 1.06525912e-01 1.10844530e-01
 1.15163148e-01 1.18042226e-01 1.22840691e-01 1.26679463e-01
 1.29558541e-01 1.34357006e-01 1.38195777e-01 1.42994242e-01
 1.45873321e-01 1.53550864e-01 1.58349328e-01 1.66506718e-01
 1.72264875e-01 1.78502879e-01 1.87619962e-01 1.96737044e-01
 2.01535509e-01 2.12092131e-01 2.22168906e-01 2.31285988e-01
 2.42322457e-01 2.57197697e-01 2.67754319e-01 2.84548944e-01
 3.05182342e-01 3.33493282e-01 3.60844530e-01 3.98752399e-01
 4.35700576e-01 4.76007678e-01 5.27351248e-01 5.94049904e-01
 6.77543186e-01 7.82149712e-01 1.00000000e+00]","[0.         0.0026178  0.0052356  0.0104712  0.01832461 0.03926702
 0.04450262 0.06544503 0.06806283 0.07853403 0.08638743 0.09162304
 0.10994764 0.11518325 0.12565445 0.14659686 0.16230366 0.18586387
 0.20418848 0.22513089 0.2486911  0.26963351 0.29842932 0.30628272
 0.32198953 0.33246073 0.34031414 0.35863874 0.37172775 0.38481675
 0.39790576 0.40837696 0.42931937 0.44240838 0.45287958 0.47382199
 0.4973822  0.52356021 0.54712042 0.57068063 0.57591623 0.59424084
 0.59947644 0.60994764 0.61780105 0.63350785 0.64659686 0.65706806
 0.67015707 0.67801047 0.68062827 0.68324607 0.68848168 0.69109948
 0.69895288 0.70942408 0.71465969 0.71727749 0.71727749 0.72513089
 0.72774869 0.7460733  0.7513089  0.7617801  0.76963351 0.78272251
 0.80104712 0.80890052 0.81675393 0.82198953 0.82460733 0.82984293
 0.83507853 0.85078534 0.86125654 0.86649215 0.87434555 0.87958115
 0.87958115 0.88219895 0.88481675 0.88481675 0.89790576 0.90314136
 0.90837696 0.90837696 0.92146597 0.92931937 0.93979058 0.94764398
 0.96073298 0.96858639 0.97382199 0.97643979 0.98429319 0.9921466
 0.9921466  0.9973822  1.        ]",0.9189235360914875
RandomForest,undersampling,0.8406326034063261,0.49165402124430957,0.8481675392670157,0.622478386167147,"[0.00000000e+00 4.79846449e-04 9.59692898e-04 1.91938580e-03
 2.39923225e-03 3.83877159e-03 7.19769674e-03 8.63723608e-03
 1.15163148e-02 1.53550864e-02 1.77543186e-02 2.15930902e-02
 2.30326296e-02 2.68714012e-02 2.92706334e-02 3.11900192e-02
 3.31094050e-02 3.59884837e-02 4.12667946e-02 4.46257198e-02
 4.65451056e-02 5.13435701e-02 5.47024952e-02 5.95009597e-02
 6.19001919e-02 6.66986564e-02 6.81381958e-02 7.14971209e-02
 7.62955854e-02 8.06142035e-02 8.44529750e-02 8.87715931e-02
 9.30902111e-02 1.02687140e-01 1.05086372e-01 1.09884837e-01
 1.15163148e-01 1.17562380e-01 1.21401152e-01 1.24280230e-01
 1.28119002e-01 1.35796545e-01 1.40595010e-01 1.44433781e-01
 1.48272553e-01 1.53550864e-01 1.56429942e-01 1.60748560e-01
 1.64107486e-01 1.69385797e-01 1.73704415e-01 1.79462572e-01
 1.84261036e-01 1.90978887e-01 1.95297505e-01 2.02015355e-01
 2.08733205e-01 2.14971209e-01 2.22168906e-01 2.27927063e-01
 2.37523992e-01 2.43761996e-01 2.51439539e-01 2.59596929e-01
 2.68234165e-01 2.75911708e-01 2.89347409e-01 2.96065259e-01
 3.05662188e-01 3.18138196e-01 3.28214971e-01 3.43570058e-01
 3.56046065e-01 3.70921305e-01 3.88195777e-01 4.04510557e-01
 4.15067179e-01 4.31861804e-01 4.48176583e-01 4.61612284e-01
 4.78406910e-01 4.98080614e-01 5.22552783e-01 5.45585413e-01
 5.64779271e-01 5.92610365e-01 6.21880998e-01 6.45393474e-01
 6.70345489e-01 6.93857965e-01 7.22648752e-01 7.50000000e-01
 7.80710173e-01 8.06621881e-01 8.40211132e-01 8.76679463e-01
 9.10748560e-01 9.50575816e-01 1.00000000e+00]","[0.         0.01308901 0.02879581 0.05759162 0.08115183 0.10471204
 0.12565445 0.18586387 0.21727749 0.2617801  0.29057592 0.32198953
 0.36387435 0.39790576 0.41623037 0.44240838 0.47643979 0.5078534
 0.54188482 0.56544503 0.58900524 0.60471204 0.61256545 0.62827225
 0.64921466 0.65706806 0.67277487 0.68324607 0.69633508 0.70680628
 0.72251309 0.73560209 0.7434555  0.76439791 0.77225131 0.78010471
 0.78272251 0.78272251 0.78795812 0.80104712 0.80628272 0.81675393
 0.81937173 0.82984293 0.83246073 0.83769634 0.84293194 0.84816754
 0.85078534 0.85602094 0.86387435 0.86910995 0.87172775 0.88219895
 0.88481675 0.89267016 0.90314136 0.90575916 0.91099476 0.91623037
 0.92670157 0.92931937 0.92931937 0.92931937 0.93455497 0.93979058
 0.93979058 0.93979058 0.94502618 0.94764398 0.94764398 0.95026178
 0.95549738 0.95811518 0.96073298 0.96335079 0.97120419 0.97382199
 0.97643979 0.97643979 0.97905759 0.98167539 0.98691099 0.98691099
 0.9895288  0.9921466  0.9947644  0.9973822  0.9973822  0.9973822
 0.9973822  0.9973822  0.9973822  1.         1.         1.
 1.         1.         1.        ]",0.9190026730713188
XGBoost,base,0.8929440389294404,0.6766467065868264,0.5916230366492147,0.6312849162011173,"[0.00000000e+00 0.00000000e+00 0.00000000e+00 4.79846449e-04
 4.79846449e-04 9.59692898e-04 9.59692898e-04 1.43953935e-03
 1.43953935e-03 1.91938580e-03 1.91938580e-03 2.39923225e-03
 2.39923225e-03 3.35892514e-03 3.35892514e-03 4.31861804e-03
 4.31861804e-03 4.79846449e-03 4.79846449e-03 5.27831094e-03
 5.27831094e-03 6.23800384e-03 6.23800384e-03 6.71785029e-03
 6.71785029e-03 7.19769674e-03 7.19769674e-03 8.15738964e-03
 8.15738964e-03 8.63723608e-03 8.63723608e-03 9.59692898e-03
 9.59692898e-03 1.00767754e-02 1.00767754e-02 1.05566219e-02
 1.05566219e-02 1.10364683e-02 1.10364683e-02 1.15163148e-02
 1.15163148e-02 1.24760077e-02 1.24760077e-02 1.29558541e-02
 1.29558541e-02 1.34357006e-02 1.34357006e-02 1.43953935e-02
 1.43953935e-02 1.58349328e-02 1.58349328e-02 1.63147793e-02
 1.63147793e-02 1.67946257e-02 1.67946257e-02 1.72744722e-02
 1.72744722e-02 1.77543186e-02 1.77543186e-02 1.91938580e-02
 1.91938580e-02 1.96737044e-02 1.96737044e-02 2.01535509e-02
 2.01535509e-02 2.06333973e-02 2.06333973e-02 2.11132438e-02
 2.11132438e-02 2.15930902e-02 2.15930902e-02 2.35124760e-02
 2.35124760e-02 2.39923225e-02 2.39923225e-02 2.44721689e-02
 2.44721689e-02 2.49520154e-02 2.49520154e-02 2.59117083e-02
 2.59117083e-02 2.63915547e-02 2.63915547e-02 2.68714012e-02
 2.68714012e-02 2.73512476e-02 2.73512476e-02 2.83109405e-02
 2.83109405e-02 2.87907869e-02 2.87907869e-02 2.92706334e-02
 2.92706334e-02 3.02303263e-02 3.02303263e-02 3.07101727e-02
 3.07101727e-02 3.16698656e-02 3.16698656e-02 3.26295585e-02
 3.26295585e-02 3.31094050e-02 3.31094050e-02 3.35892514e-02
 3.35892514e-02 3.40690979e-02 3.40690979e-02 3.55086372e-02
 3.55086372e-02 3.74280230e-02 3.74280230e-02 3.83877159e-02
 3.83877159e-02 3.93474088e-02 3.93474088e-02 3.98272553e-02
 3.98272553e-02 4.17466411e-02 4.17466411e-02 4.27063340e-02
 4.27063340e-02 4.31861804e-02 4.31861804e-02 4.36660269e-02
 4.36660269e-02 4.46257198e-02 4.46257198e-02 4.51055662e-02
 4.51055662e-02 4.60652591e-02 4.60652591e-02 4.70249520e-02
 4.70249520e-02 4.79846449e-02 4.79846449e-02 4.89443378e-02
 4.89443378e-02 4.99040307e-02 4.99040307e-02 5.08637236e-02
 5.08637236e-02 5.23032630e-02 5.23032630e-02 5.32629559e-02
 5.32629559e-02 5.42226488e-02 5.42226488e-02 5.51823417e-02
 5.51823417e-02 5.71017274e-02 5.71017274e-02 5.75815739e-02
 5.75815739e-02 5.95009597e-02 5.95009597e-02 5.99808061e-02
 5.99808061e-02 6.14203455e-02 6.14203455e-02 6.23800384e-02
 6.23800384e-02 6.28598848e-02 6.28598848e-02 6.62188100e-02
 6.62188100e-02 6.66986564e-02 6.66986564e-02 6.71785029e-02
 6.71785029e-02 6.76583493e-02 6.76583493e-02 6.81381958e-02
 6.81381958e-02 6.90978887e-02 6.90978887e-02 7.05374280e-02
 7.05374280e-02 7.14971209e-02 7.14971209e-02 7.24568138e-02
 7.24568138e-02 7.38963532e-02 7.38963532e-02 7.48560461e-02
 7.48560461e-02 7.53358925e-02 7.53358925e-02 7.62955854e-02
 7.62955854e-02 8.25335893e-02 8.25335893e-02 8.73320537e-02
 8.73320537e-02 8.87715931e-02 8.87715931e-02 8.92514395e-02
 8.92514395e-02 9.02111324e-02 9.02111324e-02 9.21305182e-02
 9.21305182e-02 9.26103647e-02 9.26103647e-02 9.35700576e-02
 9.35700576e-02 9.40499040e-02 9.40499040e-02 9.45297505e-02
 9.45297505e-02 9.88483685e-02 9.88483685e-02 9.93282150e-02
 9.93282150e-02 9.98080614e-02 9.98080614e-02 1.00287908e-01
 1.00287908e-01 1.00767754e-01 1.00767754e-01 1.02687140e-01
 1.02687140e-01 1.04126679e-01 1.04126679e-01 1.05086372e-01
 1.05086372e-01 1.07485605e-01 1.07485605e-01 1.09404990e-01
 1.09404990e-01 1.14203455e-01 1.14203455e-01 1.16122841e-01
 1.16122841e-01 1.16602687e-01 1.16602687e-01 1.17082534e-01
 1.17082534e-01 1.18042226e-01 1.18042226e-01 1.19481766e-01
 1.19481766e-01 1.20441459e-01 1.20441459e-01 1.20921305e-01
 1.20921305e-01 1.22360845e-01 1.22360845e-01 1.24280230e-01
 1.24280230e-01 1.24760077e-01 1.24760077e-01 1.26679463e-01
 1.26679463e-01 1.30518234e-01 1.30518234e-01 1.30998081e-01
 1.30998081e-01 1.31957774e-01 1.31957774e-01 1.32917466e-01
 1.32917466e-01 1.35316699e-01 1.35316699e-01 1.36756238e-01
 1.36756238e-01 1.37236084e-01 1.37236084e-01 1.41554702e-01
 1.41554702e-01 1.42994242e-01 1.42994242e-01 1.43474088e-01
 1.43474088e-01 1.49712092e-01 1.49712092e-01 1.50191939e-01
 1.50191939e-01 1.52111324e-01 1.52111324e-01 1.54510557e-01
 1.54510557e-01 1.60268714e-01 1.60268714e-01 1.68905950e-01
 1.68905950e-01 1.70825336e-01 1.70825336e-01 1.73224568e-01
 1.73224568e-01 1.75143954e-01 1.75143954e-01 1.80422265e-01
 1.80422265e-01 1.91458733e-01 1.91458733e-01 1.92898273e-01
 1.92898273e-01 1.94817658e-01 1.94817658e-01 2.05854127e-01
 2.05854127e-01 2.06813820e-01 2.06813820e-01 2.13531670e-01
 2.13531670e-01 2.14971209e-01 2.14971209e-01 2.15451056e-01
 2.15451056e-01 2.16410749e-01 2.16410749e-01 2.28406910e-01
 2.28406910e-01 2.35124760e-01 2.35124760e-01 2.36084453e-01
 2.36084453e-01 2.37523992e-01 2.37523992e-01 2.41362764e-01
 2.41362764e-01 2.43761996e-01 2.43761996e-01 2.51439539e-01
 2.51439539e-01 2.55758157e-01 2.55758157e-01 2.66314779e-01
 2.66314779e-01 2.69193858e-01 2.69193858e-01 2.72552783e-01
 2.72552783e-01 2.81190019e-01 2.81190019e-01 2.82149712e-01
 2.82149712e-01 2.83589251e-01 2.83589251e-01 2.86468330e-01
 2.86468330e-01 2.88867562e-01 2.88867562e-01 2.94625720e-01
 2.94625720e-01 2.98464491e-01 2.98464491e-01 2.99424184e-01
 2.99424184e-01 3.09500960e-01 3.09500960e-01 3.11420345e-01
 3.11420345e-01 3.12380038e-01 3.12380038e-01 3.15738964e-01
 3.15738964e-01 3.20057582e-01 3.20057582e-01 3.21976967e-01
 3.21976967e-01 3.38291747e-01 3.38291747e-01 3.41170825e-01
 3.41170825e-01 3.41650672e-01 3.41650672e-01 3.42130518e-01
 3.42130518e-01 3.50287908e-01 3.50287908e-01 3.58445298e-01
 3.58445298e-01 3.60844530e-01 3.60844530e-01 3.67082534e-01
 3.67082534e-01 3.70921305e-01 3.70921305e-01 3.80038388e-01
 3.80038388e-01 3.80518234e-01 3.80518234e-01 3.85316699e-01
 3.85316699e-01 3.91554702e-01 3.91554702e-01 4.16506718e-01
 4.16506718e-01 4.52975048e-01 4.52975048e-01 4.55854127e-01
 4.55854127e-01 4.57293666e-01 4.57293666e-01 4.66410749e-01
 4.66410749e-01 4.71689060e-01 4.71689060e-01 5.42706334e-01
 5.43666027e-01 5.99808061e-01 5.99808061e-01 6.17082534e-01
 6.18522073e-01 6.49232246e-01 6.50191939e-01 7.48560461e-01
 7.50000000e-01 8.07101727e-01 8.08541267e-01 8.99232246e-01
 9.00191939e-01 9.17946257e-01 9.22264875e-01 9.24184261e-01
 9.25623800e-01 9.37140115e-01 9.38099808e-01 9.67370441e-01
 9.68330134e-01 9.84644914e-01 9.85604607e-01 1.00000000e+00]","[0.         0.0026178  0.02617801 0.02617801 0.15706806 0.15706806
 0.17015707 0.17015707 0.17277487 0.17277487 0.17801047 0.17801047
 0.19371728 0.19371728 0.19895288 0.19895288 0.20157068 0.20157068
 0.21204188 0.21204188 0.21465969 0.21465969 0.22774869 0.22774869
 0.2565445  0.2565445  0.2591623  0.2591623  0.2617801  0.2617801
 0.26963351 0.26963351 0.27486911 0.27486911 0.27748691 0.27748691
 0.28010471 0.28010471 0.28534031 0.28534031 0.29581152 0.29581152
 0.33507853 0.33507853 0.35078534 0.35078534 0.35602094 0.35602094
 0.36910995 0.36910995 0.37172775 0.37172775 0.37434555 0.37434555
 0.37958115 0.37958115 0.38219895 0.38219895 0.38743455 0.38743455
 0.39790576 0.39790576 0.40314136 0.40314136 0.40575916 0.40575916
 0.40837696 0.40837696 0.41623037 0.41623037 0.42146597 0.42146597
 0.43193717 0.43193717 0.43979058 0.43979058 0.44502618 0.44502618
 0.44764398 0.44764398 0.45026178 0.45026178 0.45549738 0.45549738
 0.45811518 0.45811518 0.46073298 0.46073298 0.46596859 0.46596859
 0.46858639 0.46858639 0.48167539 0.48167539 0.4895288  0.4895288
 0.4921466  0.4921466  0.5026178  0.5026178  0.5052356  0.5052356
 0.5078534  0.5078534  0.51308901 0.51308901 0.51570681 0.51570681
 0.52094241 0.52094241 0.53141361 0.53141361 0.53403141 0.53403141
 0.53664921 0.53664921 0.53926702 0.53926702 0.54712042 0.54712042
 0.55235602 0.55235602 0.55497382 0.55497382 0.55759162 0.55759162
 0.56020942 0.56020942 0.57068063 0.57068063 0.57591623 0.57591623
 0.57853403 0.57853403 0.58376963 0.58376963 0.58638743 0.58638743
 0.58900524 0.58900524 0.59162304 0.59162304 0.59685864 0.59685864
 0.59947644 0.59947644 0.60209424 0.60209424 0.60471204 0.60471204
 0.60732984 0.60732984 0.60994764 0.60994764 0.61256545 0.61256545
 0.61780105 0.61780105 0.62303665 0.62303665 0.62827225 0.62827225
 0.63089005 0.63089005 0.63350785 0.63350785 0.63612565 0.63612565
 0.63874346 0.63874346 0.64136126 0.64136126 0.64397906 0.64397906
 0.64659686 0.64659686 0.65183246 0.65183246 0.65445026 0.65445026
 0.65968586 0.65968586 0.66230366 0.66230366 0.66492147 0.66492147
 0.66753927 0.66753927 0.67277487 0.67277487 0.67801047 0.67801047
 0.68062827 0.68062827 0.68324607 0.68324607 0.68586387 0.68586387
 0.68848168 0.68848168 0.69633508 0.69633508 0.69895288 0.69895288
 0.70157068 0.70157068 0.70418848 0.70418848 0.70942408 0.70942408
 0.71465969 0.71465969 0.71727749 0.71727749 0.72251309 0.72251309
 0.72774869 0.72774869 0.73036649 0.73036649 0.73298429 0.73298429
 0.73560209 0.73560209 0.7382199  0.7382199  0.7408377  0.7408377
 0.7434555  0.7434555  0.7460733  0.7460733  0.7486911  0.7486911
 0.7513089  0.7513089  0.7591623  0.7591623  0.7617801  0.7617801
 0.77225131 0.77225131 0.77486911 0.77486911 0.77748691 0.77748691
 0.78010471 0.78010471 0.78272251 0.78272251 0.78534031 0.78534031
 0.79057592 0.79057592 0.79319372 0.79319372 0.79581152 0.79581152
 0.79842932 0.79842932 0.80104712 0.80104712 0.80366492 0.80366492
 0.80628272 0.80628272 0.80890052 0.80890052 0.81151832 0.81151832
 0.81413613 0.81413613 0.81675393 0.81675393 0.81937173 0.81937173
 0.82198953 0.82198953 0.82460733 0.82460733 0.82722513 0.82722513
 0.82984293 0.82984293 0.83507853 0.83507853 0.83769634 0.83769634
 0.84293194 0.84293194 0.84554974 0.84554974 0.84816754 0.84816754
 0.85078534 0.85078534 0.85602094 0.85602094 0.85863874 0.85863874
 0.86125654 0.86125654 0.86387435 0.86387435 0.86649215 0.86649215
 0.86910995 0.86910995 0.87172775 0.87172775 0.87434555 0.87434555
 0.87958115 0.87958115 0.88219895 0.88219895 0.88481675 0.88481675
 0.88743455 0.88743455 0.89005236 0.89005236 0.89267016 0.89267016
 0.89790576 0.89790576 0.90052356 0.90052356 0.90314136 0.90314136
 0.90575916 0.90575916 0.90837696 0.90837696 0.91099476 0.91099476
 0.91361257 0.91361257 0.91623037 0.91623037 0.91884817 0.91884817
 0.92146597 0.92146597 0.92670157 0.92670157 0.92931937 0.92931937
 0.93193717 0.93193717 0.93455497 0.93455497 0.93717277 0.93717277
 0.93979058 0.93979058 0.94240838 0.94240838 0.94502618 0.94502618
 0.94764398 0.94764398 0.95026178 0.95026178 0.95287958 0.95287958
 0.95549738 0.95549738 0.95811518 0.95811518 0.96073298 0.96073298
 0.96335079 0.96335079 0.96596859 0.96596859 0.96858639 0.96858639
 0.97120419 0.97120419 0.97382199 0.97382199 0.97643979 0.97643979
 0.97905759 0.97905759 0.98167539 0.98167539 0.98429319 0.98429319
 0.98691099 0.98691099 0.9895288  0.9895288  0.9921466  0.9921466
 0.9947644  0.9947644  0.9973822  0.9973822  0.9973822  0.9973822
 1.         1.         1.         1.         1.         1.
 1.         1.         1.         1.         1.         1.
 1.         1.         1.         1.         1.         1.
 1.         1.         1.         1.        ]",0.9182025102752459
XGBoost,oversampling,0.8775344687753447,0.588495575221239,0.6963350785340314,0.6378896882494005,"[0.00000000e+00 0.00000000e+00 4.79846449e-04 4.79846449e-04
 9.59692898e-04 9.59692898e-04 9.59692898e-04 9.59692898e-04
 1.43953935e-03 1.43953935e-03 1.91938580e-03 1.91938580e-03
 2.39923225e-03 2.39923225e-03 2.87907869e-03 2.87907869e-03
 3.35892514e-03 3.35892514e-03 4.31861804e-03 4.31861804e-03
 4.79846449e-03 4.79846449e-03 5.27831094e-03 5.27831094e-03
 5.75815739e-03 5.75815739e-03 6.23800384e-03 6.23800384e-03
 6.71785029e-03 6.71785029e-03 7.67754319e-03 7.67754319e-03
 8.15738964e-03 8.15738964e-03 9.11708253e-03 9.11708253e-03
 1.05566219e-02 1.05566219e-02 1.15163148e-02 1.15163148e-02
 1.19961612e-02 1.19961612e-02 1.24760077e-02 1.24760077e-02
 1.29558541e-02 1.29558541e-02 1.39155470e-02 1.39155470e-02
 1.58349328e-02 1.58349328e-02 1.63147793e-02 1.63147793e-02
 1.67946257e-02 1.67946257e-02 1.87140115e-02 1.87140115e-02
 1.96737044e-02 1.96737044e-02 2.01535509e-02 2.01535509e-02
 2.11132438e-02 2.11132438e-02 2.20729367e-02 2.20729367e-02
 2.35124760e-02 2.35124760e-02 2.39923225e-02 2.39923225e-02
 2.44721689e-02 2.44721689e-02 2.49520154e-02 2.49520154e-02
 2.54318618e-02 2.54318618e-02 2.63915547e-02 2.63915547e-02
 2.68714012e-02 2.68714012e-02 2.78310940e-02 2.78310940e-02
 2.87907869e-02 2.87907869e-02 3.07101727e-02 3.07101727e-02
 3.11900192e-02 3.11900192e-02 3.26295585e-02 3.26295585e-02
 3.31094050e-02 3.31094050e-02 3.50287908e-02 3.50287908e-02
 3.55086372e-02 3.55086372e-02 3.59884837e-02 3.59884837e-02
 3.74280230e-02 3.74280230e-02 3.88675624e-02 3.88675624e-02
 4.07869482e-02 4.07869482e-02 4.17466411e-02 4.17466411e-02
 4.27063340e-02 4.27063340e-02 4.31861804e-02 4.31861804e-02
 4.46257198e-02 4.46257198e-02 4.65451056e-02 4.65451056e-02
 4.70249520e-02 4.70249520e-02 4.75047985e-02 4.75047985e-02
 4.89443378e-02 4.89443378e-02 5.03838772e-02 5.03838772e-02
 5.08637236e-02 5.08637236e-02 5.18234165e-02 5.18234165e-02
 5.27831094e-02 5.27831094e-02 5.51823417e-02 5.51823417e-02
 5.56621881e-02 5.56621881e-02 5.75815739e-02 5.75815739e-02
 5.80614203e-02 5.80614203e-02 5.85412668e-02 5.85412668e-02
 5.90211132e-02 5.90211132e-02 6.04606526e-02 6.04606526e-02
 6.14203455e-02 6.14203455e-02 6.23800384e-02 6.23800384e-02
 6.95777351e-02 6.95777351e-02 7.05374280e-02 7.05374280e-02
 7.24568138e-02 7.24568138e-02 7.72552783e-02 7.72552783e-02
 7.82149712e-02 7.82149712e-02 7.86948177e-02 7.86948177e-02
 7.96545106e-02 7.96545106e-02 8.15738964e-02 8.15738964e-02
 8.20537428e-02 8.20537428e-02 8.39731286e-02 8.39731286e-02
 8.58925144e-02 8.58925144e-02 9.11708253e-02 9.11708253e-02
 9.35700576e-02 9.35700576e-02 9.54894434e-02 9.54894434e-02
 1.00287908e-01 1.00287908e-01 1.01727447e-01 1.01727447e-01
 1.02207294e-01 1.02207294e-01 1.02687140e-01 1.02687140e-01
 1.04126679e-01 1.04126679e-01 1.08925144e-01 1.08925144e-01
 1.09404990e-01 1.09404990e-01 1.10844530e-01 1.10844530e-01
 1.11324376e-01 1.11324376e-01 1.17082534e-01 1.17082534e-01
 1.17562380e-01 1.17562380e-01 1.19961612e-01 1.19961612e-01
 1.23320537e-01 1.23320537e-01 1.26199616e-01 1.26199616e-01
 1.26679463e-01 1.26679463e-01 1.29078695e-01 1.29078695e-01
 1.32437620e-01 1.32437620e-01 1.33877159e-01 1.33877159e-01
 1.40115163e-01 1.40115163e-01 1.41074856e-01 1.41074856e-01
 1.42514395e-01 1.42514395e-01 1.42994242e-01 1.42994242e-01
 1.46833013e-01 1.46833013e-01 1.47312860e-01 1.47312860e-01
 1.47792706e-01 1.47792706e-01 1.50191939e-01 1.50191939e-01
 1.52111324e-01 1.52111324e-01 1.52591171e-01 1.52591171e-01
 1.55950096e-01 1.55950096e-01 1.57869482e-01 1.57869482e-01
 1.59788868e-01 1.59788868e-01 1.61708253e-01 1.61708253e-01
 1.66026871e-01 1.66026871e-01 1.66506718e-01 1.66506718e-01
 1.68905950e-01 1.68905950e-01 1.69385797e-01 1.69385797e-01
 1.70825336e-01 1.70825336e-01 1.81381958e-01 1.81381958e-01
 1.83781190e-01 1.83781190e-01 1.84740883e-01 1.84740883e-01
 1.85700576e-01 1.85700576e-01 1.86180422e-01 1.86180422e-01
 1.89059501e-01 1.89059501e-01 1.90019194e-01 1.90019194e-01
 1.91938580e-01 1.91938580e-01 1.96737044e-01 1.96737044e-01
 1.98176583e-01 1.98176583e-01 2.13531670e-01 2.13531670e-01
 2.17850288e-01 2.17850288e-01 2.18809981e-01 2.18809981e-01
 2.22648752e-01 2.22648752e-01 2.24568138e-01 2.24568138e-01
 2.26007678e-01 2.26007678e-01 2.33205374e-01 2.33205374e-01
 2.34165067e-01 2.34165067e-01 2.35124760e-01 2.35124760e-01
 2.39443378e-01 2.39443378e-01 2.42802303e-01 2.42802303e-01
 2.50000000e-01 2.50000000e-01 2.51439539e-01 2.51439539e-01
 2.55278311e-01 2.55278311e-01 2.55758157e-01 2.55758157e-01
 2.66314779e-01 2.66314779e-01 2.67754319e-01 2.67754319e-01
 2.70633397e-01 2.70633397e-01 2.72552783e-01 2.72552783e-01
 2.77351248e-01 2.77351248e-01 2.82149712e-01 2.82149712e-01
 2.98464491e-01 2.98464491e-01 2.98944338e-01 2.98944338e-01
 3.00863724e-01 3.00863724e-01 3.05662188e-01 3.05662188e-01
 3.07101727e-01 3.07101727e-01 3.15259117e-01 3.15259117e-01
 3.30614203e-01 3.30614203e-01 3.33493282e-01 3.33493282e-01
 3.41650672e-01 3.41650672e-01 3.49808061e-01 3.49808061e-01
 3.56046065e-01 3.56046065e-01 3.58925144e-01 3.58925144e-01
 3.61324376e-01 3.61324376e-01 3.63723608e-01 3.63723608e-01
 3.69481766e-01 3.69481766e-01 3.72360845e-01 3.72360845e-01
 4.15067179e-01 4.15067179e-01 4.16026871e-01 4.16026871e-01
 4.22744722e-01 4.22744722e-01 4.27543186e-01 4.27543186e-01
 4.32821497e-01 4.32821497e-01 4.44817658e-01 4.44817658e-01
 4.88483685e-01 4.88483685e-01 5.14395393e-01 5.14395393e-01
 5.23032630e-01 5.23032630e-01 5.30230326e-01 5.30230326e-01
 5.30710173e-01 5.30710173e-01 5.39347409e-01 5.39347409e-01
 6.10844530e-01 6.12284069e-01 7.21689060e-01 7.23128599e-01
 7.94145873e-01 7.95105566e-01 8.56046065e-01 8.57005758e-01
 8.90595010e-01 8.91554702e-01 9.37140115e-01 9.38099808e-01
 9.46737044e-01 9.48176583e-01 9.51535509e-01 9.52495202e-01
 9.58253359e-01 9.59213052e-01 9.64971209e-01 9.68330134e-01
 9.78406910e-01 9.79366603e-01 9.97120921e-01 9.98080614e-01
 1.00000000e+00]","[0.         0.0026178  0.0026178  0.02356021 0.02356021 0.03664921
 0.04188482 0.13089005 0.13089005 0.13874346 0.13874346 0.14659686
 0.14659686 0.18324607 0.18324607 0.18586387 0.18586387 0.19633508
 0.19633508 0.20157068 0.20157068 0.21204188 0.21204188 0.23298429
 0.23298429 0.23560209 0.23560209 0.2382199  0.2382199  0.2591623
 0.2591623  0.27486911 0.27486911 0.30628272 0.30628272 0.31675393
 0.31675393 0.32460733 0.32460733 0.32722513 0.32722513 0.33769634
 0.33769634 0.36387435 0.36387435 0.36649215 0.36649215 0.37434555
 0.37434555 0.37696335 0.37696335 0.37958115 0.37958115 0.38481675
 0.38481675 0.39267016 0.39267016 0.41361257 0.41361257 0.41623037
 0.41623037 0.42931937 0.42931937 0.44502618 0.44502618 0.45026178
 0.45026178 0.46073298 0.46073298 0.46335079 0.46335079 0.46596859
 0.46596859 0.47382199 0.47382199 0.47643979 0.47643979 0.48167539
 0.48167539 0.4895288  0.4895288  0.4921466  0.4921466  0.4973822
 0.4973822  0.5026178  0.5026178  0.5078534  0.5078534  0.51832461
 0.51832461 0.52356021 0.52356021 0.52879581 0.52879581 0.53141361
 0.53141361 0.53926702 0.53926702 0.54188482 0.54188482 0.54973822
 0.54973822 0.56020942 0.56020942 0.56282723 0.56282723 0.57068063
 0.57068063 0.57329843 0.57329843 0.57591623 0.57591623 0.58638743
 0.58638743 0.58900524 0.58900524 0.59162304 0.59162304 0.60994764
 0.60994764 0.61256545 0.61256545 0.61518325 0.61518325 0.61780105
 0.61780105 0.62041885 0.62041885 0.62303665 0.62303665 0.62827225
 0.62827225 0.63350785 0.63350785 0.64659686 0.64659686 0.64921466
 0.64921466 0.65183246 0.65183246 0.65445026 0.65445026 0.65968586
 0.65968586 0.66492147 0.66492147 0.66753927 0.66753927 0.67015707
 0.67015707 0.67539267 0.67539267 0.67801047 0.67801047 0.68062827
 0.68062827 0.68324607 0.68324607 0.68848168 0.68848168 0.69109948
 0.69109948 0.69371728 0.69371728 0.69633508 0.69633508 0.69895288
 0.69895288 0.70157068 0.70157068 0.70418848 0.70418848 0.70680628
 0.70680628 0.70942408 0.70942408 0.71204188 0.71204188 0.72251309
 0.72251309 0.72513089 0.72513089 0.72774869 0.72774869 0.73560209
 0.73560209 0.7408377  0.7408377  0.7434555  0.7434555  0.7460733
 0.7460733  0.7486911  0.7486911  0.7513089  0.7513089  0.7539267
 0.7539267  0.7591623  0.7591623  0.76439791 0.76439791 0.76701571
 0.76701571 0.76963351 0.76963351 0.77225131 0.77225131 0.77748691
 0.77748691 0.78010471 0.78010471 0.78272251 0.78272251 0.78534031
 0.78534031 0.79319372 0.79319372 0.79842932 0.79842932 0.80366492
 0.80366492 0.80628272 0.80628272 0.81151832 0.81151832 0.81413613
 0.81413613 0.81675393 0.81675393 0.81937173 0.81937173 0.82198953
 0.82198953 0.82460733 0.82460733 0.82984293 0.82984293 0.83246073
 0.83246073 0.83507853 0.83507853 0.83769634 0.83769634 0.84031414
 0.84031414 0.84293194 0.84293194 0.84554974 0.84554974 0.84816754
 0.84816754 0.85078534 0.85078534 0.85340314 0.85340314 0.85602094
 0.85602094 0.85863874 0.85863874 0.86125654 0.86125654 0.86387435
 0.86387435 0.86649215 0.86649215 0.86910995 0.86910995 0.87172775
 0.87172775 0.87434555 0.87434555 0.87696335 0.87696335 0.87958115
 0.87958115 0.88219895 0.88219895 0.88481675 0.88481675 0.88743455
 0.88743455 0.89005236 0.89005236 0.89267016 0.89267016 0.89528796
 0.89528796 0.89790576 0.89790576 0.90052356 0.90052356 0.90314136
 0.90314136 0.90837696 0.90837696 0.91099476 0.91099476 0.91361257
 0.91361257 0.91884817 0.91884817 0.92146597 0.92146597 0.92408377
 0.92408377 0.92670157 0.92670157 0.92931937 0.92931937 0.93193717
 0.93193717 0.93455497 0.93455497 0.93717277 0.93717277 0.93979058
 0.93979058 0.94240838 0.94240838 0.94502618 0.94502618 0.94764398
 0.94764398 0.95026178 0.95026178 0.95287958 0.95287958 0.95549738
 0.95549738 0.95811518 0.95811518 0.96073298 0.96073298 0.96335079
 0.96335079 0.96596859 0.96596859 0.96858639 0.96858639 0.97120419
 0.97120419 0.97382199 0.97382199 0.97643979 0.97643979 0.97905759
 0.97905759 0.98167539 0.98167539 0.98429319 0.98429319 0.98691099
 0.98691099 0.9895288  0.9895288  0.9921466  0.9921466  0.9947644
 0.9947644  0.9973822  0.9973822  1.         1.         1.
 1.         1.         1.         1.         1.         1.
 1.         1.         1.         1.         1.         1.
 1.         1.         1.         1.         1.         1.
 1.         1.         1.         1.         1.        ]",0.917358382490378
XGBoost,undersampling,0.8211678832116789,0.4582743988684583,0.8481675392670157,0.5950413223140496,"[0.00000000e+00 0.00000000e+00 0.00000000e+00 4.79846449e-04
 4.79846449e-04 1.43953935e-03 1.43953935e-03 1.91938580e-03
 1.91938580e-03 2.39923225e-03 2.39923225e-03 2.87907869e-03
 2.87907869e-03 3.35892514e-03 3.35892514e-03 4.31861804e-03
 4.31861804e-03 4.79846449e-03 4.79846449e-03 5.27831094e-03
 5.27831094e-03 6.23800384e-03 6.23800384e-03 6.71785029e-03
 6.71785029e-03 7.19769674e-03 7.19769674e-03 7.67754319e-03
 7.67754319e-03 8.15738964e-03 8.15738964e-03 8.63723608e-03
 8.63723608e-03 9.11708253e-03 9.11708253e-03 9.59692898e-03
 9.59692898e-03 1.00767754e-02 1.00767754e-02 1.15163148e-02
 1.15163148e-02 1.19961612e-02 1.19961612e-02 1.24760077e-02
 1.24760077e-02 1.39155470e-02 1.39155470e-02 1.53550864e-02
 1.53550864e-02 1.63147793e-02 1.63147793e-02 1.67946257e-02
 1.67946257e-02 1.72744722e-02 1.72744722e-02 1.77543186e-02
 1.77543186e-02 1.82341651e-02 1.82341651e-02 1.87140115e-02
 1.87140115e-02 1.91938580e-02 1.91938580e-02 2.01535509e-02
 2.01535509e-02 2.06333973e-02 2.06333973e-02 2.20729367e-02
 2.20729367e-02 2.25527831e-02 2.25527831e-02 2.30326296e-02
 2.30326296e-02 2.35124760e-02 2.35124760e-02 2.39923225e-02
 2.39923225e-02 2.49520154e-02 2.49520154e-02 2.54318618e-02
 2.54318618e-02 2.63915547e-02 2.63915547e-02 2.68714012e-02
 2.68714012e-02 2.78310940e-02 2.78310940e-02 2.83109405e-02
 2.83109405e-02 2.92706334e-02 2.92706334e-02 2.97504798e-02
 2.97504798e-02 3.16698656e-02 3.16698656e-02 3.21497121e-02
 3.21497121e-02 3.31094050e-02 3.31094050e-02 3.55086372e-02
 3.55086372e-02 3.64683301e-02 3.64683301e-02 3.79078695e-02
 3.79078695e-02 3.93474088e-02 3.93474088e-02 3.98272553e-02
 3.98272553e-02 4.12667946e-02 4.12667946e-02 4.22264875e-02
 4.22264875e-02 4.36660269e-02 4.36660269e-02 4.41458733e-02
 4.41458733e-02 4.55854127e-02 4.55854127e-02 4.70249520e-02
 4.70249520e-02 4.75047985e-02 4.75047985e-02 4.79846449e-02
 4.79846449e-02 4.89443378e-02 4.89443378e-02 4.94241843e-02
 4.94241843e-02 4.99040307e-02 4.99040307e-02 5.27831094e-02
 5.27831094e-02 5.32629559e-02 5.32629559e-02 5.47024952e-02
 5.47024952e-02 5.56621881e-02 5.56621881e-02 5.61420345e-02
 5.61420345e-02 5.66218810e-02 5.66218810e-02 5.71017274e-02
 5.71017274e-02 5.85412668e-02 5.85412668e-02 6.09404990e-02
 6.09404990e-02 6.19001919e-02 6.19001919e-02 6.23800384e-02
 6.23800384e-02 6.62188100e-02 6.62188100e-02 6.66986564e-02
 6.66986564e-02 6.71785029e-02 6.71785029e-02 6.76583493e-02
 6.76583493e-02 6.86180422e-02 6.86180422e-02 6.90978887e-02
 6.90978887e-02 7.05374280e-02 7.05374280e-02 7.10172745e-02
 7.10172745e-02 7.14971209e-02 7.14971209e-02 7.24568138e-02
 7.24568138e-02 7.38963532e-02 7.38963532e-02 7.58157390e-02
 7.58157390e-02 7.62955854e-02 7.62955854e-02 7.96545106e-02
 7.96545106e-02 8.01343570e-02 8.01343570e-02 8.06142035e-02
 8.06142035e-02 8.20537428e-02 8.20537428e-02 8.34932821e-02
 8.34932821e-02 8.49328215e-02 8.49328215e-02 8.54126679e-02
 8.54126679e-02 8.78119002e-02 8.78119002e-02 8.92514395e-02
 8.92514395e-02 8.97312860e-02 8.97312860e-02 9.02111324e-02
 9.02111324e-02 9.16506718e-02 9.16506718e-02 9.30902111e-02
 9.30902111e-02 9.45297505e-02 9.45297505e-02 9.74088292e-02
 9.74088292e-02 9.93282150e-02 9.93282150e-02 1.00767754e-01
 1.00767754e-01 1.01247601e-01 1.01247601e-01 1.01727447e-01
 1.01727447e-01 1.03166987e-01 1.03166987e-01 1.04126679e-01
 1.04126679e-01 1.04606526e-01 1.04606526e-01 1.07965451e-01
 1.07965451e-01 1.08925144e-01 1.08925144e-01 1.09884837e-01
 1.09884837e-01 1.10364683e-01 1.10364683e-01 1.16122841e-01
 1.16122841e-01 1.17082534e-01 1.17082534e-01 1.18522073e-01
 1.18522073e-01 1.20921305e-01 1.20921305e-01 1.29558541e-01
 1.29558541e-01 1.30998081e-01 1.30998081e-01 1.31477927e-01
 1.31477927e-01 1.31957774e-01 1.31957774e-01 1.34836852e-01
 1.34836852e-01 1.35796545e-01 1.35796545e-01 1.37715931e-01
 1.37715931e-01 1.38195777e-01 1.38195777e-01 1.38675624e-01
 1.38675624e-01 1.44433781e-01 1.44433781e-01 1.47792706e-01
 1.47792706e-01 1.50671785e-01 1.50671785e-01 1.52111324e-01
 1.52111324e-01 1.54510557e-01 1.54510557e-01 1.59309021e-01
 1.59309021e-01 1.62667946e-01 1.62667946e-01 1.63627639e-01
 1.63627639e-01 1.66506718e-01 1.66506718e-01 1.68426104e-01
 1.68426104e-01 1.69385797e-01 1.69385797e-01 1.71785029e-01
 1.71785029e-01 1.80422265e-01 1.80422265e-01 1.84261036e-01
 1.84261036e-01 1.86660269e-01 1.86660269e-01 1.91938580e-01
 1.91938580e-01 1.96737044e-01 1.96737044e-01 2.02015355e-01
 2.02015355e-01 2.02975048e-01 2.02975048e-01 2.03454894e-01
 2.03454894e-01 2.05374280e-01 2.05374280e-01 2.06813820e-01
 2.06813820e-01 2.09692898e-01 2.09692898e-01 2.21209213e-01
 2.21209213e-01 2.22648752e-01 2.22648752e-01 2.26007678e-01
 2.26007678e-01 2.27447217e-01 2.27447217e-01 2.27927063e-01
 2.27927063e-01 2.29366603e-01 2.29366603e-01 2.34644914e-01
 2.34644914e-01 2.36564299e-01 2.36564299e-01 2.40882917e-01
 2.40882917e-01 2.70153551e-01 2.70153551e-01 2.74472169e-01
 2.74472169e-01 2.82629559e-01 2.82629559e-01 2.83589251e-01
 2.83589251e-01 2.89827255e-01 2.89827255e-01 2.90786948e-01
 2.90786948e-01 2.94145873e-01 2.94145873e-01 2.94625720e-01
 2.94625720e-01 3.02303263e-01 3.02303263e-01 3.12859885e-01
 3.12859885e-01 3.16218810e-01 3.16218810e-01 3.17178503e-01
 3.17178503e-01 3.20057582e-01 3.20057582e-01 3.34932821e-01
 3.34932821e-01 3.44049904e-01 3.44049904e-01 3.46449136e-01
 3.46449136e-01 3.49808061e-01 3.49808061e-01 3.61324376e-01
 3.61324376e-01 3.67562380e-01 3.67562380e-01 3.71401152e-01
 3.71401152e-01 3.76199616e-01 3.76199616e-01 3.77159309e-01
 3.77159309e-01 3.98752399e-01 3.98752399e-01 4.03071017e-01
 4.03071017e-01 4.16506718e-01 4.16506718e-01 4.35700576e-01
 4.35700576e-01 4.45777351e-01 4.45777351e-01 4.59213052e-01
 4.59213052e-01 4.72168906e-01 4.72168906e-01 4.73608445e-01
 4.73608445e-01 4.81285988e-01 4.81285988e-01 4.94241843e-01
 4.94241843e-01 5.46545106e-01 5.46545106e-01 5.51823417e-01
 5.51823417e-01 6.63627639e-01 6.64587332e-01 6.70345489e-01
 6.71785029e-01 7.76871401e-01 7.77831094e-01 8.65642994e-01
 8.67082534e-01 8.75719770e-01 8.76679463e-01 9.31381958e-01
 9.32341651e-01 9.61132438e-01 9.64491363e-01 9.73608445e-01
 9.74568138e-01 9.83685221e-01 9.84644914e-01 9.87044146e-01
 9.88003839e-01 1.00000000e+00]","[0.         0.0026178  0.07853403 0.07853403 0.08115183 0.08115183
 0.08376963 0.08376963 0.08900524 0.08900524 0.09685864 0.09685864
 0.10209424 0.10209424 0.12303665 0.12303665 0.12827225 0.12827225
 0.15706806 0.15706806 0.17015707 0.17015707 0.17277487 0.17277487
 0.19109948 0.19109948 0.19371728 0.19371728 0.19633508 0.19633508
 0.20680628 0.20680628 0.21465969 0.21465969 0.21727749 0.21727749
 0.23560209 0.23560209 0.2434555  0.2434555  0.2486911  0.2486911
 0.2513089  0.2513089  0.2617801  0.2617801  0.28010471 0.28010471
 0.28272251 0.28272251 0.30104712 0.30104712 0.30366492 0.30366492
 0.30628272 0.30628272 0.34031414 0.34031414 0.34293194 0.34293194
 0.34816754 0.34816754 0.35340314 0.35340314 0.36387435 0.36387435
 0.36910995 0.36910995 0.37172775 0.37172775 0.37958115 0.37958115
 0.38219895 0.38219895 0.39267016 0.39267016 0.39790576 0.39790576
 0.40314136 0.40314136 0.40575916 0.40575916 0.40837696 0.40837696
 0.41361257 0.41361257 0.41623037 0.41623037 0.41884817 0.41884817
 0.43979058 0.43979058 0.45287958 0.45287958 0.45549738 0.45549738
 0.45811518 0.45811518 0.46073298 0.46073298 0.46335079 0.46335079
 0.46596859 0.46596859 0.47643979 0.47643979 0.48167539 0.48167539
 0.48429319 0.48429319 0.48691099 0.48691099 0.4947644  0.4947644
 0.5078534  0.5078534  0.51570681 0.51570681 0.51832461 0.51832461
 0.52094241 0.52094241 0.52617801 0.52617801 0.52879581 0.52879581
 0.53664921 0.53664921 0.53926702 0.53926702 0.54712042 0.54712042
 0.55759162 0.55759162 0.56544503 0.56544503 0.56806283 0.56806283
 0.57329843 0.57329843 0.57591623 0.57591623 0.58115183 0.58115183
 0.58900524 0.58900524 0.59424084 0.59424084 0.60209424 0.60209424
 0.60994764 0.60994764 0.61256545 0.61256545 0.61518325 0.61518325
 0.61780105 0.61780105 0.62303665 0.62303665 0.63089005 0.63089005
 0.64136126 0.64136126 0.64397906 0.64397906 0.64659686 0.64659686
 0.64921466 0.64921466 0.65183246 0.65183246 0.65706806 0.65706806
 0.65968586 0.65968586 0.66230366 0.66230366 0.66492147 0.66492147
 0.66753927 0.66753927 0.67277487 0.67277487 0.67539267 0.67539267
 0.67801047 0.67801047 0.68324607 0.68324607 0.68586387 0.68586387
 0.68848168 0.68848168 0.69633508 0.69633508 0.69895288 0.69895288
 0.70157068 0.70157068 0.70418848 0.70418848 0.70942408 0.70942408
 0.71204188 0.71204188 0.71727749 0.71727749 0.72513089 0.72513089
 0.72774869 0.72774869 0.73036649 0.73036649 0.73298429 0.73298429
 0.7434555  0.7434555  0.7486911  0.7486911  0.7513089  0.7513089
 0.7539267  0.7539267  0.7591623  0.7591623  0.7617801  0.7617801
 0.76439791 0.76439791 0.76701571 0.76701571 0.77225131 0.77225131
 0.77486911 0.77486911 0.77748691 0.77748691 0.78010471 0.78010471
 0.78272251 0.78272251 0.78795812 0.78795812 0.79057592 0.79057592
 0.79319372 0.79319372 0.79581152 0.79581152 0.79842932 0.79842932
 0.80104712 0.80104712 0.80628272 0.80628272 0.80890052 0.80890052
 0.81413613 0.81413613 0.81675393 0.81675393 0.81937173 0.81937173
 0.82198953 0.82198953 0.82460733 0.82460733 0.82722513 0.82722513
 0.82984293 0.82984293 0.83246073 0.83246073 0.83507853 0.83507853
 0.83769634 0.83769634 0.84031414 0.84031414 0.84554974 0.84554974
 0.84816754 0.84816754 0.85078534 0.85078534 0.85340314 0.85340314
 0.85602094 0.85602094 0.85863874 0.85863874 0.86387435 0.86387435
 0.86910995 0.86910995 0.87172775 0.87172775 0.87434555 0.87434555
 0.87696335 0.87696335 0.87958115 0.87958115 0.88219895 0.88219895
 0.88481675 0.88481675 0.88743455 0.88743455 0.89005236 0.89005236
 0.89267016 0.89267016 0.89528796 0.89528796 0.89790576 0.89790576
 0.90052356 0.90052356 0.90575916 0.90575916 0.90837696 0.90837696
 0.91361257 0.91361257 0.91884817 0.91884817 0.92146597 0.92146597
 0.92408377 0.92408377 0.92670157 0.92670157 0.92931937 0.92931937
 0.93193717 0.93193717 0.93455497 0.93455497 0.93717277 0.93717277
 0.93979058 0.93979058 0.94240838 0.94240838 0.94502618 0.94502618
 0.94764398 0.94764398 0.95026178 0.95026178 0.95287958 0.95287958
 0.95549738 0.95549738 0.95811518 0.95811518 0.96073298 0.96073298
 0.96335079 0.96335079 0.96596859 0.96596859 0.96858639 0.96858639
 0.97120419 0.97120419 0.97382199 0.97382199 0.97643979 0.97643979
 0.97905759 0.97905759 0.98167539 0.98167539 0.98429319 0.98429319
 0.98691099 0.98691099 0.9895288  0.9895288  0.9921466  0.9921466
 0.9947644  0.9947644  0.9973822  0.9973822  1.         1.
 1.         1.         1.         1.         1.         1.
 1.         1.         1.         1.         1.         1.
 1.         1.         1.         1.         1.         1.
 1.         1.        ]",0.9150232135140839
