Model,SamplingTechnique,Accuracy,Precision,Recall,F1-Score,FPR,TPR,AUC
KNN,base,0.8864557988645579,0.6688741721854304,0.5287958115183246,0.5906432748538012,"[0.         0.0071977  0.02015355 0.04798464 0.10220729 0.22792706
 1.        ]","[0.         0.14397906 0.35602094 0.52879581 0.67277487 0.83507853
 1.        ]",0.8518367316176101
KNN,oversampling,0.8195458231954582,0.4514637904468413,0.7670157068062827,0.5683802133850631,"[0.         0.06429942 0.12380038 0.17082534 0.20585413 0.22792706
 1.        ]","[0.         0.4947644  0.68324607 0.76701571 0.79581152 0.83507853
 1.        ]",0.8388306317894504
KNN,undersampling,0.8146796431467964,0.44573082489146165,0.806282722513089,0.5740913327120224,"[0.         0.03886756 0.10460653 0.18378119 0.31238004 0.50767754
 1.        ]","[0.         0.44240838 0.64921466 0.80628272 0.89267016 0.95811518
 1.        ]",0.8740786194491061
SVM,base,0.8921330089213301,0.7071428571428572,0.518324607329843,0.5981873111782477,"[0.00000000e+00 0.00000000e+00 0.00000000e+00 4.79846449e-04
 4.79846449e-04 9.59692898e-04 9.59692898e-04 1.43953935e-03
 1.43953935e-03 2.39923225e-03 2.39923225e-03 2.87907869e-03
 2.87907869e-03 3.35892514e-03 3.35892514e-03 4.31861804e-03
 4.31861804e-03 4.79846449e-03 4.79846449e-03 5.27831094e-03
 5.27831094e-03 5.75815739e-03 5.75815739e-03 6.23800384e-03
 6.23800384e-03 6.71785029e-03 6.71785029e-03 7.19769674e-03
 7.19769674e-03 7.67754319e-03 7.67754319e-03 8.15738964e-03
 8.15738964e-03 9.11708253e-03 9.11708253e-03 9.59692898e-03
 9.59692898e-03 1.00767754e-02 1.00767754e-02 1.05566219e-02
 1.05566219e-02 1.15163148e-02 1.15163148e-02 1.19961612e-02
 1.19961612e-02 1.24760077e-02 1.24760077e-02 1.29558541e-02
 1.29558541e-02 1.34357006e-02 1.34357006e-02 1.39155470e-02
 1.39155470e-02 1.53550864e-02 1.53550864e-02 1.58349328e-02
 1.58349328e-02 1.72744722e-02 1.72744722e-02 1.77543186e-02
 1.77543186e-02 2.11132438e-02 2.11132438e-02 2.15930902e-02
 2.15930902e-02 2.30326296e-02 2.30326296e-02 2.35124760e-02
 2.35124760e-02 2.44721689e-02 2.44721689e-02 2.54318618e-02
 2.54318618e-02 2.59117083e-02 2.59117083e-02 2.68714012e-02
 2.68714012e-02 2.87907869e-02 2.87907869e-02 2.92706334e-02
 2.92706334e-02 3.02303263e-02 3.02303263e-02 3.16698656e-02
 3.16698656e-02 3.21497121e-02 3.21497121e-02 3.26295585e-02
 3.26295585e-02 3.31094050e-02 3.31094050e-02 3.35892514e-02
 3.35892514e-02 3.45489443e-02 3.50287908e-02 3.55086372e-02
 3.55086372e-02 3.64683301e-02 3.64683301e-02 3.74280230e-02
 3.74280230e-02 3.83877159e-02 3.83877159e-02 3.93474088e-02
 3.93474088e-02 4.03071017e-02 4.03071017e-02 4.17466411e-02
 4.17466411e-02 4.27063340e-02 4.27063340e-02 4.41458733e-02
 4.41458733e-02 4.55854127e-02 4.55854127e-02 4.79846449e-02
 4.79846449e-02 5.37428023e-02 5.37428023e-02 5.51823417e-02
 5.51823417e-02 5.56621881e-02 5.56621881e-02 5.61420345e-02
 5.61420345e-02 5.85412668e-02 5.85412668e-02 5.99808061e-02
 5.99808061e-02 6.09404990e-02 6.09404990e-02 6.19001919e-02
 6.19001919e-02 6.23800384e-02 6.23800384e-02 6.28598848e-02
 6.28598848e-02 6.33397313e-02 6.33397313e-02 6.38195777e-02
 6.38195777e-02 6.52591171e-02 6.52591171e-02 6.57389635e-02
 6.57389635e-02 6.66986564e-02 6.66986564e-02 6.81381958e-02
 6.81381958e-02 6.86180422e-02 6.86180422e-02 6.90978887e-02
 6.90978887e-02 7.10172745e-02 7.10172745e-02 7.19769674e-02
 7.19769674e-02 7.24568138e-02 7.24568138e-02 7.34165067e-02
 7.34165067e-02 7.43761996e-02 7.43761996e-02 7.72552783e-02
 7.72552783e-02 7.77351248e-02 7.77351248e-02 7.91746641e-02
 7.91746641e-02 8.06142035e-02 8.06142035e-02 8.10940499e-02
 8.10940499e-02 8.15738964e-02 8.15738964e-02 8.25335893e-02
 8.25335893e-02 8.34932821e-02 8.34932821e-02 8.49328215e-02
 8.49328215e-02 8.58925144e-02 8.58925144e-02 8.63723608e-02
 8.63723608e-02 9.02111324e-02 9.02111324e-02 9.06909789e-02
 9.06909789e-02 9.21305182e-02 9.21305182e-02 9.30902111e-02
 9.30902111e-02 9.35700576e-02 9.35700576e-02 9.45297505e-02
 9.45297505e-02 9.78886756e-02 9.78886756e-02 1.02207294e-01
 1.02207294e-01 1.02687140e-01 1.02687140e-01 1.04606526e-01
 1.04606526e-01 1.07485605e-01 1.07485605e-01 1.10364683e-01
 1.10364683e-01 1.10844530e-01 1.10844530e-01 1.11324376e-01
 1.11324376e-01 1.15163148e-01 1.15163148e-01 1.15642994e-01
 1.15642994e-01 1.19961612e-01 1.19961612e-01 1.25239923e-01
 1.25239923e-01 1.26199616e-01 1.26199616e-01 1.26679463e-01
 1.26679463e-01 1.30998081e-01 1.30998081e-01 1.35796545e-01
 1.35796545e-01 1.42994242e-01 1.42994242e-01 1.43474088e-01
 1.44913628e-01 1.51631478e-01 1.51631478e-01 1.52111324e-01
 1.52111324e-01 1.52591171e-01 1.52591171e-01 1.54030710e-01
 1.54030710e-01 1.57389635e-01 1.58349328e-01 1.60748560e-01
 1.60748560e-01 1.66506718e-01 1.66506718e-01 1.72744722e-01
 1.75143954e-01 1.79462572e-01 1.99136276e-01 2.00095969e-01
 2.07773512e-01 2.09213052e-01 2.09213052e-01 2.17850288e-01
 2.17850288e-01 2.18809981e-01 2.25527831e-01 2.26007678e-01
 2.26007678e-01 2.27447217e-01 2.27447217e-01 2.27927063e-01
 2.27927063e-01 2.30326296e-01 2.30326296e-01 2.30806142e-01
 2.30806142e-01 2.40403071e-01 2.40403071e-01 2.44241843e-01
 2.44241843e-01 2.52879079e-01 2.52879079e-01 2.59117083e-01
 2.61996161e-01 2.75431862e-01 2.75431862e-01 2.77351248e-01
 2.77351248e-01 2.79750480e-01 2.79750480e-01 2.80230326e-01
 2.81190019e-01 2.84548944e-01 2.84548944e-01 2.95105566e-01
 2.95105566e-01 2.97024952e-01 2.97024952e-01 2.99904031e-01
 2.99904031e-01 3.07581574e-01 3.07581574e-01 3.12859885e-01
 3.12859885e-01 3.24376200e-01 3.24376200e-01 3.31094050e-01
 3.31094050e-01 3.33493282e-01 3.34452975e-01 3.36852207e-01
 3.36852207e-01 3.38771593e-01 3.38771593e-01 3.40211132e-01
 3.40211132e-01 3.41170825e-01 3.41170825e-01 3.42130518e-01
 3.42130518e-01 3.42610365e-01 3.42610365e-01 3.45489443e-01
 3.45489443e-01 3.49808061e-01 3.50767754e-01 3.55086372e-01
 3.55086372e-01 3.64683301e-01 3.64683301e-01 3.66122841e-01
 3.66122841e-01 3.71401152e-01 3.71401152e-01 3.74280230e-01
 3.74280230e-01 3.87715931e-01 3.87715931e-01 3.88195777e-01
 3.89155470e-01 4.02591171e-01 4.05470250e-01 4.05950096e-01
 4.05950096e-01 4.08349328e-01 4.08349328e-01 4.14107486e-01
 4.14107486e-01 4.29942418e-01 4.29942418e-01 4.32341651e-01
 4.33301344e-01 4.39059501e-01 4.39059501e-01 4.40978887e-01
 4.40978887e-01 4.68809981e-01 4.68809981e-01 4.84165067e-01
 4.84165067e-01 4.85124760e-01 4.92802303e-01 4.93282150e-01
 4.93282150e-01 4.94721689e-01 4.94721689e-01 5.08637236e-01
 5.08637236e-01 5.12955854e-01 5.12955854e-01 5.14395393e-01
 5.15834933e-01 5.38387716e-01 5.39827255e-01 5.40786948e-01
 5.40786948e-01 5.44625720e-01 5.46065259e-01 5.54702495e-01
 5.54702495e-01 5.68138196e-01 5.68138196e-01 6.09884837e-01
 6.09884837e-01 6.20921305e-01 6.20921305e-01 6.35316699e-01
 6.35316699e-01 6.37715931e-01 6.37715931e-01 6.42994242e-01
 6.42994242e-01 6.57389635e-01 6.57389635e-01 6.74664107e-01
 6.74664107e-01 7.01535509e-01 7.01535509e-01 7.08733205e-01
 7.08733205e-01 7.43282150e-01 7.43282150e-01 7.71113244e-01
 7.72072937e-01 8.02303263e-01 8.02303263e-01 8.55086372e-01
 8.55086372e-01 8.60844530e-01 8.60844530e-01 8.68042226e-01
 8.68042226e-01 8.79078695e-01 8.79078695e-01 1.00000000e+00]","[0.         0.0026178  0.03141361 0.03141361 0.05497382 0.05497382
 0.08376963 0.08376963 0.12827225 0.12827225 0.13089005 0.13089005
 0.15968586 0.15968586 0.16230366 0.16230366 0.19109948 0.19109948
 0.20418848 0.20418848 0.20942408 0.20942408 0.23298429 0.23298429
 0.2382199  0.2382199  0.2408377  0.2408377  0.2434555  0.2434555
 0.2513089  0.2513089  0.2539267  0.2539267  0.2565445  0.2565445
 0.2617801  0.2617801  0.27225131 0.27225131 0.29319372 0.29319372
 0.31151832 0.31151832 0.32460733 0.32460733 0.33769634 0.33769634
 0.34031414 0.34031414 0.34293194 0.34293194 0.34554974 0.34554974
 0.35863874 0.35863874 0.36125654 0.36125654 0.36910995 0.36910995
 0.37172775 0.37172775 0.37434555 0.37434555 0.37696335 0.37696335
 0.37958115 0.37958115 0.39005236 0.39005236 0.39528796 0.39528796
 0.40052356 0.40052356 0.40314136 0.40314136 0.41623037 0.41623037
 0.42670157 0.42670157 0.43193717 0.43193717 0.43717277 0.43717277
 0.44502618 0.44502618 0.45549738 0.45549738 0.45811518 0.45811518
 0.46073298 0.46073298 0.46858639 0.46858639 0.47643979 0.47643979
 0.48167539 0.48167539 0.48429319 0.48429319 0.4921466  0.4921466
 0.4973822  0.4973822  0.52879581 0.52879581 0.53141361 0.53141361
 0.53664921 0.53664921 0.53926702 0.53926702 0.54712042 0.54712042
 0.54973822 0.54973822 0.55235602 0.55235602 0.55497382 0.55497382
 0.56282723 0.56282723 0.57068063 0.57068063 0.58115183 0.58115183
 0.58638743 0.58638743 0.59424084 0.59424084 0.59685864 0.59685864
 0.59947644 0.59947644 0.60732984 0.60732984 0.60994764 0.60994764
 0.61518325 0.61518325 0.61780105 0.61780105 0.62303665 0.62303665
 0.63089005 0.63089005 0.63350785 0.63350785 0.63874346 0.63874346
 0.64136126 0.64136126 0.64397906 0.64397906 0.64659686 0.64659686
 0.65445026 0.65445026 0.66753927 0.66753927 0.67015707 0.67015707
 0.67277487 0.67277487 0.67539267 0.67539267 0.67801047 0.67801047
 0.68062827 0.68062827 0.68324607 0.68324607 0.68586387 0.68586387
 0.69109948 0.69109948 0.70418848 0.70418848 0.70680628 0.70680628
 0.71465969 0.71465969 0.71727749 0.71727749 0.72251309 0.72251309
 0.73036649 0.73036649 0.73298429 0.73298429 0.73560209 0.73560209
 0.7382199  0.7382199  0.7408377  0.7408377  0.7434555  0.7434555
 0.7460733  0.7460733  0.7486911  0.7486911  0.7513089  0.7513089
 0.7539267  0.7539267  0.7591623  0.7591623  0.76439791 0.76439791
 0.76701571 0.76701571 0.77225131 0.77225131 0.77486911 0.77486911
 0.78010471 0.78010471 0.78272251 0.78272251 0.78534031 0.78534031
 0.79057592 0.79057592 0.79319372 0.79319372 0.79581152 0.79581152
 0.79842932 0.79842932 0.80104712 0.80104712 0.80104712 0.80104712
 0.80366492 0.80366492 0.80628272 0.80628272 0.80890052 0.80890052
 0.81151832 0.81151832 0.81151832 0.81151832 0.81413613 0.81413613
 0.81675393 0.81675393 0.81675393 0.81675393 0.81675393 0.81675393
 0.81937173 0.81937173 0.82198953 0.82198953 0.82460733 0.82460733
 0.82460733 0.82460733 0.82722513 0.82722513 0.82984293 0.82984293
 0.83246073 0.83246073 0.83507853 0.83507853 0.83769634 0.83769634
 0.84031414 0.84031414 0.84293194 0.84293194 0.84554974 0.84554974
 0.84554974 0.84554974 0.84816754 0.84816754 0.85078534 0.85078534
 0.85340314 0.85340314 0.85340314 0.85340314 0.85602094 0.85602094
 0.85863874 0.85863874 0.86125654 0.86125654 0.86387435 0.86387435
 0.86649215 0.86649215 0.86910995 0.86910995 0.87172775 0.87172775
 0.87434555 0.87434555 0.87434555 0.87434555 0.87696335 0.87696335
 0.87958115 0.87958115 0.88219895 0.88219895 0.88481675 0.88481675
 0.88743455 0.88743455 0.89005236 0.89005236 0.89528796 0.89528796
 0.89528796 0.89528796 0.90052356 0.90052356 0.90314136 0.90314136
 0.90575916 0.90575916 0.90837696 0.90837696 0.91099476 0.91099476
 0.91361257 0.91361257 0.91361257 0.91361257 0.91361257 0.91361257
 0.91623037 0.91623037 0.91884817 0.91884817 0.92146597 0.92146597
 0.92408377 0.92408377 0.92408377 0.92408377 0.92670157 0.92670157
 0.92931937 0.92931937 0.93193717 0.93193717 0.93455497 0.93455497
 0.93455497 0.93455497 0.93717277 0.93717277 0.94240838 0.94240838
 0.94502618 0.94502618 0.94764398 0.94764398 0.94764398 0.94764398
 0.94764398 0.94764398 0.95026178 0.95026178 0.95026178 0.95026178
 0.95287958 0.95287958 0.95549738 0.95549738 0.95811518 0.95811518
 0.96073298 0.96073298 0.96335079 0.96335079 0.96858639 0.96858639
 0.97120419 0.97120419 0.97382199 0.97382199 0.97643979 0.97643979
 0.97905759 0.97905759 0.98167539 0.98167539 0.98429319 0.98429319
 0.98429319 0.98429319 0.98691099 0.98691099 0.9895288  0.9895288
 0.9921466  0.9921466  0.9947644  0.9947644  1.         1.        ]",0.8873083126488529
SVM,oversampling,0.862124898621249,0.5372340425531915,0.7931937172774869,0.6405919661733616,"[0.         0.         0.         0.00143954 0.00143954 0.00287908
 0.00287908 0.00335893 0.00335893 0.00383877 0.00383877 0.00431862
 0.00431862 0.00479846 0.00479846 0.00527831 0.00527831 0.00575816
 0.00575816 0.006238   0.006238   0.00767754 0.00767754 0.00815739
 0.00815739 0.00959693 0.00959693 0.01007678 0.01007678 0.01055662
 0.01055662 0.01103647 0.01103647 0.01199616 0.01199616 0.01247601
 0.01247601 0.0134357  0.0134357  0.01439539 0.01439539 0.01487524
 0.01487524 0.01535509 0.01535509 0.01583493 0.01583493 0.01727447
 0.01727447 0.01775432 0.01775432 0.01823417 0.01823417 0.01871401
 0.01871401 0.02159309 0.02159309 0.02207294 0.02207294 0.02255278
 0.02255278 0.02303263 0.02303263 0.02351248 0.02351248 0.02447217
 0.02447217 0.02495202 0.02495202 0.02591171 0.02591171 0.02735125
 0.02735125 0.02783109 0.02783109 0.03071017 0.03071017 0.03119002
 0.03119002 0.03166987 0.03166987 0.03214971 0.03214971 0.0331094
 0.0331094  0.03358925 0.03358925 0.03502879 0.03502879 0.03550864
 0.03550864 0.03598848 0.03598848 0.03694818 0.03694818 0.03742802
 0.03742802 0.03838772 0.03838772 0.03886756 0.03886756 0.03934741
 0.03934741 0.03982726 0.03982726 0.04078695 0.04078695 0.04126679
 0.04126679 0.04174664 0.04174664 0.04222649 0.04222649 0.04270633
 0.04270633 0.04318618 0.04318618 0.04366603 0.04366603 0.04462572
 0.04462572 0.04510557 0.04510557 0.04606526 0.04606526 0.04654511
 0.04654511 0.0475048  0.0475048  0.04798464 0.04798464 0.04846449
 0.04846449 0.04942418 0.04942418 0.04990403 0.04990403 0.05038388
 0.05038388 0.05230326 0.05230326 0.05278311 0.05278311 0.05326296
 0.05326296 0.0537428  0.0537428  0.05422265 0.05422265 0.05566219
 0.05566219 0.05614203 0.05614203 0.05662188 0.05662188 0.05710173
 0.05710173 0.05758157 0.05758157 0.05806142 0.05806142 0.05902111
 0.05902111 0.05998081 0.05998081 0.06046065 0.06046065 0.0609405
 0.0609405  0.06238004 0.06238004 0.06285988 0.06285988 0.06381958
 0.06381958 0.06669866 0.06669866 0.0671785  0.0671785  0.06765835
 0.06765835 0.06957774 0.06957774 0.07053743 0.07053743 0.07149712
 0.07149712 0.07245681 0.07245681 0.07293666 0.07293666 0.07389635
 0.07389635 0.0743762  0.0743762  0.07725528 0.07725528 0.07917466
 0.07917466 0.07965451 0.07965451 0.0806142  0.0806142  0.0815739
 0.0815739  0.08205374 0.08205374 0.08253359 0.08253359 0.08541267
 0.08541267 0.08589251 0.08589251 0.08685221 0.08685221 0.08829175
 0.08829175 0.08925144 0.08925144 0.09021113 0.09021113 0.09165067
 0.09165067 0.0940499  0.0940499  0.0950096  0.0950096  0.09596929
 0.09596929 0.09788868 0.09788868 0.10364683 0.10364683 0.10412668
 0.10412668 0.10604607 0.10604607 0.10940499 0.10940499 0.10988484
 0.10988484 0.11084453 0.11084453 0.11564299 0.11564299 0.11756238
 0.11756238 0.11804223 0.11804223 0.12044146 0.12044146 0.12140115
 0.12140115 0.12236084 0.12236084 0.12619962 0.12907869 0.13195777
 0.13195777 0.13339731 0.13339731 0.13387716 0.13387716 0.13579655
 0.13579655 0.13675624 0.13675624 0.14491363 0.14491363 0.14539347
 0.14539347 0.14731286 0.14731286 0.14923225 0.14923225 0.15115163
 0.15115163 0.16266795 0.16266795 0.16410749 0.16410749 0.16794626
 0.16794626 0.17082534 0.17082534 0.17514395 0.17514395 0.17610365
 0.17610365 0.17802303 0.17802303 0.18522073 0.18522073 0.18570058
 0.18570058 0.18666027 0.18666027 0.1890595  0.1890595  0.18953935
 0.18953935 0.19385797 0.19385797 0.19577735 0.19577735 0.19961612
 0.19961612 0.20777351 0.20777351 0.21545106 0.21545106 0.2168906
 0.2168906  0.22504798 0.22504798 0.22552783 0.22552783 0.23176583
 0.23176583 0.23608445 0.23608445 0.23800384 0.23800384 0.24760077
 0.24760077 0.24808061 0.24808061 0.25095969 0.25095969 0.25143954
 0.25143954 0.25239923 0.25239923 0.25959693 0.25959693 0.26583493
 0.26583493 0.26919386 0.26919386 0.2696737  0.2696737  0.27495202
 0.27495202 0.29078695 0.29078695 0.30326296 0.30326296 0.3243762
 0.3243762  0.32725528 0.32725528 0.3440499  0.36372361 0.37044146
 0.378119   0.38771593 0.38867562 0.40067179 0.40163148 0.4184261
 0.42610365 0.42802303 0.42946257 0.43666027 0.43666027 0.44289827
 0.44289827 0.44961612 0.44961612 0.45681382 0.45777351 0.47024952
 0.47120921 0.50911708 0.51007678 0.5475048  0.54846449 0.57101727
 0.57101727 0.59213052 0.59213052 0.60220729 0.60460653 0.61900192
 0.61900192 0.62667946 0.62667946 0.62907869 0.62907869 0.63243762
 0.63243762 0.65115163 0.65115163 0.67514395 0.67514395 0.70009597
 0.70153551 0.71737044 0.72024952 0.7303263  0.73320537 0.73752399
 0.74424184 0.75191939 0.75287908 0.75815739 0.75815739 0.75959693
 0.75959693 0.77783109 0.77927063 0.78119002 0.78119002 0.78886756
 0.78886756 0.79318618 0.79318618 0.79558541 0.79558541 0.81477927
 0.81477927 0.81669866 0.81669866 0.82101727 0.82245681 0.85268714
 0.85268714 0.88579655 0.88579655 0.9524952  0.9524952  0.95345489
 0.95345489 0.9668906  0.9668906  1.        ]","[0.         0.0026178  0.0052356  0.0052356  0.0078534  0.0078534
 0.0104712  0.0104712  0.01570681 0.01570681 0.01832461 0.01832461
 0.02879581 0.02879581 0.03141361 0.03141361 0.04188482 0.04188482
 0.04450262 0.04450262 0.04712042 0.04712042 0.06020942 0.06020942
 0.06806283 0.06806283 0.07591623 0.07591623 0.07853403 0.07853403
 0.08115183 0.08115183 0.08376963 0.08376963 0.08900524 0.08900524
 0.09685864 0.09685864 0.09947644 0.09947644 0.10209424 0.10209424
 0.11256545 0.11256545 0.11780105 0.11780105 0.12041885 0.12041885
 0.12827225 0.12827225 0.13612565 0.13612565 0.14397906 0.14397906
 0.14921466 0.14921466 0.16230366 0.16230366 0.17015707 0.17015707
 0.17277487 0.17277487 0.18062827 0.18062827 0.19371728 0.19371728
 0.22774869 0.22774869 0.23298429 0.23298429 0.2382199  0.2382199
 0.2408377  0.2408377  0.2434555  0.2434555  0.2565445  0.2565445
 0.2617801  0.2617801  0.27486911 0.27486911 0.28010471 0.28010471
 0.28534031 0.28534031 0.29057592 0.29057592 0.29581152 0.29581152
 0.30366492 0.30366492 0.30628272 0.30628272 0.31151832 0.31151832
 0.31413613 0.31413613 0.32722513 0.32722513 0.32984293 0.32984293
 0.35078534 0.35078534 0.36910995 0.36910995 0.37172775 0.37172775
 0.37958115 0.37958115 0.38743455 0.38743455 0.39790576 0.39790576
 0.41099476 0.41099476 0.41623037 0.41623037 0.41884817 0.41884817
 0.42408377 0.42408377 0.43193717 0.43193717 0.43455497 0.43455497
 0.43717277 0.43717277 0.43979058 0.43979058 0.44502618 0.44502618
 0.45287958 0.45287958 0.46073298 0.46073298 0.48691099 0.48691099
 0.4973822  0.4973822  0.5078534  0.5078534  0.5104712  0.5104712
 0.53403141 0.53403141 0.53926702 0.53926702 0.54973822 0.54973822
 0.55235602 0.55235602 0.55497382 0.55497382 0.55759162 0.55759162
 0.56544503 0.56544503 0.57329843 0.57329843 0.57591623 0.57591623
 0.57853403 0.57853403 0.58115183 0.58115183 0.59424084 0.59424084
 0.60209424 0.60209424 0.60471204 0.60471204 0.61780105 0.61780105
 0.62041885 0.62041885 0.62303665 0.62303665 0.62565445 0.62565445
 0.62827225 0.62827225 0.63612565 0.63612565 0.63874346 0.63874346
 0.64397906 0.64397906 0.64921466 0.64921466 0.65183246 0.65183246
 0.67277487 0.67277487 0.67801047 0.67801047 0.68062827 0.68062827
 0.68848168 0.68848168 0.69371728 0.69371728 0.70157068 0.70157068
 0.70418848 0.70418848 0.70680628 0.70680628 0.70942408 0.70942408
 0.71465969 0.71465969 0.71727749 0.71727749 0.71989529 0.71989529
 0.72251309 0.72251309 0.72513089 0.72513089 0.72774869 0.72774869
 0.73036649 0.73036649 0.73298429 0.73298429 0.73560209 0.73560209
 0.7434555  0.7434555  0.7460733  0.7460733  0.7486911  0.7486911
 0.7539267  0.7539267  0.7565445  0.7565445  0.7591623  0.7591623
 0.76439791 0.76439791 0.76963351 0.76963351 0.77748691 0.77748691
 0.78272251 0.78272251 0.78534031 0.78534031 0.78795812 0.78795812
 0.79057592 0.79057592 0.79319372 0.79319372 0.79842932 0.79842932
 0.80104712 0.80104712 0.80628272 0.80628272 0.80890052 0.80890052
 0.81151832 0.81151832 0.81675393 0.81675393 0.81937173 0.81937173
 0.82460733 0.82460733 0.82722513 0.82722513 0.82984293 0.82984293
 0.83246073 0.83246073 0.83507853 0.83507853 0.83769634 0.83769634
 0.84031414 0.84031414 0.84293194 0.84293194 0.84554974 0.84554974
 0.84816754 0.84816754 0.85078534 0.85078534 0.85340314 0.85340314
 0.85602094 0.85602094 0.85863874 0.85863874 0.86387435 0.86387435
 0.86649215 0.86649215 0.86910995 0.86910995 0.87172775 0.87172775
 0.87434555 0.87434555 0.87696335 0.87696335 0.87958115 0.87958115
 0.88219895 0.88219895 0.88743455 0.88743455 0.89005236 0.89005236
 0.89267016 0.89267016 0.89528796 0.89528796 0.89790576 0.89790576
 0.90052356 0.90052356 0.90314136 0.90314136 0.90575916 0.90575916
 0.90837696 0.90837696 0.91099476 0.91099476 0.91361257 0.91361257
 0.91623037 0.91623037 0.91884817 0.91884817 0.92146597 0.92146597
 0.92408377 0.92408377 0.92670157 0.92670157 0.92931937 0.92931937
 0.93193717 0.93193717 0.93455497 0.93455497 0.93455497 0.93455497
 0.93717277 0.93717277 0.93717277 0.93717277 0.93717277 0.93717277
 0.93717277 0.93717277 0.93717277 0.93717277 0.93979058 0.93979058
 0.94240838 0.94240838 0.94502618 0.94502618 0.94502618 0.94502618
 0.94502618 0.94502618 0.94502618 0.94502618 0.94502618 0.94502618
 0.94764398 0.94764398 0.95026178 0.95026178 0.95026178 0.95026178
 0.95287958 0.95287958 0.95549738 0.95549738 0.95811518 0.95811518
 0.96073298 0.96073298 0.96335079 0.96335079 0.96596859 0.96596859
 0.96596859 0.96596859 0.96596859 0.96596859 0.96596859 0.96596859
 0.96596859 0.96596859 0.96596859 0.96596859 0.96858639 0.96858639
 0.97120419 0.97120419 0.97120419 0.97120419 0.97382199 0.97382199
 0.97643979 0.97643979 0.97905759 0.97905759 0.98167539 0.98167539
 0.98429319 0.98429319 0.98691099 0.98691099 0.98691099 0.98691099
 0.9895288  0.9895288  0.9921466  0.9921466  0.9947644  0.9947644
 0.9973822  0.9973822  1.         1.        ]",0.8889431821607661
SVM,undersampling,0.8576642335766423,0.527336860670194,0.7827225130890052,0.6301369863013698,"[0.00000000e+00 4.79846449e-04 1.43953935e-03 1.43953935e-03
 1.91938580e-03 1.91938580e-03 2.39923225e-03 2.39923225e-03
 2.87907869e-03 2.87907869e-03 3.35892514e-03 3.35892514e-03
 3.83877159e-03 3.83877159e-03 4.79846449e-03 4.79846449e-03
 5.27831094e-03 5.27831094e-03 5.75815739e-03 5.75815739e-03
 6.23800384e-03 6.23800384e-03 7.67754319e-03 7.67754319e-03
 8.15738964e-03 8.15738964e-03 8.63723608e-03 8.63723608e-03
 9.11708253e-03 9.11708253e-03 9.59692898e-03 9.59692898e-03
 1.05566219e-02 1.05566219e-02 1.10364683e-02 1.10364683e-02
 1.19961612e-02 1.19961612e-02 1.29558541e-02 1.29558541e-02
 1.43953935e-02 1.43953935e-02 1.53550864e-02 1.53550864e-02
 1.58349328e-02 1.58349328e-02 1.63147793e-02 1.63147793e-02
 1.67946257e-02 1.67946257e-02 1.82341651e-02 1.82341651e-02
 1.91938580e-02 1.91938580e-02 1.96737044e-02 1.96737044e-02
 2.06333973e-02 2.06333973e-02 2.15930902e-02 2.15930902e-02
 2.20729367e-02 2.20729367e-02 2.25527831e-02 2.25527831e-02
 2.44721689e-02 2.44721689e-02 2.49520154e-02 2.49520154e-02
 2.68714012e-02 2.68714012e-02 2.87907869e-02 2.87907869e-02
 2.92706334e-02 2.92706334e-02 2.97504798e-02 2.97504798e-02
 3.02303263e-02 3.02303263e-02 3.07101727e-02 3.07101727e-02
 3.11900192e-02 3.11900192e-02 3.21497121e-02 3.21497121e-02
 3.26295585e-02 3.26295585e-02 3.40690979e-02 3.40690979e-02
 3.50287908e-02 3.50287908e-02 3.64683301e-02 3.64683301e-02
 3.88675624e-02 3.88675624e-02 3.93474088e-02 3.93474088e-02
 4.03071017e-02 4.03071017e-02 4.07869482e-02 4.07869482e-02
 4.12667946e-02 4.12667946e-02 4.17466411e-02 4.17466411e-02
 4.22264875e-02 4.22264875e-02 4.27063340e-02 4.27063340e-02
 4.31861804e-02 4.31861804e-02 4.36660269e-02 4.36660269e-02
 4.41458733e-02 4.41458733e-02 4.46257198e-02 4.46257198e-02
 4.60652591e-02 4.60652591e-02 4.75047985e-02 4.75047985e-02
 4.79846449e-02 4.79846449e-02 4.84644914e-02 4.84644914e-02
 4.89443378e-02 4.89443378e-02 5.08637236e-02 5.08637236e-02
 5.13435701e-02 5.13435701e-02 5.18234165e-02 5.18234165e-02
 5.23032630e-02 5.23032630e-02 5.27831094e-02 5.27831094e-02
 5.32629559e-02 5.32629559e-02 5.37428023e-02 5.37428023e-02
 5.42226488e-02 5.42226488e-02 5.47024952e-02 5.47024952e-02
 5.61420345e-02 5.61420345e-02 5.66218810e-02 5.66218810e-02
 5.71017274e-02 5.71017274e-02 5.80614203e-02 5.80614203e-02
 5.85412668e-02 5.85412668e-02 5.95009597e-02 5.95009597e-02
 5.99808061e-02 5.99808061e-02 6.09404990e-02 6.09404990e-02
 6.14203455e-02 6.14203455e-02 6.42994242e-02 6.42994242e-02
 6.47792706e-02 6.47792706e-02 6.62188100e-02 6.62188100e-02
 6.66986564e-02 6.66986564e-02 6.76583493e-02 6.76583493e-02
 6.86180422e-02 6.86180422e-02 6.90978887e-02 6.90978887e-02
 7.05374280e-02 7.05374280e-02 7.62955854e-02 7.62955854e-02
 7.77351248e-02 7.77351248e-02 7.82149712e-02 7.82149712e-02
 7.86948177e-02 7.86948177e-02 8.01343570e-02 8.01343570e-02
 8.10940499e-02 8.10940499e-02 8.15738964e-02 8.15738964e-02
 8.34932821e-02 8.34932821e-02 8.58925144e-02 8.58925144e-02
 8.73320537e-02 8.73320537e-02 8.97312860e-02 8.97312860e-02
 9.11708253e-02 9.11708253e-02 9.26103647e-02 9.26103647e-02
 9.30902111e-02 9.30902111e-02 9.74088292e-02 9.74088292e-02
 9.83685221e-02 9.83685221e-02 9.88483685e-02 9.88483685e-02
 9.98080614e-02 9.98080614e-02 1.02207294e-01 1.02207294e-01
 1.03166987e-01 1.03166987e-01 1.03646833e-01 1.03646833e-01
 1.08925144e-01 1.08925144e-01 1.10364683e-01 1.10364683e-01
 1.12763916e-01 1.12763916e-01 1.13243762e-01 1.13243762e-01
 1.16602687e-01 1.16602687e-01 1.21401152e-01 1.21401152e-01
 1.23320537e-01 1.23320537e-01 1.25239923e-01 1.25239923e-01
 1.27159309e-01 1.27159309e-01 1.27639155e-01 1.27639155e-01
 1.28119002e-01 1.28119002e-01 1.28598848e-01 1.28598848e-01
 1.30038388e-01 1.30038388e-01 1.30518234e-01 1.33877159e-01
 1.34836852e-01 1.34836852e-01 1.37236084e-01 1.37236084e-01
 1.39635317e-01 1.39635317e-01 1.40115163e-01 1.40115163e-01
 1.42994242e-01 1.42994242e-01 1.44913628e-01 1.44913628e-01
 1.48752399e-01 1.48752399e-01 1.53071017e-01 1.53071017e-01
 1.54030710e-01 1.54030710e-01 1.54990403e-01 1.54990403e-01
 1.55470250e-01 1.55470250e-01 1.58829175e-01 1.58829175e-01
 1.60268714e-01 1.60268714e-01 1.62188100e-01 1.62188100e-01
 1.70825336e-01 1.70825336e-01 1.76583493e-01 1.76583493e-01
 1.77063340e-01 1.77063340e-01 1.79462572e-01 1.79462572e-01
 1.84261036e-01 1.84261036e-01 1.92418426e-01 1.92418426e-01
 1.92898273e-01 1.92898273e-01 1.95777351e-01 1.95777351e-01
 1.97696737e-01 1.97696737e-01 1.99136276e-01 1.99136276e-01
 2.01535509e-01 2.01535509e-01 2.10652591e-01 2.10652591e-01
 2.27927063e-01 2.27927063e-01 2.28406910e-01 2.28406910e-01
 2.33205374e-01 2.33205374e-01 2.35124760e-01 2.35124760e-01
 2.62476008e-01 2.62476008e-01 2.66794626e-01 2.66794626e-01
 2.67754319e-01 2.67754319e-01 2.73032630e-01 2.73032630e-01
 2.96065259e-01 2.96065259e-01 2.99424184e-01 2.99424184e-01
 2.99904031e-01 2.99904031e-01 3.02303263e-01 3.02303263e-01
 3.03262956e-01 3.03262956e-01 3.03742802e-01 3.03742802e-01
 3.11900192e-01 3.13339731e-01 3.28694818e-01 3.28694818e-01
 3.43090211e-01 3.43090211e-01 3.61324376e-01 3.61324376e-01
 3.70921305e-01 3.70921305e-01 3.76679463e-01 3.76679463e-01
 3.77639155e-01 3.77639155e-01 3.87236084e-01 3.87236084e-01
 3.97792706e-01 3.98752399e-01 4.00191939e-01 4.00191939e-01
 4.03550864e-01 4.04510557e-01 4.05470250e-01 4.13147793e-01
 4.20825336e-01 4.23224568e-01 4.24664107e-01 4.24664107e-01
 4.26103647e-01 4.27543186e-01 4.30422265e-01 4.30902111e-01
 4.50575816e-01 4.50575816e-01 4.51055662e-01 4.52495202e-01
 4.63051823e-01 4.63051823e-01 4.67370441e-01 4.74088292e-01
 4.84644914e-01 4.85604607e-01 5.02879079e-01 5.02879079e-01
 5.15355086e-01 5.16314779e-01 5.16314779e-01 5.21593090e-01
 5.22552783e-01 5.40307102e-01 5.43186180e-01 5.46065259e-01
 5.46065259e-01 5.67658349e-01 5.67658349e-01 5.78214971e-01
 5.79174664e-01 5.80134357e-01 5.80134357e-01 6.11324376e-01
 6.12284069e-01 6.17562380e-01 6.17562380e-01 7.42322457e-01
 7.42322457e-01 7.51919386e-01 7.51919386e-01 7.80710173e-01
 7.80710173e-01 7.82149712e-01 7.82149712e-01 8.51247601e-01
 8.51247601e-01 8.85316699e-01 8.86756238e-01 8.89635317e-01
 8.89635317e-01 9.05950096e-01 9.05950096e-01 9.42898273e-01
 9.42898273e-01 9.59213052e-01 9.59213052e-01 9.71209213e-01
 9.71209213e-01 9.74568138e-01 9.74568138e-01 9.79846449e-01
 9.79846449e-01 1.00000000e+00]","[0.         0.         0.         0.0026178  0.0026178  0.0078534
 0.0078534  0.0104712  0.0104712  0.01308901 0.01308901 0.02094241
 0.02094241 0.02617801 0.02617801 0.03141361 0.03141361 0.03403141
 0.03403141 0.03664921 0.03664921 0.04973822 0.04973822 0.05235602
 0.05235602 0.05759162 0.05759162 0.07068063 0.07068063 0.07591623
 0.07591623 0.08115183 0.08115183 0.08638743 0.08638743 0.08900524
 0.08900524 0.09947644 0.09947644 0.10732984 0.10732984 0.12303665
 0.12303665 0.13350785 0.13350785 0.14136126 0.14136126 0.15706806
 0.15706806 0.15968586 0.15968586 0.16230366 0.16230366 0.16492147
 0.16492147 0.17277487 0.17277487 0.17801047 0.17801047 0.18062827
 0.18062827 0.18848168 0.18848168 0.19895288 0.19895288 0.20680628
 0.20680628 0.20942408 0.20942408 0.2382199  0.2382199  0.2408377
 0.2408377  0.2434555  0.2434555  0.2565445  0.2565445  0.2617801
 0.2617801  0.26701571 0.26701571 0.27486911 0.27486911 0.28010471
 0.28010471 0.29581152 0.29581152 0.31151832 0.31151832 0.31675393
 0.31675393 0.31937173 0.31937173 0.33507853 0.33507853 0.34554974
 0.34554974 0.36125654 0.36125654 0.36387435 0.36387435 0.37434555
 0.37434555 0.37958115 0.37958115 0.38219895 0.38219895 0.40837696
 0.40837696 0.42146597 0.42146597 0.45026178 0.45026178 0.45287958
 0.45287958 0.45811518 0.45811518 0.46073298 0.46073298 0.46335079
 0.46335079 0.47382199 0.47382199 0.48691099 0.48691099 0.5
 0.5        0.52356021 0.52356021 0.52879581 0.52879581 0.53141361
 0.53141361 0.53403141 0.53403141 0.53664921 0.53664921 0.54188482
 0.54188482 0.56544503 0.56544503 0.56806283 0.56806283 0.57591623
 0.57591623 0.58115183 0.58115183 0.58638743 0.58638743 0.58900524
 0.58900524 0.59424084 0.59424084 0.60209424 0.60209424 0.60994764
 0.60994764 0.61256545 0.61256545 0.61518325 0.61518325 0.62303665
 0.62303665 0.62565445 0.62565445 0.62827225 0.62827225 0.63089005
 0.63089005 0.63350785 0.63350785 0.64659686 0.64659686 0.64921466
 0.64921466 0.65183246 0.65183246 0.65445026 0.65445026 0.65706806
 0.65706806 0.66230366 0.66230366 0.66492147 0.66492147 0.66753927
 0.66753927 0.67539267 0.67539267 0.68324607 0.68324607 0.68586387
 0.68586387 0.69371728 0.69371728 0.69633508 0.69633508 0.70418848
 0.70418848 0.70942408 0.70942408 0.71204188 0.71204188 0.71465969
 0.71465969 0.71727749 0.71727749 0.71989529 0.71989529 0.72251309
 0.72251309 0.72774869 0.72774869 0.73036649 0.73036649 0.73298429
 0.73298429 0.7382199  0.7382199  0.7434555  0.7434555  0.7513089
 0.7513089  0.7539267  0.7539267  0.7565445  0.7565445  0.7591623
 0.7591623  0.7617801  0.7617801  0.76701571 0.76701571 0.76963351
 0.76963351 0.77225131 0.77225131 0.77486911 0.77486911 0.77748691
 0.77748691 0.78010471 0.78010471 0.78272251 0.78272251 0.78795812
 0.78795812 0.78795812 0.78795812 0.79057592 0.79057592 0.79319372
 0.79319372 0.79581152 0.79581152 0.79842932 0.79842932 0.80366492
 0.80366492 0.80890052 0.80890052 0.81151832 0.81151832 0.81413613
 0.81413613 0.81675393 0.81675393 0.81937173 0.81937173 0.82198953
 0.82198953 0.82460733 0.82460733 0.82722513 0.82722513 0.82984293
 0.82984293 0.83246073 0.83246073 0.84293194 0.84293194 0.84554974
 0.84554974 0.84816754 0.84816754 0.85078534 0.85078534 0.85340314
 0.85340314 0.85602094 0.85602094 0.86387435 0.86387435 0.86649215
 0.86649215 0.86910995 0.86910995 0.87172775 0.87172775 0.87434555
 0.87434555 0.87958115 0.87958115 0.88481675 0.88481675 0.88743455
 0.88743455 0.89005236 0.89005236 0.89267016 0.89267016 0.89528796
 0.89528796 0.89790576 0.89790576 0.90052356 0.90052356 0.90314136
 0.90314136 0.90575916 0.90575916 0.90837696 0.90837696 0.91099476
 0.91099476 0.91623037 0.91623037 0.91884817 0.91884817 0.91884817
 0.91884817 0.92146597 0.92146597 0.92408377 0.92408377 0.92670157
 0.92670157 0.92931937 0.92931937 0.93193717 0.93193717 0.93717277
 0.93717277 0.93979058 0.93979058 0.93979058 0.93979058 0.94240838
 0.94240838 0.94240838 0.94240838 0.94502618 0.94502618 0.94502618
 0.94502618 0.94764398 0.94764398 0.94764398 0.94764398 0.94764398
 0.94764398 0.95026178 0.95026178 0.95026178 0.95026178 0.95287958
 0.95287958 0.95287958 0.95287958 0.95287958 0.95287958 0.95549738
 0.95549738 0.95549738 0.95811518 0.95811518 0.95811518 0.95811518
 0.95811518 0.95811518 0.96073298 0.96073298 0.96335079 0.96335079
 0.96335079 0.96335079 0.96596859 0.96596859 0.96596859 0.96596859
 0.96858639 0.96858639 0.97120419 0.97120419 0.97382199 0.97382199
 0.97643979 0.97643979 0.97905759 0.97905759 0.98167539 0.98167539
 0.98167539 0.98167539 0.98429319 0.98429319 0.98691099 0.98691099
 0.9895288  0.9895288  0.9921466  0.9921466  0.9947644  0.9947644
 0.9973822  0.9973822  1.         1.        ]",0.8878792294319221
LogisticRegression,base,0.8824006488240065,0.7527472527472527,0.3586387434554974,0.4858156028368794,"[0.00000000e+00 0.00000000e+00 0.00000000e+00 4.79846449e-04
 4.79846449e-04 9.59692898e-04 9.59692898e-04 1.43953935e-03
 1.43953935e-03 1.91938580e-03 1.91938580e-03 2.39923225e-03
 2.39923225e-03 2.87907869e-03 2.87907869e-03 3.83877159e-03
 3.83877159e-03 4.31861804e-03 4.31861804e-03 4.79846449e-03
 4.79846449e-03 5.27831094e-03 5.27831094e-03 5.75815739e-03
 5.75815739e-03 6.23800384e-03 6.23800384e-03 6.71785029e-03
 6.71785029e-03 7.19769674e-03 7.19769674e-03 7.67754319e-03
 7.67754319e-03 8.63723608e-03 8.63723608e-03 9.11708253e-03
 9.11708253e-03 1.00767754e-02 1.00767754e-02 1.05566219e-02
 1.05566219e-02 1.10364683e-02 1.10364683e-02 1.15163148e-02
 1.15163148e-02 1.24760077e-02 1.24760077e-02 1.29558541e-02
 1.29558541e-02 1.34357006e-02 1.34357006e-02 1.39155470e-02
 1.39155470e-02 1.48752399e-02 1.48752399e-02 1.53550864e-02
 1.53550864e-02 1.63147793e-02 1.63147793e-02 1.67946257e-02
 1.67946257e-02 1.72744722e-02 1.72744722e-02 1.77543186e-02
 1.77543186e-02 1.87140115e-02 1.87140115e-02 1.91938580e-02
 1.91938580e-02 1.96737044e-02 1.96737044e-02 2.01535509e-02
 2.01535509e-02 2.06333973e-02 2.06333973e-02 2.15930902e-02
 2.15930902e-02 2.20729367e-02 2.20729367e-02 2.25527831e-02
 2.25527831e-02 2.30326296e-02 2.30326296e-02 2.35124760e-02
 2.35124760e-02 2.49520154e-02 2.49520154e-02 2.59117083e-02
 2.59117083e-02 2.68714012e-02 2.68714012e-02 2.73512476e-02
 2.73512476e-02 2.78310940e-02 2.78310940e-02 2.83109405e-02
 2.83109405e-02 2.87907869e-02 2.87907869e-02 2.92706334e-02
 2.92706334e-02 3.07101727e-02 3.07101727e-02 3.11900192e-02
 3.11900192e-02 3.16698656e-02 3.16698656e-02 3.21497121e-02
 3.21497121e-02 3.26295585e-02 3.26295585e-02 3.31094050e-02
 3.31094050e-02 3.40690979e-02 3.40690979e-02 3.45489443e-02
 3.45489443e-02 3.50287908e-02 3.50287908e-02 3.59884837e-02
 3.59884837e-02 3.64683301e-02 3.64683301e-02 3.74280230e-02
 3.74280230e-02 3.83877159e-02 3.83877159e-02 3.88675624e-02
 3.88675624e-02 3.93474088e-02 3.93474088e-02 3.98272553e-02
 3.98272553e-02 4.03071017e-02 4.03071017e-02 4.07869482e-02
 4.07869482e-02 4.12667946e-02 4.12667946e-02 4.22264875e-02
 4.22264875e-02 4.27063340e-02 4.27063340e-02 4.31861804e-02
 4.31861804e-02 4.36660269e-02 4.36660269e-02 4.46257198e-02
 4.46257198e-02 4.51055662e-02 4.51055662e-02 4.70249520e-02
 4.70249520e-02 4.75047985e-02 4.75047985e-02 4.84644914e-02
 4.84644914e-02 4.89443378e-02 4.89443378e-02 5.13435701e-02
 5.13435701e-02 5.27831094e-02 5.27831094e-02 5.32629559e-02
 5.32629559e-02 5.37428023e-02 5.37428023e-02 5.51823417e-02
 5.51823417e-02 5.61420345e-02 5.61420345e-02 5.66218810e-02
 5.66218810e-02 5.90211132e-02 5.90211132e-02 6.09404990e-02
 6.09404990e-02 6.19001919e-02 6.19001919e-02 6.23800384e-02
 6.23800384e-02 6.33397313e-02 6.33397313e-02 6.52591171e-02
 6.52591171e-02 6.71785029e-02 6.71785029e-02 6.76583493e-02
 6.76583493e-02 6.95777351e-02 6.95777351e-02 7.14971209e-02
 7.14971209e-02 7.43761996e-02 7.43761996e-02 7.72552783e-02
 7.72552783e-02 7.82149712e-02 7.82149712e-02 7.86948177e-02
 7.86948177e-02 7.91746641e-02 7.91746641e-02 8.01343570e-02
 8.01343570e-02 8.06142035e-02 8.06142035e-02 8.44529750e-02
 8.44529750e-02 8.49328215e-02 8.49328215e-02 8.68522073e-02
 8.68522073e-02 8.97312860e-02 8.97312860e-02 9.02111324e-02
 9.02111324e-02 9.16506718e-02 9.16506718e-02 9.21305182e-02
 9.21305182e-02 9.40499040e-02 9.40499040e-02 9.45297505e-02
 9.45297505e-02 9.64491363e-02 9.64491363e-02 9.88483685e-02
 9.88483685e-02 1.00287908e-01 1.00287908e-01 1.05086372e-01
 1.05086372e-01 1.07485605e-01 1.07485605e-01 1.08445298e-01
 1.08445298e-01 1.09884837e-01 1.09884837e-01 1.10364683e-01
 1.10364683e-01 1.14683301e-01 1.14683301e-01 1.15642994e-01
 1.15642994e-01 1.17082534e-01 1.17082534e-01 1.17562380e-01
 1.17562380e-01 1.18522073e-01 1.18522073e-01 1.19001919e-01
 1.19001919e-01 1.21401152e-01 1.21401152e-01 1.26199616e-01
 1.26199616e-01 1.26679463e-01 1.26679463e-01 1.31957774e-01
 1.31957774e-01 1.32437620e-01 1.32437620e-01 1.40115163e-01
 1.40115163e-01 1.40595010e-01 1.40595010e-01 1.42994242e-01
 1.42994242e-01 1.46353167e-01 1.46353167e-01 1.46833013e-01
 1.46833013e-01 1.54030710e-01 1.54030710e-01 1.54990403e-01
 1.54990403e-01 1.55470250e-01 1.55470250e-01 1.58349328e-01
 1.58349328e-01 1.62667946e-01 1.62667946e-01 1.64107486e-01
 1.64107486e-01 1.65067179e-01 1.65067179e-01 1.68426104e-01
 1.68426104e-01 1.74664107e-01 1.74664107e-01 1.75143954e-01
 1.75143954e-01 1.76103647e-01 1.76103647e-01 1.81861804e-01
 1.81861804e-01 1.84740883e-01 1.84740883e-01 1.86180422e-01
 1.86180422e-01 1.88099808e-01 1.88099808e-01 1.99616123e-01
 1.99616123e-01 2.06333973e-01 2.06333973e-01 2.06813820e-01
 2.06813820e-01 2.08253359e-01 2.08253359e-01 2.11132438e-01
 2.11132438e-01 2.11612284e-01 2.11612284e-01 2.15451056e-01
 2.15451056e-01 2.19289827e-01 2.19289827e-01 2.20249520e-01
 2.20249520e-01 2.22168906e-01 2.22168906e-01 2.24568138e-01
 2.24568138e-01 2.26967370e-01 2.26967370e-01 2.28886756e-01
 2.28886756e-01 2.30326296e-01 2.30326296e-01 2.31285988e-01
 2.31285988e-01 2.32725528e-01 2.32725528e-01 2.36564299e-01
 2.36564299e-01 2.39923225e-01 2.39923225e-01 2.48080614e-01
 2.48080614e-01 2.61036468e-01 2.61036468e-01 2.61996161e-01
 2.61996161e-01 2.63915547e-01 2.63915547e-01 2.66314779e-01
 2.66314779e-01 2.67274472e-01 2.67274472e-01 2.77351248e-01
 2.77351248e-01 2.78310940e-01 2.78310940e-01 2.79750480e-01
 2.79750480e-01 2.95585413e-01 2.95585413e-01 2.98944338e-01
 2.98944338e-01 3.08541267e-01 3.08541267e-01 3.11420345e-01
 3.11420345e-01 3.20537428e-01 3.20537428e-01 3.33013436e-01
 3.33013436e-01 3.34452975e-01 3.34452975e-01 3.35412668e-01
 3.35412668e-01 3.40690979e-01 3.40690979e-01 3.43570058e-01
 3.43570058e-01 3.52687140e-01 3.52687140e-01 3.54606526e-01
 3.54606526e-01 3.59404990e-01 3.59404990e-01 3.59884837e-01
 3.59884837e-01 3.68522073e-01 3.68522073e-01 3.77639155e-01
 3.77639155e-01 3.96353167e-01 3.96353167e-01 4.16026871e-01
 4.16026871e-01 4.43378119e-01 4.43378119e-01 4.47696737e-01
 4.48656430e-01 4.54414587e-01 4.54414587e-01 4.55374280e-01
 4.55374280e-01 4.77927063e-01 4.77927063e-01 5.23512476e-01
 5.23512476e-01 5.34548944e-01 5.35508637e-01 5.58061420e-01
 5.59021113e-01 5.71017274e-01 5.71017274e-01 5.72456814e-01
 5.73416507e-01 5.85412668e-01 5.85412668e-01 5.94049904e-01
 5.94049904e-01 6.21401152e-01 6.21401152e-01 6.37715931e-01
 6.37715931e-01 6.61228407e-01 6.61228407e-01 6.67946257e-01
 6.68905950e-01 6.77063340e-01 6.77063340e-01 7.20729367e-01
 7.21689060e-01 7.67754319e-01 7.67754319e-01 7.81669866e-01
 7.81669866e-01 7.92706334e-01 7.92706334e-01 8.27255278e-01
 8.27255278e-01 8.62284069e-01 8.62284069e-01 8.81477927e-01
 8.81477927e-01 8.85316699e-01 8.85316699e-01 8.92994242e-01
 8.92994242e-01 9.33781190e-01 9.35220729e-01 9.36660269e-01
 9.44337812e-01 9.44817658e-01 9.47216891e-01 9.50095969e-01
 9.52975048e-01 9.72648752e-01 9.73608445e-01 9.75047985e-01
 9.75527831e-01 9.83205374e-01 9.85124760e-01 9.91842610e-01
 9.93282150e-01 9.94721689e-01 9.95201536e-01 9.98080614e-01
 9.98560461e-01 1.00000000e+00]","[0.         0.0026178  0.0052356  0.0052356  0.0078534  0.0078534
 0.0104712  0.0104712  0.01832461 0.01832461 0.05235602 0.05235602
 0.05497382 0.05497382 0.07329843 0.07329843 0.07853403 0.07853403
 0.09685864 0.09685864 0.10994764 0.10994764 0.11256545 0.11256545
 0.13874346 0.13874346 0.14136126 0.14136126 0.15968586 0.15968586
 0.16492147 0.16492147 0.18324607 0.18324607 0.19109948 0.19109948
 0.21465969 0.21465969 0.23036649 0.23036649 0.2382199  0.2382199
 0.2460733  0.2460733  0.2486911  0.2486911  0.2513089  0.2513089
 0.2539267  0.2539267  0.2565445  0.2565445  0.27748691 0.27748691
 0.28010471 0.28010471 0.28272251 0.28272251 0.29842932 0.29842932
 0.30366492 0.30366492 0.30628272 0.30628272 0.32460733 0.32460733
 0.33246073 0.33246073 0.33507853 0.33507853 0.33769634 0.33769634
 0.34031414 0.34031414 0.35602094 0.35602094 0.35863874 0.35863874
 0.36125654 0.36125654 0.36387435 0.36387435 0.37434555 0.37434555
 0.37696335 0.37696335 0.39528796 0.39528796 0.39790576 0.39790576
 0.40314136 0.40314136 0.40837696 0.40837696 0.41099476 0.41099476
 0.41884817 0.41884817 0.42146597 0.42146597 0.42408377 0.42408377
 0.42670157 0.42670157 0.42931937 0.42931937 0.43193717 0.43193717
 0.43455497 0.43455497 0.43979058 0.43979058 0.44502618 0.44502618
 0.45026178 0.45026178 0.45287958 0.45287958 0.45811518 0.45811518
 0.46335079 0.46335079 0.47120419 0.47120419 0.4921466  0.4921466
 0.4947644  0.4947644  0.5        0.5        0.5052356  0.5052356
 0.51570681 0.51570681 0.51832461 0.51832461 0.52356021 0.52356021
 0.52879581 0.52879581 0.53141361 0.53141361 0.53664921 0.53664921
 0.54188482 0.54188482 0.54450262 0.54450262 0.54712042 0.54712042
 0.55235602 0.55235602 0.56020942 0.56020942 0.56282723 0.56282723
 0.56806283 0.56806283 0.57591623 0.57591623 0.57853403 0.57853403
 0.58115183 0.58115183 0.58376963 0.58376963 0.58900524 0.58900524
 0.59424084 0.59424084 0.59685864 0.59685864 0.60209424 0.60209424
 0.60471204 0.60471204 0.60732984 0.60732984 0.61518325 0.61518325
 0.61780105 0.61780105 0.62303665 0.62303665 0.62827225 0.62827225
 0.63874346 0.63874346 0.64136126 0.64136126 0.64397906 0.64397906
 0.64659686 0.64659686 0.64921466 0.64921466 0.65183246 0.65183246
 0.65445026 0.65445026 0.65968586 0.65968586 0.66753927 0.66753927
 0.67015707 0.67015707 0.67277487 0.67277487 0.67539267 0.67539267
 0.67801047 0.67801047 0.68062827 0.68062827 0.68586387 0.68586387
 0.68848168 0.68848168 0.69371728 0.69371728 0.69633508 0.69633508
 0.69895288 0.69895288 0.70157068 0.70157068 0.70418848 0.70418848
 0.70680628 0.70680628 0.70942408 0.70942408 0.71727749 0.71727749
 0.71989529 0.71989529 0.72513089 0.72513089 0.72774869 0.72774869
 0.73036649 0.73036649 0.73298429 0.73298429 0.73560209 0.73560209
 0.7382199  0.7382199  0.7408377  0.7408377  0.7434555  0.7434555
 0.7460733  0.7460733  0.7486911  0.7486911  0.7513089  0.7513089
 0.7565445  0.7565445  0.7591623  0.7591623  0.7617801  0.7617801
 0.76439791 0.76439791 0.76963351 0.76963351 0.77225131 0.77225131
 0.77486911 0.77486911 0.77748691 0.77748691 0.78010471 0.78010471
 0.78272251 0.78272251 0.78534031 0.78534031 0.78795812 0.78795812
 0.79057592 0.79057592 0.79319372 0.79319372 0.80104712 0.80104712
 0.80366492 0.80366492 0.80628272 0.80628272 0.80890052 0.80890052
 0.81151832 0.81151832 0.81413613 0.81413613 0.81675393 0.81675393
 0.81937173 0.81937173 0.82198953 0.82198953 0.82460733 0.82460733
 0.82722513 0.82722513 0.82984293 0.82984293 0.83246073 0.83246073
 0.83507853 0.83507853 0.83769634 0.83769634 0.84031414 0.84031414
 0.84293194 0.84293194 0.84554974 0.84554974 0.84816754 0.84816754
 0.85340314 0.85340314 0.85602094 0.85602094 0.85863874 0.85863874
 0.86125654 0.86125654 0.86387435 0.86387435 0.86649215 0.86649215
 0.86910995 0.86910995 0.87172775 0.87172775 0.87434555 0.87434555
 0.87696335 0.87696335 0.88219895 0.88219895 0.88481675 0.88481675
 0.88743455 0.88743455 0.89005236 0.89005236 0.89267016 0.89267016
 0.89528796 0.89528796 0.89790576 0.89790576 0.90052356 0.90052356
 0.90314136 0.90314136 0.90575916 0.90575916 0.90837696 0.90837696
 0.91099476 0.91099476 0.91361257 0.91361257 0.91623037 0.91623037
 0.91884817 0.91884817 0.92146597 0.92146597 0.92408377 0.92408377
 0.92670157 0.92670157 0.92931937 0.92931937 0.93193717 0.93193717
 0.93455497 0.93455497 0.93717277 0.93717277 0.93979058 0.93979058
 0.94240838 0.94240838 0.94502618 0.94502618 0.94764398 0.94764398
 0.94764398 0.94764398 0.95026178 0.95026178 0.95287958 0.95287958
 0.95549738 0.95549738 0.95811518 0.95811518 0.95811518 0.95811518
 0.95811518 0.95811518 0.96073298 0.96073298 0.96073298 0.96073298
 0.96335079 0.96335079 0.96596859 0.96596859 0.96858639 0.96858639
 0.97120419 0.97120419 0.97382199 0.97382199 0.97382199 0.97382199
 0.97643979 0.97643979 0.97643979 0.97643979 0.97905759 0.97905759
 0.98167539 0.98167539 0.98429319 0.98429319 0.98691099 0.98691099
 0.9895288  0.9895288  0.9921466  0.9921466  0.9947644  0.9947644
 0.9973822  0.9973822  0.9973822  0.9973822  1.         1.
 1.         1.         1.         1.         1.         1.
 1.         1.         1.         1.         1.         1.
 1.         1.         1.         1.        ]",0.8916740360362171
LogisticRegression,oversampling,0.8600973236009732,0.5355086372360844,0.7303664921465969,0.6179401993355482,"[0.00000000e+00 0.00000000e+00 0.00000000e+00 4.79846449e-04
 4.79846449e-04 9.59692898e-04 9.59692898e-04 1.43953935e-03
 1.43953935e-03 1.91938580e-03 1.91938580e-03 2.39923225e-03
 2.39923225e-03 2.87907869e-03 2.87907869e-03 3.83877159e-03
 3.83877159e-03 4.31861804e-03 4.31861804e-03 4.79846449e-03
 4.79846449e-03 5.75815739e-03 5.75815739e-03 6.23800384e-03
 6.23800384e-03 6.71785029e-03 6.71785029e-03 7.67754319e-03
 7.67754319e-03 8.15738964e-03 8.15738964e-03 8.63723608e-03
 8.63723608e-03 9.11708253e-03 9.11708253e-03 9.59692898e-03
 9.59692898e-03 1.00767754e-02 1.00767754e-02 1.05566219e-02
 1.05566219e-02 1.10364683e-02 1.10364683e-02 1.19961612e-02
 1.19961612e-02 1.24760077e-02 1.24760077e-02 1.43953935e-02
 1.43953935e-02 1.48752399e-02 1.48752399e-02 1.53550864e-02
 1.53550864e-02 1.58349328e-02 1.58349328e-02 1.63147793e-02
 1.63147793e-02 1.67946257e-02 1.67946257e-02 1.72744722e-02
 1.72744722e-02 1.77543186e-02 1.77543186e-02 1.87140115e-02
 1.87140115e-02 1.91938580e-02 1.91938580e-02 2.06333973e-02
 2.06333973e-02 2.11132438e-02 2.11132438e-02 2.25527831e-02
 2.25527831e-02 2.30326296e-02 2.30326296e-02 2.35124760e-02
 2.35124760e-02 2.39923225e-02 2.39923225e-02 2.44721689e-02
 2.44721689e-02 2.54318618e-02 2.54318618e-02 2.59117083e-02
 2.59117083e-02 2.63915547e-02 2.63915547e-02 2.78310940e-02
 2.78310940e-02 3.02303263e-02 3.02303263e-02 3.07101727e-02
 3.07101727e-02 3.11900192e-02 3.11900192e-02 3.16698656e-02
 3.16698656e-02 3.40690979e-02 3.40690979e-02 3.45489443e-02
 3.45489443e-02 3.50287908e-02 3.50287908e-02 3.55086372e-02
 3.55086372e-02 3.59884837e-02 3.59884837e-02 3.64683301e-02
 3.64683301e-02 3.79078695e-02 3.79078695e-02 3.83877159e-02
 3.83877159e-02 3.88675624e-02 3.88675624e-02 3.93474088e-02
 3.93474088e-02 3.98272553e-02 3.98272553e-02 4.03071017e-02
 4.03071017e-02 4.12667946e-02 4.12667946e-02 4.17466411e-02
 4.17466411e-02 4.22264875e-02 4.22264875e-02 4.27063340e-02
 4.27063340e-02 4.46257198e-02 4.46257198e-02 4.51055662e-02
 4.51055662e-02 4.60652591e-02 4.60652591e-02 4.65451056e-02
 4.65451056e-02 4.79846449e-02 4.79846449e-02 5.03838772e-02
 5.03838772e-02 5.23032630e-02 5.23032630e-02 5.32629559e-02
 5.32629559e-02 5.37428023e-02 5.37428023e-02 5.66218810e-02
 5.66218810e-02 5.85412668e-02 5.85412668e-02 5.99808061e-02
 5.99808061e-02 6.04606526e-02 6.04606526e-02 6.14203455e-02
 6.14203455e-02 6.19001919e-02 6.19001919e-02 6.33397313e-02
 6.33397313e-02 6.38195777e-02 6.38195777e-02 6.52591171e-02
 6.52591171e-02 6.81381958e-02 6.81381958e-02 6.86180422e-02
 6.86180422e-02 7.29366603e-02 7.29366603e-02 7.58157390e-02
 7.58157390e-02 7.72552783e-02 7.72552783e-02 7.91746641e-02
 7.91746641e-02 8.15738964e-02 8.15738964e-02 8.25335893e-02
 8.25335893e-02 8.30134357e-02 8.30134357e-02 8.44529750e-02
 8.44529750e-02 8.58925144e-02 8.58925144e-02 8.82917466e-02
 8.82917466e-02 9.11708253e-02 9.11708253e-02 9.35700576e-02
 9.35700576e-02 9.69289827e-02 9.69289827e-02 9.74088292e-02
 9.74088292e-02 9.83685221e-02 9.83685221e-02 1.01247601e-01
 1.01247601e-01 1.02207294e-01 1.02207294e-01 1.04606526e-01
 1.04606526e-01 1.05086372e-01 1.05086372e-01 1.06525912e-01
 1.06525912e-01 1.09404990e-01 1.09404990e-01 1.11324376e-01
 1.11324376e-01 1.12284069e-01 1.12284069e-01 1.17562380e-01
 1.17562380e-01 1.18042226e-01 1.18042226e-01 1.19961612e-01
 1.19961612e-01 1.22840691e-01 1.22840691e-01 1.25239923e-01
 1.25239923e-01 1.25719770e-01 1.25719770e-01 1.26199616e-01
 1.26199616e-01 1.27639155e-01 1.27639155e-01 1.28119002e-01
 1.28119002e-01 1.29078695e-01 1.29078695e-01 1.30998081e-01
 1.30998081e-01 1.33877159e-01 1.33877159e-01 1.34836852e-01
 1.34836852e-01 1.35316699e-01 1.35316699e-01 1.35796545e-01
 1.35796545e-01 1.36756238e-01 1.36756238e-01 1.41074856e-01
 1.41074856e-01 1.42514395e-01 1.42514395e-01 1.43474088e-01
 1.43474088e-01 1.46353167e-01 1.46353167e-01 1.47312860e-01
 1.47312860e-01 1.47792706e-01 1.47792706e-01 1.52591171e-01
 1.52591171e-01 1.54030710e-01 1.54030710e-01 1.54990403e-01
 1.54990403e-01 1.63627639e-01 1.63627639e-01 1.65547025e-01
 1.65547025e-01 1.67466411e-01 1.67466411e-01 1.68426104e-01
 1.68426104e-01 1.78023033e-01 1.78023033e-01 1.84261036e-01
 1.84261036e-01 1.86660269e-01 1.86660269e-01 1.90019194e-01
 1.90019194e-01 1.96257198e-01 1.96257198e-01 2.08253359e-01
 2.08253359e-01 2.09692898e-01 2.09692898e-01 2.18809981e-01
 2.18809981e-01 2.26967370e-01 2.26967370e-01 2.29366603e-01
 2.29366603e-01 2.29846449e-01 2.29846449e-01 2.34165067e-01
 2.34165067e-01 2.35124760e-01 2.35124760e-01 2.39443378e-01
 2.39443378e-01 2.55758157e-01 2.55758157e-01 2.66794626e-01
 2.66794626e-01 2.68234165e-01 2.68234165e-01 2.70153551e-01
 2.70153551e-01 2.71593090e-01 2.71593090e-01 2.74952015e-01
 2.74952015e-01 2.78790787e-01 2.78790787e-01 2.80710173e-01
 2.80710173e-01 2.84548944e-01 2.84548944e-01 2.96545106e-01
 2.96545106e-01 2.97984645e-01 2.97984645e-01 3.01823417e-01
 3.01823417e-01 3.06621881e-01 3.06621881e-01 3.13819578e-01
 3.13819578e-01 3.15738964e-01 3.15738964e-01 3.18138196e-01
 3.18138196e-01 3.24856046e-01 3.24856046e-01 3.27255278e-01
 3.27255278e-01 3.30134357e-01 3.30134357e-01 3.36852207e-01
 3.36852207e-01 3.39731286e-01 3.39731286e-01 3.43090211e-01
 3.43090211e-01 3.59884837e-01 3.59884837e-01 3.74760077e-01
 3.74760077e-01 3.92994242e-01 3.92994242e-01 3.93953935e-01
 3.93953935e-01 4.43857965e-01 4.43857965e-01 4.44817658e-01
 4.44817658e-01 4.69769674e-01 4.70729367e-01 4.74088292e-01
 4.74088292e-01 4.78406910e-01 4.78406910e-01 5.12476008e-01
 5.12476008e-01 5.23512476e-01 5.23512476e-01 5.34548944e-01
 5.34548944e-01 5.35988484e-01 5.36948177e-01 5.62380038e-01
 5.63339731e-01 5.78214971e-01 5.79174664e-01 5.85412668e-01
 5.85412668e-01 5.96449136e-01 5.96449136e-01 6.04126679e-01
 6.04126679e-01 6.48752399e-01 6.48752399e-01 6.66506718e-01
 6.67466411e-01 6.79462572e-01 6.79462572e-01 6.90019194e-01
 6.90019194e-01 7.01055662e-01 7.01055662e-01 7.75911708e-01
 7.76871401e-01 7.96545106e-01 7.96545106e-01 8.20057582e-01
 8.20057582e-01 8.56046065e-01 8.56046065e-01 8.68042226e-01
 8.68042226e-01 9.21785029e-01 9.23224568e-01 9.31381958e-01
 9.39059501e-01 9.42418426e-01 9.44817658e-01 9.48656430e-01
 9.51535509e-01 9.52495202e-01 9.72168906e-01 9.74088292e-01
 9.80806142e-01 9.81765835e-01 9.83205374e-01 9.83685221e-01
 9.91362764e-01 9.93761996e-01 9.95201536e-01 9.98080614e-01
 9.98560461e-01 1.00000000e+00]","[0.         0.0026178  0.0052356  0.0052356  0.0078534  0.0078534
 0.01308901 0.01308901 0.01832461 0.01832461 0.05235602 0.05235602
 0.05497382 0.05497382 0.07329843 0.07329843 0.07591623 0.07591623
 0.07853403 0.07853403 0.10471204 0.10471204 0.14136126 0.14136126
 0.14659686 0.14659686 0.15445026 0.15445026 0.17539267 0.17539267
 0.17801047 0.17801047 0.18062827 0.18062827 0.21727749 0.21727749
 0.22774869 0.22774869 0.23298429 0.23298429 0.2382199  0.2382199
 0.2434555  0.2434555  0.2460733  0.2460733  0.2539267  0.2539267
 0.26439791 0.26439791 0.26701571 0.26701571 0.28272251 0.28272251
 0.28534031 0.28534031 0.29581152 0.29581152 0.30366492 0.30366492
 0.30628272 0.30628272 0.30890052 0.30890052 0.31675393 0.31675393
 0.31937173 0.31937173 0.32984293 0.32984293 0.33246073 0.33246073
 0.34554974 0.34554974 0.35863874 0.35863874 0.36125654 0.36125654
 0.36387435 0.36387435 0.36649215 0.36649215 0.37172775 0.37172775
 0.37696335 0.37696335 0.37958115 0.37958115 0.40314136 0.40314136
 0.41361257 0.41361257 0.41623037 0.41623037 0.41884817 0.41884817
 0.42670157 0.42670157 0.42931937 0.42931937 0.44502618 0.44502618
 0.45811518 0.45811518 0.46335079 0.46335079 0.47382199 0.47382199
 0.47905759 0.47905759 0.48429319 0.48429319 0.4895288  0.4895288
 0.4921466  0.4921466  0.5        0.5        0.5026178  0.5026178
 0.5104712  0.5104712  0.52879581 0.52879581 0.53141361 0.53141361
 0.53664921 0.53664921 0.53926702 0.53926702 0.54188482 0.54188482
 0.54973822 0.54973822 0.55497382 0.55497382 0.55759162 0.55759162
 0.56282723 0.56282723 0.56544503 0.56544503 0.56806283 0.56806283
 0.57068063 0.57068063 0.57591623 0.57591623 0.58376963 0.58376963
 0.59162304 0.59162304 0.59947644 0.59947644 0.60209424 0.60209424
 0.60471204 0.60471204 0.61518325 0.61518325 0.61780105 0.61780105
 0.64136126 0.64136126 0.64397906 0.64397906 0.64659686 0.64659686
 0.65183246 0.65183246 0.65706806 0.65706806 0.65968586 0.65968586
 0.66492147 0.66492147 0.66753927 0.66753927 0.67015707 0.67015707
 0.67277487 0.67277487 0.67801047 0.67801047 0.68062827 0.68062827
 0.68586387 0.68586387 0.69109948 0.69109948 0.69371728 0.69371728
 0.70157068 0.70157068 0.70418848 0.70418848 0.70680628 0.70680628
 0.70942408 0.70942408 0.71204188 0.71204188 0.71465969 0.71465969
 0.71727749 0.71727749 0.71989529 0.71989529 0.72251309 0.72251309
 0.72513089 0.72513089 0.72774869 0.72774869 0.73036649 0.73036649
 0.73298429 0.73298429 0.73560209 0.73560209 0.7408377  0.7408377
 0.7434555  0.7434555  0.7460733  0.7460733  0.7486911  0.7486911
 0.7539267  0.7539267  0.7565445  0.7565445  0.7591623  0.7591623
 0.7617801  0.7617801  0.76439791 0.76439791 0.76701571 0.76701571
 0.76963351 0.76963351 0.77225131 0.77225131 0.77486911 0.77486911
 0.78010471 0.78010471 0.78272251 0.78272251 0.78795812 0.78795812
 0.79057592 0.79057592 0.79319372 0.79319372 0.79842932 0.79842932
 0.80104712 0.80104712 0.80628272 0.80628272 0.80890052 0.80890052
 0.81151832 0.81151832 0.81413613 0.81413613 0.81675393 0.81675393
 0.82198953 0.82198953 0.82460733 0.82460733 0.82984293 0.82984293
 0.83507853 0.83507853 0.84031414 0.84031414 0.84293194 0.84293194
 0.84554974 0.84554974 0.85078534 0.85078534 0.85602094 0.85602094
 0.85863874 0.85863874 0.86125654 0.86125654 0.86387435 0.86387435
 0.86649215 0.86649215 0.87434555 0.87434555 0.87696335 0.87696335
 0.87958115 0.87958115 0.88481675 0.88481675 0.88743455 0.88743455
 0.89005236 0.89005236 0.89267016 0.89267016 0.89528796 0.89528796
 0.89790576 0.89790576 0.90052356 0.90052356 0.90314136 0.90314136
 0.90575916 0.90575916 0.90837696 0.90837696 0.91099476 0.91099476
 0.91361257 0.91361257 0.91623037 0.91623037 0.91884817 0.91884817
 0.92146597 0.92146597 0.92408377 0.92408377 0.92670157 0.92670157
 0.92931937 0.92931937 0.93193717 0.93193717 0.93455497 0.93455497
 0.93717277 0.93717277 0.93979058 0.93979058 0.94240838 0.94240838
 0.94502618 0.94502618 0.94764398 0.94764398 0.95026178 0.95026178
 0.95287958 0.95287958 0.95549738 0.95549738 0.95549738 0.95549738
 0.95811518 0.95811518 0.96073298 0.96073298 0.96335079 0.96335079
 0.96596859 0.96596859 0.96858639 0.96858639 0.96858639 0.96858639
 0.96858639 0.96858639 0.96858639 0.96858639 0.97120419 0.97120419
 0.97382199 0.97382199 0.97643979 0.97643979 0.97905759 0.97905759
 0.97905759 0.97905759 0.98167539 0.98167539 0.98429319 0.98429319
 0.98691099 0.98691099 0.98691099 0.98691099 0.9895288  0.9895288
 0.9921466  0.9921466  0.9947644  0.9947644  0.9973822  0.9973822
 0.9973822  0.9973822  1.         1.         1.         1.
 1.         1.         1.         1.         1.         1.
 1.         1.         1.         1.         1.         1.
 1.         1.        ]",0.8981456823868718
LogisticRegression,undersampling,0.8532035685320357,0.5181159420289855,0.7486910994764397,0.6124197002141327,"[0.00000000e+00 0.00000000e+00 0.00000000e+00 4.79846449e-04
 4.79846449e-04 9.59692898e-04 9.59692898e-04 1.43953935e-03
 1.43953935e-03 1.91938580e-03 1.91938580e-03 2.39923225e-03
 2.39923225e-03 2.87907869e-03 2.87907869e-03 3.83877159e-03
 3.83877159e-03 4.31861804e-03 4.31861804e-03 4.79846449e-03
 4.79846449e-03 5.75815739e-03 5.75815739e-03 6.71785029e-03
 6.71785029e-03 7.19769674e-03 7.19769674e-03 7.67754319e-03
 7.67754319e-03 8.63723608e-03 8.63723608e-03 9.11708253e-03
 9.11708253e-03 9.59692898e-03 9.59692898e-03 1.00767754e-02
 1.00767754e-02 1.05566219e-02 1.05566219e-02 1.10364683e-02
 1.10364683e-02 1.29558541e-02 1.29558541e-02 1.34357006e-02
 1.34357006e-02 1.39155470e-02 1.39155470e-02 1.48752399e-02
 1.48752399e-02 1.53550864e-02 1.53550864e-02 1.58349328e-02
 1.58349328e-02 1.67946257e-02 1.67946257e-02 1.72744722e-02
 1.72744722e-02 1.77543186e-02 1.77543186e-02 1.91938580e-02
 1.91938580e-02 1.96737044e-02 1.96737044e-02 2.06333973e-02
 2.06333973e-02 2.11132438e-02 2.11132438e-02 2.15930902e-02
 2.15930902e-02 2.20729367e-02 2.20729367e-02 2.25527831e-02
 2.25527831e-02 2.35124760e-02 2.35124760e-02 2.49520154e-02
 2.49520154e-02 2.54318618e-02 2.54318618e-02 2.59117083e-02
 2.59117083e-02 2.63915547e-02 2.63915547e-02 2.68714012e-02
 2.68714012e-02 2.78310940e-02 2.78310940e-02 2.87907869e-02
 2.87907869e-02 2.92706334e-02 2.92706334e-02 2.97504798e-02
 2.97504798e-02 3.02303263e-02 3.02303263e-02 3.16698656e-02
 3.16698656e-02 3.31094050e-02 3.31094050e-02 3.35892514e-02
 3.35892514e-02 3.40690979e-02 3.40690979e-02 3.45489443e-02
 3.45489443e-02 3.55086372e-02 3.55086372e-02 3.64683301e-02
 3.64683301e-02 3.69481766e-02 3.69481766e-02 3.79078695e-02
 3.79078695e-02 3.88675624e-02 3.88675624e-02 3.98272553e-02
 3.98272553e-02 4.03071017e-02 4.03071017e-02 4.07869482e-02
 4.07869482e-02 4.12667946e-02 4.12667946e-02 4.17466411e-02
 4.17466411e-02 4.27063340e-02 4.27063340e-02 4.31861804e-02
 4.31861804e-02 4.41458733e-02 4.41458733e-02 4.46257198e-02
 4.46257198e-02 4.51055662e-02 4.51055662e-02 4.55854127e-02
 4.55854127e-02 4.70249520e-02 4.70249520e-02 4.89443378e-02
 4.89443378e-02 5.03838772e-02 5.03838772e-02 5.27831094e-02
 5.27831094e-02 5.42226488e-02 5.42226488e-02 5.47024952e-02
 5.47024952e-02 5.61420345e-02 5.61420345e-02 5.75815739e-02
 5.75815739e-02 5.80614203e-02 5.80614203e-02 5.85412668e-02
 5.85412668e-02 5.90211132e-02 5.90211132e-02 6.09404990e-02
 6.09404990e-02 6.19001919e-02 6.19001919e-02 6.28598848e-02
 6.28598848e-02 6.42994242e-02 6.42994242e-02 6.47792706e-02
 6.47792706e-02 6.57389635e-02 6.57389635e-02 6.71785029e-02
 6.71785029e-02 6.81381958e-02 6.81381958e-02 6.90978887e-02
 6.90978887e-02 7.05374280e-02 7.05374280e-02 7.24568138e-02
 7.24568138e-02 7.58157390e-02 7.58157390e-02 7.72552783e-02
 7.72552783e-02 7.77351248e-02 7.77351248e-02 7.86948177e-02
 7.86948177e-02 7.96545106e-02 7.96545106e-02 8.06142035e-02
 8.06142035e-02 8.20537428e-02 8.20537428e-02 8.44529750e-02
 8.44529750e-02 8.49328215e-02 8.49328215e-02 8.58925144e-02
 8.58925144e-02 9.02111324e-02 9.02111324e-02 9.30902111e-02
 9.30902111e-02 9.50095969e-02 9.50095969e-02 9.69289827e-02
 9.69289827e-02 9.88483685e-02 9.88483685e-02 1.05566219e-01
 1.05566219e-01 1.07005758e-01 1.07005758e-01 1.07965451e-01
 1.07965451e-01 1.08925144e-01 1.08925144e-01 1.09884837e-01
 1.09884837e-01 1.13723608e-01 1.13723608e-01 1.15163148e-01
 1.15163148e-01 1.15642994e-01 1.15642994e-01 1.17562380e-01
 1.17562380e-01 1.19481766e-01 1.19481766e-01 1.19961612e-01
 1.19961612e-01 1.20921305e-01 1.20921305e-01 1.24760077e-01
 1.24760077e-01 1.30518234e-01 1.30518234e-01 1.33397313e-01
 1.33397313e-01 1.34357006e-01 1.34357006e-01 1.36276392e-01
 1.36276392e-01 1.36756238e-01 1.36756238e-01 1.37715931e-01
 1.37715931e-01 1.38195777e-01 1.38195777e-01 1.41074856e-01
 1.41074856e-01 1.42994242e-01 1.42994242e-01 1.43474088e-01
 1.43474088e-01 1.43953935e-01 1.43953935e-01 1.47792706e-01
 1.47792706e-01 1.49712092e-01 1.49712092e-01 1.54990403e-01
 1.54990403e-01 1.55470250e-01 1.55470250e-01 1.56429942e-01
 1.56429942e-01 1.60268714e-01 1.60268714e-01 1.61228407e-01
 1.61228407e-01 1.63627639e-01 1.63627639e-01 1.64587332e-01
 1.64587332e-01 1.66026871e-01 1.66026871e-01 1.71785029e-01
 1.71785029e-01 1.72264875e-01 1.72264875e-01 1.77063340e-01
 1.77063340e-01 1.83301344e-01 1.83301344e-01 1.96257198e-01
 1.96257198e-01 2.04414587e-01 2.04414587e-01 2.09213052e-01
 2.09213052e-01 2.13531670e-01 2.13531670e-01 2.16890595e-01
 2.16890595e-01 2.22648752e-01 2.22648752e-01 2.23608445e-01
 2.23608445e-01 2.32245681e-01 2.32245681e-01 2.32725528e-01
 2.32725528e-01 2.38483685e-01 2.38483685e-01 2.39923225e-01
 2.39923225e-01 2.47120921e-01 2.47120921e-01 2.47600768e-01
 2.47600768e-01 2.59596929e-01 2.59596929e-01 2.61516315e-01
 2.61516315e-01 2.65355086e-01 2.65355086e-01 2.68234165e-01
 2.68234165e-01 2.71113244e-01 2.71113244e-01 2.73992322e-01
 2.73992322e-01 2.76391555e-01 2.76391555e-01 2.82629559e-01
 2.82629559e-01 2.83589251e-01 2.83589251e-01 2.85508637e-01
 2.85508637e-01 2.91746641e-01 2.91746641e-01 2.96545106e-01
 2.96545106e-01 2.98464491e-01 2.98464491e-01 2.98944338e-01
 2.98944338e-01 3.00863724e-01 3.00863724e-01 3.09021113e-01
 3.09021113e-01 3.18138196e-01 3.18138196e-01 3.22456814e-01
 3.22456814e-01 3.31573896e-01 3.31573896e-01 3.37332054e-01
 3.37332054e-01 3.55566219e-01 3.55566219e-01 3.57965451e-01
 3.57965451e-01 3.60364683e-01 3.60364683e-01 3.67562380e-01
 3.67562380e-01 3.94433781e-01 3.94433781e-01 4.22264875e-01
 4.22264875e-01 4.52495202e-01 4.52495202e-01 4.87044146e-01
 4.87044146e-01 4.93761996e-01 4.93761996e-01 5.02879079e-01
 5.03838772e-01 5.11036468e-01 5.11036468e-01 5.37428023e-01
 5.38387716e-01 5.60460653e-01 5.61420345e-01 5.73416507e-01
 5.74376200e-01 5.75335893e-01 5.75335893e-01 5.76775432e-01
 5.76775432e-01 6.34357006e-01 6.34357006e-01 6.58829175e-01
 6.59788868e-01 6.70825336e-01 6.70825336e-01 6.78023033e-01
 6.78023033e-01 6.84261036e-01 6.84261036e-01 7.09213052e-01
 7.09213052e-01 7.67274472e-01 7.67274472e-01 7.69193858e-01
 7.70153551e-01 7.96545106e-01 7.96545106e-01 8.51727447e-01
 8.51727447e-01 8.57005758e-01 8.57005758e-01 9.18426104e-01
 9.19865643e-01 9.28023033e-01 9.35700576e-01 9.40978887e-01
 9.43378119e-01 9.48656430e-01 9.51535509e-01 9.52495202e-01
 9.72168906e-01 9.78886756e-01 9.81765835e-01 9.83205374e-01
 9.83685221e-01 9.91362764e-01 9.92322457e-01 9.95201536e-01
 9.96161228e-01 9.97600768e-01 9.98080614e-01 9.99520154e-01
 1.00000000e+00]","[0.         0.0026178  0.0052356  0.0052356  0.0078534  0.0078534
 0.01308901 0.01308901 0.01832461 0.01832461 0.05235602 0.05235602
 0.05497382 0.05497382 0.07329843 0.07329843 0.07591623 0.07591623
 0.07853403 0.07853403 0.10732984 0.10732984 0.14397906 0.14397906
 0.14921466 0.14921466 0.15968586 0.15968586 0.17539267 0.17539267
 0.18324607 0.18324607 0.20942408 0.20942408 0.23036649 0.23036649
 0.23560209 0.23560209 0.2382199  0.2382199  0.2460733  0.2460733
 0.2486911  0.2486911  0.2565445  0.2565445  0.26439791 0.26439791
 0.27225131 0.27225131 0.28272251 0.28272251 0.29057592 0.29057592
 0.29842932 0.29842932 0.30628272 0.30628272 0.30890052 0.30890052
 0.31675393 0.31675393 0.31937173 0.31937173 0.32460733 0.32460733
 0.32722513 0.32722513 0.34293194 0.34293194 0.34554974 0.34554974
 0.34816754 0.34816754 0.35078534 0.35078534 0.35340314 0.35340314
 0.35863874 0.35863874 0.36387435 0.36387435 0.36649215 0.36649215
 0.39005236 0.39005236 0.39528796 0.39528796 0.40052356 0.40052356
 0.40314136 0.40314136 0.40575916 0.40575916 0.41099476 0.41099476
 0.41884817 0.41884817 0.43717277 0.43717277 0.43979058 0.43979058
 0.44502618 0.44502618 0.45287958 0.45287958 0.45549738 0.45549738
 0.46073298 0.46073298 0.46858639 0.46858639 0.48167539 0.48167539
 0.48429319 0.48429319 0.5        0.5        0.51308901 0.51308901
 0.51570681 0.51570681 0.51832461 0.51832461 0.52094241 0.52094241
 0.52617801 0.52617801 0.53141361 0.53141361 0.53403141 0.53403141
 0.53664921 0.53664921 0.54450262 0.54450262 0.54712042 0.54712042
 0.55759162 0.55759162 0.56544503 0.56544503 0.57068063 0.57068063
 0.57329843 0.57329843 0.57591623 0.57591623 0.58115183 0.58115183
 0.58376963 0.58376963 0.58638743 0.58638743 0.59162304 0.59162304
 0.59685864 0.59685864 0.60994764 0.60994764 0.62041885 0.62041885
 0.62303665 0.62303665 0.62827225 0.62827225 0.63089005 0.63089005
 0.63350785 0.63350785 0.63612565 0.63612565 0.63874346 0.63874346
 0.64136126 0.64136126 0.64659686 0.64659686 0.65183246 0.65183246
 0.65445026 0.65445026 0.65968586 0.65968586 0.66230366 0.66230366
 0.66753927 0.66753927 0.67015707 0.67015707 0.67539267 0.67539267
 0.68062827 0.68062827 0.68324607 0.68324607 0.68586387 0.68586387
 0.68848168 0.68848168 0.69109948 0.69109948 0.69633508 0.69633508
 0.69895288 0.69895288 0.70157068 0.70157068 0.70418848 0.70418848
 0.70680628 0.70680628 0.70942408 0.70942408 0.71204188 0.71204188
 0.71465969 0.71465969 0.71727749 0.71727749 0.72251309 0.72251309
 0.72513089 0.72513089 0.72774869 0.72774869 0.73036649 0.73036649
 0.73560209 0.73560209 0.7382199  0.7382199  0.7434555  0.7434555
 0.7460733  0.7460733  0.7486911  0.7486911  0.7539267  0.7539267
 0.7591623  0.7591623  0.7617801  0.7617801  0.76439791 0.76439791
 0.76701571 0.76701571 0.77225131 0.77225131 0.77486911 0.77486911
 0.77748691 0.77748691 0.78010471 0.78010471 0.78272251 0.78272251
 0.78795812 0.78795812 0.79057592 0.79057592 0.79319372 0.79319372
 0.79581152 0.79581152 0.80104712 0.80104712 0.80628272 0.80628272
 0.80890052 0.80890052 0.81151832 0.81151832 0.81413613 0.81413613
 0.81675393 0.81675393 0.81937173 0.81937173 0.82198953 0.82198953
 0.82460733 0.82460733 0.82984293 0.82984293 0.83507853 0.83507853
 0.84031414 0.84031414 0.84293194 0.84293194 0.84554974 0.84554974
 0.85078534 0.85078534 0.85340314 0.85340314 0.85602094 0.85602094
 0.85863874 0.85863874 0.86125654 0.86125654 0.86649215 0.86649215
 0.86910995 0.86910995 0.87172775 0.87172775 0.87434555 0.87434555
 0.87958115 0.87958115 0.88219895 0.88219895 0.88481675 0.88481675
 0.88743455 0.88743455 0.89005236 0.89005236 0.89528796 0.89528796
 0.89790576 0.89790576 0.90052356 0.90052356 0.90314136 0.90314136
 0.90575916 0.90575916 0.90837696 0.90837696 0.91099476 0.91099476
 0.91361257 0.91361257 0.91623037 0.91623037 0.91884817 0.91884817
 0.92146597 0.92146597 0.92408377 0.92408377 0.92670157 0.92670157
 0.92931937 0.92931937 0.93455497 0.93455497 0.93717277 0.93717277
 0.93979058 0.93979058 0.94240838 0.94240838 0.94502618 0.94502618
 0.94764398 0.94764398 0.95026178 0.95026178 0.95549738 0.95549738
 0.95811518 0.95811518 0.96073298 0.96073298 0.96335079 0.96335079
 0.96335079 0.96335079 0.96596859 0.96596859 0.96596859 0.96596859
 0.96596859 0.96596859 0.96596859 0.96596859 0.96858639 0.96858639
 0.97120419 0.97120419 0.97382199 0.97382199 0.97382199 0.97382199
 0.97643979 0.97643979 0.98167539 0.98167539 0.98429319 0.98429319
 0.98691099 0.98691099 0.9895288  0.9895288  0.9895288  0.9895288
 0.9921466  0.9921466  0.9947644  0.9947644  0.9973822  0.9973822
 0.9973822  0.9973822  1.         1.         1.         1.
 1.         1.         1.         1.         1.         1.
 1.         1.         1.         1.         1.         1.
 1.         1.         1.        ]",0.8976582990825135
RandomForest,base,0.8921330089213301,0.6746987951807228,0.5863874345549738,0.6274509803921569,"[0.00000000e+00 0.00000000e+00 0.00000000e+00 0.00000000e+00
 0.00000000e+00 9.59692898e-04 9.59692898e-04 1.43953935e-03
 1.43953935e-03 1.43953935e-03 1.43953935e-03 1.43953935e-03
 1.43953935e-03 1.43953935e-03 1.43953935e-03 1.91938580e-03
 1.91938580e-03 3.35892514e-03 3.83877159e-03 4.31861804e-03
 4.31861804e-03 4.79846449e-03 4.79846449e-03 5.27831094e-03
 5.27831094e-03 8.15738964e-03 9.59692898e-03 1.05566219e-02
 1.15163148e-02 1.19961612e-02 1.39155470e-02 1.43953935e-02
 1.48752399e-02 1.67946257e-02 1.72744722e-02 1.87140115e-02
 2.25527831e-02 2.35124760e-02 2.59117083e-02 2.83109405e-02
 3.07101727e-02 3.35892514e-02 3.55086372e-02 3.83877159e-02
 3.98272553e-02 4.03071017e-02 4.22264875e-02 4.36660269e-02
 4.60652591e-02 5.18234165e-02 5.37428023e-02 5.51823417e-02
 5.61420345e-02 5.75815739e-02 5.85412668e-02 6.04606526e-02
 6.28598848e-02 6.81381958e-02 7.00575816e-02 7.14971209e-02
 7.38963532e-02 7.58157390e-02 7.82149712e-02 7.86948177e-02
 8.34932821e-02 8.49328215e-02 9.11708253e-02 9.35700576e-02
 9.74088292e-02 9.98080614e-02 1.01727447e-01 1.05566219e-01
 1.07005758e-01 1.09884837e-01 1.14203455e-01 1.18522073e-01
 1.22840691e-01 1.27159309e-01 1.30998081e-01 1.36276392e-01
 1.44913628e-01 1.50671785e-01 1.55470250e-01 1.61708253e-01
 1.65547025e-01 1.73224568e-01 1.82821497e-01 1.91458733e-01
 1.95777351e-01 2.04414587e-01 2.14971209e-01 2.25047985e-01
 2.35124760e-01 2.50000000e-01 2.66794626e-01 2.90786948e-01
 3.19097889e-01 3.64203455e-01 4.21305182e-01 4.28982726e-01
 5.31669866e-01 5.51343570e-01 5.52783109e-01 1.00000000e+00]","[0.         0.0104712  0.01832461 0.02879581 0.04188482 0.05759162
 0.07591623 0.08376963 0.10994764 0.11780105 0.13350785 0.14136126
 0.15183246 0.15968586 0.16230366 0.17539267 0.18586387 0.20157068
 0.20942408 0.21989529 0.22774869 0.2408377  0.2539267  0.26439791
 0.27486911 0.29581152 0.30366492 0.31675393 0.33246073 0.35340314
 0.35863874 0.39005236 0.41099476 0.41884817 0.42670157 0.43193717
 0.44240838 0.44764398 0.46073298 0.46335079 0.47382199 0.4947644
 0.5052356  0.5104712  0.51832461 0.52617801 0.55235602 0.55759162
 0.56544503 0.58638743 0.59162304 0.60994764 0.61256545 0.62041885
 0.62827225 0.63874346 0.64136126 0.64659686 0.66230366 0.66753927
 0.68062827 0.68324607 0.68848168 0.69371728 0.70680628 0.70680628
 0.70680628 0.71989529 0.72774869 0.72774869 0.7382199  0.7486911
 0.7591623  0.7617801  0.76701571 0.78010471 0.78534031 0.78795812
 0.79319372 0.79842932 0.80366492 0.80890052 0.82984293 0.83769634
 0.84293194 0.85340314 0.87172775 0.87958115 0.89267016 0.89790576
 0.89790576 0.90837696 0.91099476 0.91623037 0.92146597 0.92408377
 0.92931937 0.94240838 0.96596859 0.96858639 0.96858639 0.96858639
 0.96858639 1.        ]",0.9100702434906693
RandomForest,oversampling,0.8856447688564477,0.6243781094527363,0.6570680628272252,0.6403061224489796,"[0.00000000e+00 9.59692898e-04 1.91938580e-03 2.39923225e-03
 2.39923225e-03 2.87907869e-03 3.83877159e-03 3.83877159e-03
 4.31861804e-03 5.27831094e-03 6.23800384e-03 7.19769674e-03
 8.15738964e-03 9.59692898e-03 1.05566219e-02 1.10364683e-02
 1.24760077e-02 1.34357006e-02 1.43953935e-02 1.58349328e-02
 1.72744722e-02 1.91938580e-02 2.01535509e-02 2.11132438e-02
 2.44721689e-02 2.49520154e-02 2.78310940e-02 3.11900192e-02
 3.21497121e-02 3.40690979e-02 3.55086372e-02 3.79078695e-02
 4.12667946e-02 4.36660269e-02 4.55854127e-02 4.70249520e-02
 4.99040307e-02 5.13435701e-02 5.23032630e-02 5.32629559e-02
 5.61420345e-02 5.90211132e-02 6.14203455e-02 6.42994242e-02
 6.66986564e-02 6.86180422e-02 6.95777351e-02 7.10172745e-02
 7.24568138e-02 7.34165067e-02 7.72552783e-02 8.06142035e-02
 8.30134357e-02 8.63723608e-02 8.87715931e-02 9.06909789e-02
 9.26103647e-02 9.50095969e-02 9.74088292e-02 1.02207294e-01
 1.04126679e-01 1.05566219e-01 1.11804223e-01 1.15163148e-01
 1.16602687e-01 1.21401152e-01 1.24760077e-01 1.27159309e-01
 1.30998081e-01 1.33877159e-01 1.38195777e-01 1.44913628e-01
 1.47312860e-01 1.52111324e-01 1.58349328e-01 1.61708253e-01
 1.63627639e-01 1.68905950e-01 1.73224568e-01 1.80422265e-01
 1.84740883e-01 1.90019194e-01 1.92418426e-01 1.96257198e-01
 2.01535509e-01 2.09213052e-01 2.15930902e-01 2.25047985e-01
 2.31765835e-01 2.43761996e-01 2.54798464e-01 2.62476008e-01
 2.73992322e-01 2.94625720e-01 3.10460653e-01 3.33493282e-01
 3.59404990e-01 3.93474088e-01 4.49616123e-01 4.69289827e-01
 4.69769674e-01 5.70057582e-01 5.71017274e-01 1.00000000e+00]","[0.         0.02094241 0.06806283 0.08638743 0.10209424 0.12041885
 0.13612565 0.15706806 0.16753927 0.19371728 0.20680628 0.22774869
 0.2408377  0.2591623  0.26439791 0.27486911 0.29581152 0.30628272
 0.32198953 0.34293194 0.36649215 0.37958115 0.40052356 0.41623037
 0.42931937 0.43455497 0.44502618 0.45026178 0.46335079 0.46858639
 0.4895288  0.5078534  0.51832461 0.53141361 0.54188482 0.55235602
 0.55759162 0.56544503 0.57853403 0.57853403 0.57853403 0.59947644
 0.60209424 0.61256545 0.62041885 0.62565445 0.63089005 0.64659686
 0.65706806 0.66230366 0.66753927 0.68062827 0.68848168 0.69633508
 0.70680628 0.71204188 0.71204188 0.71727749 0.72513089 0.72513089
 0.72774869 0.73036649 0.73298429 0.7434555  0.7513089  0.76439791
 0.77225131 0.78010471 0.78795812 0.79581152 0.79842932 0.80366492
 0.80628272 0.80890052 0.80890052 0.81413613 0.82198953 0.82984293
 0.83246073 0.83246073 0.84554974 0.85340314 0.86649215 0.87434555
 0.87696335 0.88481675 0.89528796 0.90575916 0.91361257 0.91361257
 0.91884817 0.92146597 0.92408377 0.92931937 0.93193717 0.93717277
 0.94240838 0.95549738 0.96335079 0.96335079 0.96335079 0.97382199
 0.97382199 1.        ]",0.9063131211624845
RandomForest,undersampling,0.8240064882400648,0.46296296296296297,0.8507853403141361,0.5996309963099631,"[0.         0.00143954 0.00287908 0.00431862 0.00575816 0.01103647
 0.01391555 0.01679463 0.02015355 0.02591171 0.02927063 0.03214971
 0.03502879 0.03838772 0.04174664 0.04510557 0.0475048  0.05134357
 0.05662188 0.05950096 0.06285988 0.06669866 0.07005758 0.07485605
 0.07917466 0.0815739  0.08493282 0.09069098 0.09165067 0.0950096
 0.09740883 0.10268714 0.1074856  0.11276392 0.11804223 0.121881
 0.12619962 0.13003839 0.13339731 0.13627639 0.14395393 0.14635317
 0.15067179 0.1549904  0.15930902 0.16554702 0.1684261  0.17130518
 0.17610365 0.18090211 0.1828215  0.18570058 0.18953935 0.19337812
 0.1962572  0.2024952  0.20585413 0.21065259 0.21497121 0.21785029
 0.22168906 0.22552783 0.23128599 0.23608445 0.24232246 0.24760077
 0.25191939 0.25815739 0.26679463 0.27159309 0.2768714  0.28646833
 0.29318618 0.2975048  0.30230326 0.31190019 0.3171785  0.32485605
 0.33637236 0.34932821 0.36036468 0.36084453 0.37140115 0.38003839
 0.39107486 0.40403071 0.4049904  0.41554702 0.42994242 0.43570058
 0.4524952  0.4668906  0.48320537 0.49568138 0.51199616 0.5268714
 0.53454894 0.55518234 0.55566219 0.57869482 0.57917466 0.60556622
 0.60652591 0.64539347 0.64683301 0.66650672 0.7303263  0.73272553
 0.82053743 0.82149712 0.8243762  0.82629559 0.82869482 0.82965451
 1.        ]","[0.         0.06806283 0.12303665 0.14921466 0.19633508 0.2434555
 0.28534031 0.32984293 0.37434555 0.40314136 0.42670157 0.45811518
 0.48691099 0.52094241 0.54712042 0.56282723 0.57591623 0.58900524
 0.60471204 0.62827225 0.63350785 0.64921466 0.65706806 0.67277487
 0.67539267 0.68586387 0.69109948 0.70157068 0.70418848 0.71465969
 0.71989529 0.73036649 0.73560209 0.7408377  0.7434555  0.7486911
 0.7539267  0.76963351 0.77486911 0.78010471 0.78534031 0.79319372
 0.80366492 0.80366492 0.81413613 0.82198953 0.82460733 0.83769634
 0.84293194 0.85078534 0.85602094 0.86125654 0.86387435 0.86387435
 0.86649215 0.86910995 0.86910995 0.87434555 0.87696335 0.88219895
 0.88743455 0.89005236 0.89528796 0.89790576 0.90052356 0.90052356
 0.90575916 0.90837696 0.91099476 0.91099476 0.91623037 0.92408377
 0.92931937 0.93193717 0.93455497 0.93979058 0.94240838 0.94502618
 0.94764398 0.94764398 0.95287958 0.95287958 0.95287958 0.95811518
 0.95811518 0.96073298 0.96073298 0.96335079 0.96335079 0.96596859
 0.96858639 0.97643979 0.97643979 0.97643979 0.97905759 0.98167539
 0.98429319 0.98429319 0.98429319 0.98429319 0.98429319 0.9895288
 0.9895288  0.9947644  0.9947644  0.9947644  0.9973822  0.9973822
 1.         1.         1.         1.         1.         1.
 1.        ]",0.9117013445749717
XGBoost,base,0.889294403892944,0.6636636636636637,0.5785340314136126,0.6181818181818182,"[0.00000000e+00 0.00000000e+00 0.00000000e+00 4.79846449e-04
 4.79846449e-04 9.59692898e-04 9.59692898e-04 1.43953935e-03
 1.43953935e-03 2.39923225e-03 2.39923225e-03 2.87907869e-03
 2.87907869e-03 3.35892514e-03 3.35892514e-03 3.83877159e-03
 3.83877159e-03 4.31861804e-03 4.31861804e-03 4.79846449e-03
 4.79846449e-03 6.23800384e-03 6.23800384e-03 6.71785029e-03
 6.71785029e-03 7.19769674e-03 7.19769674e-03 7.67754319e-03
 7.67754319e-03 9.11708253e-03 9.11708253e-03 9.59692898e-03
 9.59692898e-03 1.05566219e-02 1.05566219e-02 1.19961612e-02
 1.19961612e-02 1.24760077e-02 1.24760077e-02 1.29558541e-02
 1.29558541e-02 1.39155470e-02 1.39155470e-02 1.43953935e-02
 1.43953935e-02 1.53550864e-02 1.53550864e-02 1.63147793e-02
 1.63147793e-02 1.87140115e-02 1.87140115e-02 2.01535509e-02
 2.01535509e-02 2.06333973e-02 2.06333973e-02 2.11132438e-02
 2.11132438e-02 2.15930902e-02 2.15930902e-02 2.20729367e-02
 2.20729367e-02 2.25527831e-02 2.25527831e-02 2.30326296e-02
 2.30326296e-02 2.39923225e-02 2.39923225e-02 2.44721689e-02
 2.44721689e-02 2.59117083e-02 2.59117083e-02 2.63915547e-02
 2.63915547e-02 2.73512476e-02 2.73512476e-02 2.78310940e-02
 2.78310940e-02 2.92706334e-02 2.92706334e-02 3.02303263e-02
 3.02303263e-02 3.21497121e-02 3.21497121e-02 3.26295585e-02
 3.26295585e-02 3.50287908e-02 3.50287908e-02 3.55086372e-02
 3.55086372e-02 3.64683301e-02 3.64683301e-02 3.74280230e-02
 3.74280230e-02 3.79078695e-02 3.79078695e-02 3.83877159e-02
 3.83877159e-02 3.88675624e-02 3.88675624e-02 4.03071017e-02
 4.03071017e-02 4.07869482e-02 4.07869482e-02 4.12667946e-02
 4.12667946e-02 4.17466411e-02 4.17466411e-02 4.22264875e-02
 4.22264875e-02 4.31861804e-02 4.31861804e-02 4.36660269e-02
 4.36660269e-02 4.41458733e-02 4.41458733e-02 4.51055662e-02
 4.51055662e-02 4.55854127e-02 4.55854127e-02 4.65451056e-02
 4.65451056e-02 4.70249520e-02 4.70249520e-02 4.89443378e-02
 4.89443378e-02 4.99040307e-02 4.99040307e-02 5.08637236e-02
 5.08637236e-02 5.23032630e-02 5.23032630e-02 5.47024952e-02
 5.47024952e-02 5.56621881e-02 5.56621881e-02 5.75815739e-02
 5.75815739e-02 5.80614203e-02 5.80614203e-02 5.95009597e-02
 5.95009597e-02 5.99808061e-02 5.99808061e-02 6.14203455e-02
 6.14203455e-02 6.19001919e-02 6.19001919e-02 6.23800384e-02
 6.23800384e-02 6.28598848e-02 6.28598848e-02 6.33397313e-02
 6.33397313e-02 6.38195777e-02 6.38195777e-02 6.47792706e-02
 6.47792706e-02 6.52591171e-02 6.52591171e-02 6.62188100e-02
 6.62188100e-02 6.81381958e-02 6.81381958e-02 6.86180422e-02
 6.86180422e-02 6.90978887e-02 6.90978887e-02 6.95777351e-02
 6.95777351e-02 7.00575816e-02 7.00575816e-02 7.14971209e-02
 7.14971209e-02 7.38963532e-02 7.38963532e-02 7.62955854e-02
 7.62955854e-02 7.72552783e-02 7.72552783e-02 7.82149712e-02
 7.82149712e-02 7.96545106e-02 7.96545106e-02 8.20537428e-02
 8.20537428e-02 8.25335893e-02 8.25335893e-02 8.44529750e-02
 8.54126679e-02 8.58925144e-02 8.58925144e-02 8.68522073e-02
 8.68522073e-02 8.82917466e-02 8.82917466e-02 9.06909789e-02
 9.06909789e-02 9.11708253e-02 9.11708253e-02 9.40499040e-02
 9.40499040e-02 9.50095969e-02 9.50095969e-02 9.69289827e-02
 9.69289827e-02 1.01247601e-01 1.01247601e-01 1.05086372e-01
 1.05086372e-01 1.06046065e-01 1.06046065e-01 1.08445298e-01
 1.08445298e-01 1.10364683e-01 1.10364683e-01 1.11804223e-01
 1.11804223e-01 1.12284069e-01 1.12284069e-01 1.14203455e-01
 1.14203455e-01 1.17562380e-01 1.17562380e-01 1.18522073e-01
 1.18522073e-01 1.21880998e-01 1.21880998e-01 1.25239923e-01
 1.25239923e-01 1.27639155e-01 1.27639155e-01 1.30038388e-01
 1.30038388e-01 1.30998081e-01 1.30998081e-01 1.31477927e-01
 1.31477927e-01 1.31957774e-01 1.31957774e-01 1.34357006e-01
 1.34357006e-01 1.35796545e-01 1.35796545e-01 1.36276392e-01
 1.36276392e-01 1.40115163e-01 1.40115163e-01 1.43953935e-01
 1.43953935e-01 1.50671785e-01 1.50671785e-01 1.53550864e-01
 1.53550864e-01 1.54990403e-01 1.54990403e-01 1.55470250e-01
 1.57389635e-01 1.57869482e-01 1.57869482e-01 1.58349328e-01
 1.58349328e-01 1.59309021e-01 1.59309021e-01 1.59788868e-01
 1.59788868e-01 1.61708253e-01 1.61708253e-01 1.62667946e-01
 1.62667946e-01 1.65067179e-01 1.65067179e-01 1.65547025e-01
 1.66506718e-01 1.69385797e-01 1.69385797e-01 1.71305182e-01
 1.72264875e-01 1.72744722e-01 1.72744722e-01 1.73704415e-01
 1.73704415e-01 1.76583493e-01 1.76583493e-01 1.77063340e-01
 1.77063340e-01 1.78023033e-01 1.78023033e-01 1.78982726e-01
 1.92418426e-01 1.92418426e-01 1.93378119e-01 1.93378119e-01
 2.02495202e-01 2.02495202e-01 2.04894434e-01 2.04894434e-01
 2.09692898e-01 2.09692898e-01 2.14491363e-01 2.14491363e-01
 2.19289827e-01 2.19289827e-01 2.19769674e-01 2.20729367e-01
 2.20729367e-01 2.22648752e-01 2.22648752e-01 2.23128599e-01
 2.23128599e-01 2.30326296e-01 2.30326296e-01 2.31285988e-01
 2.31285988e-01 2.31765835e-01 2.31765835e-01 2.35604607e-01
 2.35604607e-01 2.42322457e-01 2.42322457e-01 2.42802303e-01
 2.42802303e-01 2.48080614e-01 2.48560461e-01 2.48560461e-01
 2.50000000e-01 2.59596929e-01 2.59596929e-01 2.61516315e-01
 2.61516315e-01 2.63435701e-01 2.63435701e-01 2.66314779e-01
 2.66314779e-01 2.66794626e-01 2.66794626e-01 2.68714012e-01
 2.68714012e-01 2.72072937e-01 2.72072937e-01 2.74952015e-01
 2.77351248e-01 2.80230326e-01 2.80230326e-01 2.85028791e-01
 2.85988484e-01 2.86948177e-01 2.86948177e-01 2.88867562e-01
 2.89827255e-01 2.92706334e-01 2.92706334e-01 3.04702495e-01
 3.04702495e-01 3.10460653e-01 3.11900192e-01 3.15259117e-01
 3.15259117e-01 3.16218810e-01 3.16218810e-01 3.19097889e-01
 3.19097889e-01 3.20537428e-01 3.20537428e-01 3.38771593e-01
 3.38771593e-01 3.46449136e-01 3.46449136e-01 3.50767754e-01
 3.50767754e-01 3.51247601e-01 3.51247601e-01 3.61804223e-01
 3.62763916e-01 3.76199616e-01 3.76199616e-01 3.76679463e-01
 3.78598848e-01 3.85796545e-01 3.85796545e-01 3.98272553e-01
 3.99232246e-01 4.01631478e-01 4.02591171e-01 4.03071017e-01
 4.03071017e-01 4.04030710e-01 4.04030710e-01 4.05950096e-01
 4.05950096e-01 4.12667946e-01 4.12667946e-01 4.21785029e-01
 4.22744722e-01 4.25623800e-01 4.25623800e-01 4.26103647e-01
 4.26103647e-01 4.27543186e-01 4.28502879e-01 4.33781190e-01
 4.34740883e-01 4.34740883e-01 4.41938580e-01 4.43378119e-01
 4.44817658e-01 4.45777351e-01 4.48656430e-01 4.49616123e-01
 4.53934741e-01 4.53934741e-01 4.61132438e-01 4.62092131e-01
 4.84644914e-01 4.84644914e-01 4.85604607e-01 4.86084453e-01
 4.88003839e-01 4.99520154e-01 5.00479846e-01 5.03838772e-01
 5.05278311e-01 5.06717850e-01 5.08157390e-01 5.10556622e-01
 5.10556622e-01 5.20633397e-01 5.23512476e-01 5.24952015e-01
 5.26391555e-01 5.31669866e-01 5.33589251e-01 5.35028791e-01
 5.36468330e-01 5.39827255e-01 5.50383877e-01 5.50383877e-01
 5.52783109e-01 5.55182342e-01 5.55182342e-01 5.56621881e-01
 5.64299424e-01 5.65259117e-01 5.65738964e-01 5.67178503e-01
 5.72456814e-01 5.73416507e-01 5.82533589e-01 5.83493282e-01
 6.00767754e-01 6.02207294e-01 6.04126679e-01 6.04126679e-01
 6.07005758e-01 6.08925144e-01 6.11804223e-01 6.13723608e-01
 6.17562380e-01 6.18522073e-01 6.20441459e-01 6.22360845e-01
 6.23320537e-01 6.24280230e-01 6.25239923e-01 6.26199616e-01
 6.27159309e-01 6.30038388e-01 6.31957774e-01 6.33397313e-01
 6.33877159e-01 6.33877159e-01 6.37715931e-01 6.38675624e-01
 6.42994242e-01 6.43953935e-01 6.53550864e-01 6.54510557e-01
 6.55950096e-01 6.55950096e-01 6.56429942e-01 6.60268714e-01
 6.64587332e-01 6.65547025e-01 6.67466411e-01 6.71785029e-01
 6.91938580e-01 6.95297505e-01 7.02975048e-01 7.03454894e-01
 7.04414587e-01 7.04894434e-01 7.06813820e-01 7.07773512e-01
 7.09213052e-01 7.20729367e-01 7.21689060e-01 7.25527831e-01
 7.26967370e-01 7.32725528e-01 7.33685221e-01 7.37044146e-01
 7.38963532e-01 7.40403071e-01 7.57677543e-01 7.57677543e-01
 7.58637236e-01 7.59596929e-01 7.63915547e-01 7.64875240e-01
 7.72072937e-01 7.73992322e-01 7.93666027e-01 7.94625720e-01
 7.98464491e-01 7.99424184e-01 8.02303263e-01 8.04222649e-01
 8.28214971e-01 8.29174664e-01 8.36852207e-01 8.38291747e-01
 8.40690979e-01 8.41650672e-01 8.42130518e-01 8.43090211e-01
 8.50767754e-01 8.51727447e-01 8.57965451e-01 8.59884837e-01
 8.61324376e-01 8.64203455e-01 8.64683301e-01 8.65642994e-01
 8.79558541e-01 8.80518234e-01 8.81477927e-01 8.84357006e-01
 8.89155470e-01 8.90115163e-01 8.95873321e-01 8.97792706e-01
 8.98752399e-01 9.00191939e-01 9.03550864e-01 9.04510557e-01
 9.06429942e-01 9.07389635e-01 9.16026871e-01 9.24664107e-01
 9.28982726e-01 9.30902111e-01 9.33781190e-01 9.35220729e-01
 9.36180422e-01 9.37619962e-01 9.39059501e-01 9.40019194e-01
 9.46737044e-01 9.47696737e-01 9.55374280e-01 9.58253359e-01
 9.60172745e-01 9.61132438e-01 9.64971209e-01 9.65930902e-01
 9.78886756e-01 9.80806142e-01 9.81285988e-01 9.82725528e-01
 9.92322457e-01 9.93282150e-01 1.00000000e+00]","[0.         0.0026178  0.03403141 0.03403141 0.04450262 0.04450262
 0.07853403 0.07853403 0.14659686 0.14659686 0.14921466 0.14921466
 0.21204188 0.21204188 0.22251309 0.22251309 0.22774869 0.22774869
 0.2382199  0.2382199  0.26701571 0.26701571 0.28534031 0.28534031
 0.29842932 0.29842932 0.30104712 0.30104712 0.30890052 0.30890052
 0.31151832 0.31151832 0.31675393 0.31675393 0.32198953 0.32198953
 0.32460733 0.32460733 0.32722513 0.32722513 0.32984293 0.32984293
 0.34031414 0.34031414 0.34554974 0.34554974 0.36387435 0.36387435
 0.36910995 0.36910995 0.37172775 0.37172775 0.38743455 0.38743455
 0.39005236 0.39005236 0.39528796 0.39528796 0.40052356 0.40052356
 0.40314136 0.40314136 0.40575916 0.40575916 0.41623037 0.41623037
 0.41884817 0.41884817 0.43455497 0.43455497 0.43979058 0.43979058
 0.44764398 0.44764398 0.45549738 0.45549738 0.45811518 0.45811518
 0.46073298 0.46073298 0.46335079 0.46335079 0.47120419 0.47120419
 0.48167539 0.48167539 0.48429319 0.48429319 0.4921466  0.4921466
 0.4947644  0.4947644  0.5026178  0.5026178  0.5052356  0.5052356
 0.5078534  0.5078534  0.5104712  0.5104712  0.51308901 0.51308901
 0.51570681 0.51570681 0.51832461 0.51832461 0.52356021 0.52356021
 0.52617801 0.52617801 0.52879581 0.52879581 0.53403141 0.53403141
 0.53926702 0.53926702 0.54188482 0.54188482 0.54712042 0.54712042
 0.54973822 0.54973822 0.55235602 0.55235602 0.56020942 0.56020942
 0.56806283 0.56806283 0.57591623 0.57591623 0.57853403 0.57853403
 0.58638743 0.58638743 0.58900524 0.58900524 0.59162304 0.59162304
 0.59947644 0.59947644 0.60471204 0.60471204 0.60994764 0.60994764
 0.61256545 0.61256545 0.61518325 0.61518325 0.62041885 0.62041885
 0.62303665 0.62303665 0.62565445 0.62565445 0.62827225 0.62827225
 0.63089005 0.63089005 0.63350785 0.63350785 0.63874346 0.63874346
 0.64397906 0.64397906 0.64659686 0.64659686 0.64921466 0.64921466
 0.65183246 0.65183246 0.65445026 0.65445026 0.65706806 0.65706806
 0.66492147 0.66492147 0.67277487 0.67277487 0.67539267 0.67539267
 0.67801047 0.67801047 0.68062827 0.68062827 0.68324607 0.68324607
 0.68586387 0.68586387 0.68586387 0.68586387 0.69109948 0.69109948
 0.69633508 0.69633508 0.69895288 0.69895288 0.70157068 0.70157068
 0.70418848 0.70418848 0.70680628 0.70680628 0.70942408 0.70942408
 0.71465969 0.71465969 0.71727749 0.71727749 0.72251309 0.72251309
 0.72513089 0.72513089 0.72774869 0.72774869 0.73036649 0.73036649
 0.73298429 0.73298429 0.73560209 0.73560209 0.7382199  0.7382199
 0.7408377  0.7408377  0.7434555  0.7434555  0.7460733  0.7460733
 0.7486911  0.7486911  0.7513089  0.7513089  0.7565445  0.7565445
 0.7591623  0.7591623  0.7617801  0.7617801  0.76439791 0.76439791
 0.76963351 0.76963351 0.77225131 0.77225131 0.77486911 0.77486911
 0.77748691 0.77748691 0.78010471 0.78010471 0.78272251 0.78272251
 0.78795812 0.78795812 0.79057592 0.79057592 0.79057592 0.79057592
 0.80104712 0.80104712 0.80366492 0.80366492 0.80628272 0.80628272
 0.80890052 0.80890052 0.81413613 0.81413613 0.81675393 0.81675393
 0.81937173 0.81937173 0.81937173 0.81937173 0.82198953 0.82198953
 0.82198953 0.82198953 0.82722513 0.82722513 0.82984293 0.82984293
 0.83246073 0.83246073 0.83507853 0.83507853 0.84031414 0.84031414
 0.84031414 0.84293194 0.84293194 0.84554974 0.84554974 0.84816754
 0.84816754 0.85078534 0.85078534 0.85340314 0.85340314 0.85602094
 0.85602094 0.86125654 0.86125654 0.86125654 0.86387435 0.86387435
 0.86649215 0.86649215 0.86910995 0.86910995 0.87172775 0.87172775
 0.87434555 0.87434555 0.87696335 0.87696335 0.87958115 0.87958115
 0.88219895 0.88219895 0.88481675 0.88481675 0.88743455 0.89005236
 0.89005236 0.89005236 0.89267016 0.89267016 0.89528796 0.89528796
 0.89790576 0.89790576 0.90052356 0.90052356 0.90314136 0.90314136
 0.90575916 0.90575916 0.90837696 0.90837696 0.90837696 0.90837696
 0.91099476 0.91099476 0.91099476 0.91099476 0.91361257 0.91361257
 0.91361257 0.91361257 0.91623037 0.91623037 0.91884817 0.91884817
 0.91884817 0.91884817 0.92146597 0.92146597 0.92670157 0.92670157
 0.92931937 0.92931937 0.93193717 0.93193717 0.93455497 0.93455497
 0.93717277 0.93717277 0.93979058 0.93979058 0.94502618 0.94502618
 0.94502618 0.94502618 0.94764398 0.94764398 0.94764398 0.94764398
 0.95026178 0.95026178 0.95026178 0.95026178 0.95026178 0.95026178
 0.95287958 0.95287958 0.95549738 0.95549738 0.95811518 0.95811518
 0.96596859 0.96596859 0.96596859 0.96596859 0.96858639 0.96858639
 0.97120419 0.97120419 0.97120419 0.97120419 0.97120419 0.97382199
 0.97382199 0.97382199 0.97382199 0.97382199 0.97382199 0.97382199
 0.97382199 0.97643979 0.97643979 0.97643979 0.97643979 0.97905759
 0.97905759 0.97905759 0.97905759 0.97905759 0.97905759 0.97905759
 0.97905759 0.97905759 0.97905759 0.97905759 0.98167539 0.98167539
 0.98167539 0.98167539 0.98167539 0.98167539 0.98167539 0.98167539
 0.98167539 0.98167539 0.98167539 0.98429319 0.98429319 0.98429319
 0.98691099 0.98691099 0.9895288  0.9895288  0.9895288  0.9895288
 0.9895288  0.9895288  0.9895288  0.9895288  0.9895288  0.9895288
 0.9895288  0.9921466  0.9921466  0.9921466  0.9921466  0.9921466
 0.9921466  0.9921466  0.9921466  0.9921466  0.9921466  0.9921466
 0.9921466  0.9921466  0.9921466  0.9921466  0.9921466  0.9921466
 0.9921466  0.9947644  0.9947644  0.9947644  0.9947644  0.9947644
 0.9947644  0.9947644  0.9947644  0.9973822  0.9973822  0.9973822
 0.9973822  0.9973822  0.9973822  0.9973822  0.9973822  0.9973822
 0.9973822  0.9973822  0.9973822  0.9973822  0.9973822  0.9973822
 0.9973822  0.9973822  0.9973822  0.9973822  0.9973822  0.9973822
 0.9973822  0.9973822  0.9973822  0.9973822  0.9973822  1.
 1.         1.         1.         1.         1.         1.
 1.         1.         1.         1.         1.         1.
 1.         1.         1.         1.         1.         1.
 1.         1.         1.         1.         1.         1.
 1.         1.         1.         1.         1.         1.
 1.         1.         1.         1.         1.         1.
 1.         1.         1.         1.         1.         1.
 1.         1.         1.         1.         1.         1.
 1.         1.         1.         1.         1.         1.
 1.         1.         1.         1.         1.         1.
 1.         1.         1.         1.         1.         1.
 1.        ]",0.9090910803830733
XGBoost,oversampling,0.8673965936739659,0.5583864118895966,0.6884816753926701,0.6166471277842908,"[0.00000000e+00 0.00000000e+00 0.00000000e+00 4.79846449e-04
 4.79846449e-04 9.59692898e-04 9.59692898e-04 1.43953935e-03
 1.43953935e-03 1.91938580e-03 1.91938580e-03 2.39923225e-03
 2.39923225e-03 3.35892514e-03 3.35892514e-03 3.83877159e-03
 3.83877159e-03 4.31861804e-03 4.31861804e-03 4.79846449e-03
 4.79846449e-03 5.27831094e-03 5.27831094e-03 6.23800384e-03
 6.23800384e-03 7.67754319e-03 7.67754319e-03 9.11708253e-03
 9.11708253e-03 9.59692898e-03 9.59692898e-03 1.00767754e-02
 1.00767754e-02 1.05566219e-02 1.05566219e-02 1.15163148e-02
 1.15163148e-02 1.19961612e-02 1.19961612e-02 1.24760077e-02
 1.24760077e-02 1.29558541e-02 1.29558541e-02 1.34357006e-02
 1.34357006e-02 1.39155470e-02 1.39155470e-02 1.43953935e-02
 1.43953935e-02 1.48752399e-02 1.48752399e-02 1.53550864e-02
 1.53550864e-02 1.58349328e-02 1.58349328e-02 1.67946257e-02
 1.67946257e-02 1.77543186e-02 1.77543186e-02 1.82341651e-02
 1.82341651e-02 1.87140115e-02 1.87140115e-02 2.01535509e-02
 2.01535509e-02 2.25527831e-02 2.25527831e-02 2.30326296e-02
 2.30326296e-02 2.35124760e-02 2.35124760e-02 2.39923225e-02
 2.39923225e-02 2.63915547e-02 2.63915547e-02 2.68714012e-02
 2.68714012e-02 2.78310940e-02 2.78310940e-02 2.83109405e-02
 2.83109405e-02 2.92706334e-02 2.92706334e-02 2.97504798e-02
 2.97504798e-02 3.02303263e-02 3.02303263e-02 3.16698656e-02
 3.16698656e-02 3.26295585e-02 3.26295585e-02 3.31094050e-02
 3.31094050e-02 3.40690979e-02 3.40690979e-02 3.45489443e-02
 3.45489443e-02 3.59884837e-02 3.59884837e-02 3.74280230e-02
 3.74280230e-02 3.79078695e-02 3.79078695e-02 3.83877159e-02
 3.83877159e-02 3.93474088e-02 3.93474088e-02 4.03071017e-02
 4.03071017e-02 4.12667946e-02 4.12667946e-02 4.27063340e-02
 4.27063340e-02 4.31861804e-02 4.31861804e-02 4.36660269e-02
 4.36660269e-02 4.51055662e-02 4.51055662e-02 4.55854127e-02
 4.55854127e-02 4.84644914e-02 4.84644914e-02 4.89443378e-02
 4.89443378e-02 5.03838772e-02 5.03838772e-02 5.13435701e-02
 5.13435701e-02 5.18234165e-02 5.18234165e-02 5.23032630e-02
 5.23032630e-02 5.32629559e-02 5.32629559e-02 5.47024952e-02
 5.47024952e-02 5.56621881e-02 5.56621881e-02 5.71017274e-02
 5.71017274e-02 5.80614203e-02 5.80614203e-02 5.85412668e-02
 5.85412668e-02 6.14203455e-02 6.14203455e-02 6.28598848e-02
 6.28598848e-02 6.33397313e-02 6.33397313e-02 6.42994242e-02
 6.42994242e-02 6.47792706e-02 6.47792706e-02 6.66986564e-02
 6.66986564e-02 6.76583493e-02 6.76583493e-02 6.81381958e-02
 6.81381958e-02 6.95777351e-02 6.95777351e-02 7.00575816e-02
 7.00575816e-02 7.05374280e-02 7.05374280e-02 7.34165067e-02
 7.34165067e-02 7.38963532e-02 7.38963532e-02 7.43761996e-02
 7.43761996e-02 7.67754319e-02 7.67754319e-02 7.77351248e-02
 7.77351248e-02 8.34932821e-02 8.34932821e-02 8.78119002e-02
 8.78119002e-02 9.02111324e-02 9.02111324e-02 9.06909789e-02
 9.06909789e-02 9.16506718e-02 9.16506718e-02 9.26103647e-02
 9.26103647e-02 9.40499040e-02 9.50095969e-02 9.78886756e-02
 9.78886756e-02 9.83685221e-02 9.83685221e-02 9.98080614e-02
 9.98080614e-02 1.02687140e-01 1.03646833e-01 1.04606526e-01
 1.04606526e-01 1.06046065e-01 1.06046065e-01 1.07485605e-01
 1.07485605e-01 1.08445298e-01 1.08445298e-01 1.09404990e-01
 1.09404990e-01 1.09884837e-01 1.09884837e-01 1.13243762e-01
 1.13243762e-01 1.17562380e-01 1.17562380e-01 1.19001919e-01
 1.19001919e-01 1.19481766e-01 1.19481766e-01 1.19961612e-01
 1.19961612e-01 1.22360845e-01 1.23320537e-01 1.23800384e-01
 1.23800384e-01 1.28119002e-01 1.28119002e-01 1.29078695e-01
 1.29078695e-01 1.29558541e-01 1.29558541e-01 1.35316699e-01
 1.35316699e-01 1.39155470e-01 1.39155470e-01 1.39635317e-01
 1.39635317e-01 1.40115163e-01 1.41074856e-01 1.41074856e-01
 1.41554702e-01 1.41554702e-01 1.43474088e-01 1.43474088e-01
 1.43953935e-01 1.43953935e-01 1.49232246e-01 1.49232246e-01
 1.51151631e-01 1.51151631e-01 1.51631478e-01 1.51631478e-01
 1.54030710e-01 1.54030710e-01 1.55470250e-01 1.55470250e-01
 1.55950096e-01 1.56909789e-01 1.57389635e-01 1.57389635e-01
 1.62188100e-01 1.62188100e-01 1.63627639e-01 1.63627639e-01
 1.66026871e-01 1.66026871e-01 1.66506718e-01 1.66506718e-01
 1.66986564e-01 1.66986564e-01 1.68426104e-01 1.70345489e-01
 1.71305182e-01 1.71305182e-01 1.76583493e-01 1.76583493e-01
 1.79942418e-01 1.79942418e-01 1.81861804e-01 1.83781190e-01
 1.84261036e-01 1.84261036e-01 1.87619962e-01 1.87619962e-01
 1.88099808e-01 1.88099808e-01 1.89539347e-01 1.89539347e-01
 1.90499040e-01 1.91458733e-01 1.91458733e-01 1.92898273e-01
 1.92898273e-01 1.99136276e-01 1.99136276e-01 2.00095969e-01
 2.00095969e-01 2.04894434e-01 2.04894434e-01 2.05374280e-01
 2.05374280e-01 2.08733205e-01 2.08733205e-01 2.10172745e-01
 2.10172745e-01 2.14971209e-01 2.14971209e-01 2.18809981e-01
 2.18809981e-01 2.25047985e-01 2.25047985e-01 2.27447217e-01
 2.27447217e-01 2.30326296e-01 2.30326296e-01 2.34165067e-01
 2.34165067e-01 2.34644914e-01 2.34644914e-01 2.38963532e-01
 2.38963532e-01 2.39923225e-01 2.40882917e-01 2.45201536e-01
 2.45201536e-01 2.52879079e-01 2.52879079e-01 2.57197697e-01
 2.57197697e-01 2.61516315e-01 2.61516315e-01 2.66794626e-01
 2.66794626e-01 2.70633397e-01 2.71593090e-01 2.76391555e-01
 2.76391555e-01 2.81190019e-01 2.81190019e-01 2.81669866e-01
 2.84069098e-01 2.87907869e-01 2.87907869e-01 2.88387716e-01
 2.88387716e-01 2.89347409e-01 2.90307102e-01 2.91746641e-01
 2.92706334e-01 3.03262956e-01 3.03262956e-01 3.10460653e-01
 3.10460653e-01 3.13339731e-01 3.13339731e-01 3.14299424e-01
 3.14299424e-01 3.21976967e-01 3.21976967e-01 3.27735125e-01
 3.27735125e-01 3.29654511e-01 3.29654511e-01 3.30134357e-01
 3.30134357e-01 3.32053743e-01 3.32053743e-01 3.36852207e-01
 3.36852207e-01 3.40690979e-01 3.42610365e-01 3.48848369e-01
 3.49328215e-01 3.49328215e-01 3.51247601e-01 3.51247601e-01
 3.54126679e-01 3.54126679e-01 3.55086372e-01 3.55086372e-01
 3.55566219e-01 3.63243762e-01 3.64683301e-01 3.65642994e-01
 3.77159309e-01 3.77159309e-01 3.93474088e-01 3.93474088e-01
 3.98752399e-01 3.98752399e-01 4.07869482e-01 4.07869482e-01
 4.16026871e-01 4.18426104e-01 4.19385797e-01 4.19385797e-01
 4.21785029e-01 4.21785029e-01 4.25623800e-01 4.27063340e-01
 4.27543186e-01 4.28502879e-01 4.29462572e-01 4.29462572e-01
 4.31861804e-01 4.31861804e-01 4.38579655e-01 4.38579655e-01
 4.46737044e-01 4.46737044e-01 4.48176583e-01 4.51535509e-01
 4.52495202e-01 4.57773512e-01 4.57773512e-01 4.62571977e-01
 4.63531670e-01 4.74568138e-01 4.75527831e-01 4.77447217e-01
 4.77447217e-01 4.78406910e-01 4.80806142e-01 4.80806142e-01
 4.83685221e-01 4.83685221e-01 4.92322457e-01 4.93282150e-01
 4.94721689e-01 4.95681382e-01 4.99040307e-01 4.99040307e-01
 5.00959693e-01 5.01919386e-01 5.03838772e-01 5.11036468e-01
 5.11996161e-01 5.14395393e-01 5.15355086e-01 5.16794626e-01
 5.17754319e-01 5.23992322e-01 5.24952015e-01 5.27831094e-01
 5.29750480e-01 5.33109405e-01 5.33109405e-01 5.33589251e-01
 5.36468330e-01 5.46545106e-01 5.46545106e-01 5.49424184e-01
 5.50383877e-01 5.64299424e-01 5.66218810e-01 5.67178503e-01
 5.69577735e-01 5.71497121e-01 5.91170825e-01 5.95009597e-01
 5.95009597e-01 5.95489443e-01 5.96449136e-01 6.02207294e-01
 6.03646833e-01 6.04606526e-01 6.05566219e-01 6.08925144e-01
 6.09884837e-01 6.10364683e-01 6.14683301e-01 6.20921305e-01
 6.21880998e-01 6.28598848e-01 6.31477927e-01 6.32437620e-01
 6.33397313e-01 6.34357006e-01 6.35796545e-01 6.37715931e-01
 6.38195777e-01 6.39155470e-01 6.40595010e-01 6.43474088e-01
 6.48752399e-01 6.49712092e-01 6.51151631e-01 6.53071017e-01
 6.54990403e-01 6.55950096e-01 6.56909789e-01 6.56909789e-01
 6.62667946e-01 6.63627639e-01 6.64587332e-01 6.65547025e-01
 6.70825336e-01 6.72744722e-01 6.76583493e-01 6.78502879e-01
 6.81381958e-01 6.82341651e-01 6.84261036e-01 6.85220729e-01
 6.87140115e-01 6.87140115e-01 6.88099808e-01 6.90019194e-01
 6.95777351e-01 6.95777351e-01 6.98176583e-01 6.99616123e-01
 7.00575816e-01 7.07293666e-01 7.09213052e-01 7.11132438e-01
 7.16410749e-01 7.17370441e-01 7.19289827e-01 7.20249520e-01
 7.21689060e-01 7.23128599e-01 7.26967370e-01 7.28886756e-01
 7.31765835e-01 7.32725528e-01 7.33685221e-01 7.34644914e-01
 7.42322457e-01 7.43282150e-01 7.46161228e-01 7.49520154e-01
 7.53358925e-01 7.54798464e-01 7.55758157e-01 7.55758157e-01
 7.67754319e-01 7.68714012e-01 7.81669866e-01 7.81669866e-01
 7.88387716e-01 7.89827255e-01 7.94625720e-01 7.96065259e-01
 7.97984645e-01 7.98944338e-01 8.00863724e-01 8.01823417e-01
 8.03742802e-01 8.26775432e-01 8.28694818e-01 8.31094050e-01
 8.32053743e-01 8.35412668e-01 8.43090211e-01 8.67082534e-01
 8.68522073e-01 8.70921305e-01 8.71880998e-01 8.78119002e-01
 8.79078695e-01 8.84357006e-01 8.85796545e-01 8.92514395e-01
 8.95393474e-01 8.96353167e-01 8.97792706e-01 9.08829175e-01
 9.11228407e-01 9.18426104e-01 9.20825336e-01 9.39539347e-01
 9.40499040e-01 9.44337812e-01 9.45297505e-01 9.45777351e-01
 9.47216891e-01 9.52015355e-01 9.52975048e-01 9.61612284e-01
 9.62571977e-01 9.63051823e-01 9.64011516e-01 9.70729367e-01
 9.71689060e-01 9.81765835e-01 9.82725528e-01 9.88003839e-01
 9.88963532e-01 1.00000000e+00]","[0.         0.0026178  0.0104712  0.0104712  0.04712042 0.04712042
 0.06282723 0.06282723 0.11780105 0.11780105 0.20942408 0.20942408
 0.2434555  0.2434555  0.2486911  0.2486911  0.2513089  0.2513089
 0.2565445  0.2565445  0.2591623  0.2591623  0.26701571 0.26701571
 0.28795812 0.28795812 0.29581152 0.29581152 0.30104712 0.30104712
 0.30628272 0.30628272 0.30890052 0.30890052 0.31151832 0.31151832
 0.31675393 0.31675393 0.31937173 0.31937173 0.32198953 0.32198953
 0.32722513 0.32722513 0.33246073 0.33246073 0.34554974 0.34554974
 0.34816754 0.34816754 0.35340314 0.35340314 0.36125654 0.36125654
 0.36649215 0.36649215 0.37434555 0.37434555 0.37696335 0.37696335
 0.39005236 0.39005236 0.40314136 0.40314136 0.40575916 0.40575916
 0.40837696 0.40837696 0.41361257 0.41361257 0.42670157 0.42670157
 0.43193717 0.43193717 0.43455497 0.43455497 0.43717277 0.43717277
 0.44764398 0.44764398 0.45026178 0.45026178 0.45811518 0.45811518
 0.47120419 0.47120419 0.47382199 0.47382199 0.47905759 0.47905759
 0.48167539 0.48167539 0.48691099 0.48691099 0.4895288  0.4895288
 0.4921466  0.4921466  0.5        0.5        0.5104712  0.5104712
 0.51832461 0.51832461 0.52094241 0.52094241 0.52617801 0.52617801
 0.53141361 0.53141361 0.53403141 0.53403141 0.53664921 0.53664921
 0.54450262 0.54450262 0.55759162 0.55759162 0.56282723 0.56282723
 0.56544503 0.56544503 0.56806283 0.56806283 0.58115183 0.58115183
 0.58638743 0.58638743 0.58900524 0.58900524 0.59162304 0.59162304
 0.59424084 0.59424084 0.59685864 0.59685864 0.60209424 0.60209424
 0.60471204 0.60471204 0.60732984 0.60732984 0.60994764 0.60994764
 0.61256545 0.61256545 0.61518325 0.61518325 0.61780105 0.61780105
 0.62041885 0.62041885 0.62303665 0.62303665 0.62827225 0.62827225
 0.63089005 0.63089005 0.63350785 0.63350785 0.63612565 0.63612565
 0.63874346 0.63874346 0.64136126 0.64136126 0.64397906 0.64397906
 0.64659686 0.64659686 0.64921466 0.64921466 0.65706806 0.65706806
 0.66230366 0.66230366 0.66492147 0.66492147 0.66753927 0.66753927
 0.67015707 0.67015707 0.67277487 0.67277487 0.67539267 0.67539267
 0.67801047 0.67801047 0.68062827 0.68062827 0.68062827 0.68062827
 0.68324607 0.68324607 0.68586387 0.68586387 0.68848168 0.68848168
 0.68848168 0.68848168 0.69109948 0.69109948 0.69633508 0.69633508
 0.69895288 0.69895288 0.70418848 0.70418848 0.70942408 0.70942408
 0.71204188 0.71204188 0.71465969 0.71465969 0.71989529 0.71989529
 0.72513089 0.72513089 0.72774869 0.72774869 0.73036649 0.73036649
 0.73036649 0.73036649 0.73298429 0.73298429 0.73560209 0.73560209
 0.7382199  0.7382199  0.7434555  0.7434555  0.7486911  0.7486911
 0.7539267  0.7539267  0.7565445  0.7565445  0.7565445  0.7617801
 0.7617801  0.76439791 0.76439791 0.76701571 0.76701571 0.77225131
 0.77225131 0.77486911 0.77486911 0.77748691 0.77748691 0.78010471
 0.78010471 0.78272251 0.78272251 0.78534031 0.78534031 0.78534031
 0.78534031 0.78795812 0.78795812 0.79057592 0.79057592 0.79319372
 0.79319372 0.79581152 0.79581152 0.79842932 0.79842932 0.80366492
 0.80366492 0.80366492 0.80366492 0.80890052 0.80890052 0.81151832
 0.81151832 0.81675393 0.81675393 0.81675393 0.81675393 0.81937173
 0.81937173 0.82198953 0.82198953 0.82460733 0.82460733 0.82722513
 0.82722513 0.82722513 0.82984293 0.82984293 0.83246073 0.83246073
 0.83507853 0.83507853 0.84031414 0.84031414 0.84293194 0.84293194
 0.84816754 0.84816754 0.85078534 0.85078534 0.85340314 0.85340314
 0.85602094 0.85602094 0.85863874 0.85863874 0.86125654 0.86125654
 0.86387435 0.86387435 0.86649215 0.86649215 0.86910995 0.86910995
 0.87172775 0.87172775 0.87434555 0.87434555 0.87434555 0.87434555
 0.87696335 0.87696335 0.87958115 0.87958115 0.88219895 0.88219895
 0.88481675 0.88481675 0.88743455 0.88743455 0.88743455 0.88743455
 0.89005236 0.89005236 0.89267016 0.89267016 0.89267016 0.89267016
 0.89528796 0.89528796 0.89790576 0.89790576 0.89790576 0.89790576
 0.89790576 0.89790576 0.90052356 0.90052356 0.90314136 0.90314136
 0.90575916 0.90575916 0.90837696 0.90837696 0.91099476 0.91099476
 0.91361257 0.91361257 0.91623037 0.91623037 0.91884817 0.91884817
 0.92146597 0.92146597 0.92408377 0.92408377 0.92408377 0.92408377
 0.92670157 0.92931937 0.92931937 0.93193717 0.93193717 0.93455497
 0.93455497 0.93717277 0.93717277 0.93979058 0.93979058 0.93979058
 0.93979058 0.94240838 0.94240838 0.94502618 0.94502618 0.94764398
 0.94764398 0.95026178 0.95026178 0.95026178 0.95026178 0.95287958
 0.95287958 0.95549738 0.95549738 0.95549738 0.95549738 0.95549738
 0.95549738 0.95811518 0.95811518 0.96073298 0.96073298 0.96335079
 0.96335079 0.96596859 0.96596859 0.96596859 0.96596859 0.96596859
 0.96858639 0.96858639 0.96858639 0.96858639 0.96858639 0.96858639
 0.97120419 0.97120419 0.97120419 0.97382199 0.97382199 0.97643979
 0.97643979 0.97643979 0.97643979 0.97643979 0.97643979 0.97905759
 0.97905759 0.97905759 0.97905759 0.97905759 0.97905759 0.97905759
 0.97905759 0.97905759 0.97905759 0.97905759 0.97905759 0.97905759
 0.97905759 0.97905759 0.98167539 0.98167539 0.98167539 0.98167539
 0.98429319 0.98429319 0.98429319 0.98429319 0.98429319 0.98429319
 0.98429319 0.98429319 0.98429319 0.98429319 0.98691099 0.98691099
 0.98691099 0.98691099 0.98691099 0.98691099 0.98691099 0.98691099
 0.98691099 0.98691099 0.98691099 0.98691099 0.98691099 0.98691099
 0.98691099 0.98691099 0.98691099 0.98691099 0.98691099 0.98691099
 0.98691099 0.98691099 0.98691099 0.98691099 0.98691099 0.98691099
 0.98691099 0.98691099 0.98691099 0.98691099 0.98691099 0.9895288
 0.9895288  0.9895288  0.9895288  0.9895288  0.9895288  0.9895288
 0.9895288  0.9895288  0.9895288  0.9895288  0.9895288  0.9895288
 0.9895288  0.9921466  0.9921466  0.9921466  0.9921466  0.9947644
 0.9947644  0.9947644  0.9947644  0.9947644  0.9947644  0.9947644
 0.9947644  0.9947644  0.9947644  0.9947644  0.9947644  0.9947644
 0.9947644  0.9947644  0.9947644  0.9947644  0.9947644  0.9947644
 0.9947644  0.9947644  0.9947644  0.9947644  0.9947644  0.9947644
 0.9947644  0.9973822  0.9973822  0.9973822  0.9973822  1.
 1.         1.         1.         1.         1.         1.
 1.         1.         1.         1.         1.         1.
 1.         1.         1.         1.         1.         1.
 1.         1.         1.         1.         1.         1.
 1.         1.         1.         1.         1.         1.
 1.         1.         1.         1.         1.         1.
 1.         1.         1.         1.         1.         1.
 1.         1.         1.         1.         1.         1.
 1.         1.        ]",0.9030339610696305
XGBoost,undersampling,0.8223844282238443,0.4595375722543353,0.8324607329842932,0.5921787709497207,"[0.00000000e+00 0.00000000e+00 0.00000000e+00 4.79846449e-04
 4.79846449e-04 9.59692898e-04 9.59692898e-04 1.43953935e-03
 1.43953935e-03 1.91938580e-03 1.91938580e-03 2.39923225e-03
 2.39923225e-03 2.87907869e-03 2.87907869e-03 3.35892514e-03
 3.35892514e-03 3.83877159e-03 3.83877159e-03 4.31861804e-03
 4.31861804e-03 4.79846449e-03 4.79846449e-03 5.27831094e-03
 5.27831094e-03 6.23800384e-03 6.23800384e-03 6.71785029e-03
 6.71785029e-03 7.19769674e-03 7.19769674e-03 7.67754319e-03
 7.67754319e-03 8.63723608e-03 8.63723608e-03 9.11708253e-03
 9.11708253e-03 9.59692898e-03 9.59692898e-03 1.19961612e-02
 1.19961612e-02 1.24760077e-02 1.24760077e-02 1.29558541e-02
 1.29558541e-02 1.34357006e-02 1.34357006e-02 1.39155470e-02
 1.39155470e-02 1.43953935e-02 1.43953935e-02 1.58349328e-02
 1.58349328e-02 1.63147793e-02 1.63147793e-02 1.72744722e-02
 1.72744722e-02 1.77543186e-02 1.77543186e-02 1.82341651e-02
 1.82341651e-02 1.96737044e-02 1.96737044e-02 2.01535509e-02
 2.01535509e-02 2.06333973e-02 2.06333973e-02 2.11132438e-02
 2.11132438e-02 2.15930902e-02 2.15930902e-02 2.25527831e-02
 2.25527831e-02 2.30326296e-02 2.30326296e-02 2.35124760e-02
 2.35124760e-02 2.39923225e-02 2.39923225e-02 2.44721689e-02
 2.44721689e-02 2.63915547e-02 2.63915547e-02 2.68714012e-02
 2.68714012e-02 2.92706334e-02 2.92706334e-02 3.07101727e-02
 3.07101727e-02 3.11900192e-02 3.11900192e-02 3.21497121e-02
 3.21497121e-02 3.40690979e-02 3.40690979e-02 3.55086372e-02
 3.55086372e-02 3.64683301e-02 3.64683301e-02 3.69481766e-02
 3.69481766e-02 3.74280230e-02 3.74280230e-02 3.88675624e-02
 3.88675624e-02 3.98272553e-02 3.98272553e-02 4.07869482e-02
 4.07869482e-02 4.12667946e-02 4.12667946e-02 4.17466411e-02
 4.17466411e-02 4.22264875e-02 4.22264875e-02 4.31861804e-02
 4.31861804e-02 4.36660269e-02 4.36660269e-02 4.46257198e-02
 4.46257198e-02 4.51055662e-02 4.51055662e-02 4.55854127e-02
 4.55854127e-02 4.65451056e-02 4.65451056e-02 4.70249520e-02
 4.70249520e-02 4.75047985e-02 4.75047985e-02 4.79846449e-02
 4.79846449e-02 4.84644914e-02 4.84644914e-02 5.03838772e-02
 5.03838772e-02 5.08637236e-02 5.08637236e-02 5.13435701e-02
 5.13435701e-02 5.32629559e-02 5.32629559e-02 5.37428023e-02
 5.37428023e-02 5.47024952e-02 5.47024952e-02 5.51823417e-02
 5.51823417e-02 5.71017274e-02 5.71017274e-02 5.75815739e-02
 5.75815739e-02 5.80614203e-02 5.80614203e-02 5.90211132e-02
 5.90211132e-02 6.04606526e-02 6.04606526e-02 6.23800384e-02
 6.23800384e-02 6.33397313e-02 6.33397313e-02 6.38195777e-02
 6.38195777e-02 6.42994242e-02 6.42994242e-02 6.52591171e-02
 6.52591171e-02 6.62188100e-02 6.62188100e-02 6.71785029e-02
 6.71785029e-02 6.76583493e-02 6.76583493e-02 6.81381958e-02
 6.81381958e-02 6.86180422e-02 6.86180422e-02 6.90978887e-02
 6.90978887e-02 6.95777351e-02 6.95777351e-02 7.14971209e-02
 7.14971209e-02 7.24568138e-02 7.24568138e-02 7.29366603e-02
 7.29366603e-02 7.53358925e-02 7.53358925e-02 7.67754319e-02
 7.67754319e-02 7.72552783e-02 7.72552783e-02 7.77351248e-02
 7.77351248e-02 7.82149712e-02 7.82149712e-02 8.15738964e-02
 8.15738964e-02 8.39731286e-02 8.39731286e-02 8.44529750e-02
 8.44529750e-02 8.68522073e-02 8.68522073e-02 8.87715931e-02
 8.87715931e-02 9.06909789e-02 9.06909789e-02 9.35700576e-02
 9.35700576e-02 9.54894434e-02 9.54894434e-02 9.59692898e-02
 9.59692898e-02 9.83685221e-02 9.83685221e-02 1.00767754e-01
 1.00767754e-01 1.02687140e-01 1.02687140e-01 1.03166987e-01
 1.03166987e-01 1.07965451e-01 1.07965451e-01 1.08445298e-01
 1.08445298e-01 1.09404990e-01 1.09404990e-01 1.10364683e-01
 1.10364683e-01 1.11324376e-01 1.11324376e-01 1.11804223e-01
 1.11804223e-01 1.12284069e-01 1.12284069e-01 1.13243762e-01
 1.13243762e-01 1.14683301e-01 1.14683301e-01 1.15642994e-01
 1.15642994e-01 1.16602687e-01 1.16602687e-01 1.18522073e-01
 1.18522073e-01 1.19481766e-01 1.19481766e-01 1.22840691e-01
 1.22840691e-01 1.23800384e-01 1.23800384e-01 1.24280230e-01
 1.24280230e-01 1.25719770e-01 1.25719770e-01 1.28119002e-01
 1.28119002e-01 1.30038388e-01 1.30038388e-01 1.32917466e-01
 1.32917466e-01 1.33877159e-01 1.33877159e-01 1.34836852e-01
 1.34836852e-01 1.35316699e-01 1.35316699e-01 1.37236084e-01
 1.37236084e-01 1.38675624e-01 1.38675624e-01 1.43474088e-01
 1.43474088e-01 1.44913628e-01 1.44913628e-01 1.45873321e-01
 1.45873321e-01 1.48752399e-01 1.49712092e-01 1.55470250e-01
 1.55470250e-01 1.57869482e-01 1.57869482e-01 1.66986564e-01
 1.66986564e-01 1.72264875e-01 1.72264875e-01 1.72744722e-01
 1.72744722e-01 1.76583493e-01 1.76583493e-01 1.77063340e-01
 1.77063340e-01 1.85220729e-01 1.86180422e-01 1.86180422e-01
 1.95297505e-01 1.95297505e-01 1.95777351e-01 1.95777351e-01
 1.96257198e-01 1.97216891e-01 1.97216891e-01 1.99616123e-01
 2.00575816e-01 2.03454894e-01 2.03454894e-01 2.10652591e-01
 2.11612284e-01 2.14011516e-01 2.14011516e-01 2.15930902e-01
 2.15930902e-01 2.19769674e-01 2.19769674e-01 2.23608445e-01
 2.23608445e-01 2.30806142e-01 2.30806142e-01 2.33205374e-01
 2.33205374e-01 2.36084453e-01 2.37523992e-01 2.38483685e-01
 2.38483685e-01 2.38963532e-01 2.39923225e-01 2.40403071e-01
 2.40403071e-01 2.42802303e-01 2.42802303e-01 2.43282150e-01
 2.43282150e-01 2.44721689e-01 2.45201536e-01 2.45201536e-01
 2.45681382e-01 2.45681382e-01 2.50479846e-01 2.50479846e-01
 2.55758157e-01 2.55758157e-01 2.59596929e-01 2.59596929e-01
 2.61516315e-01 2.62476008e-01 2.80230326e-01 2.80230326e-01
 2.81669866e-01 2.81669866e-01 2.95105566e-01 2.95105566e-01
 2.97504798e-01 2.98464491e-01 3.00383877e-01 3.00383877e-01
 3.04222649e-01 3.04222649e-01 3.12380038e-01 3.12380038e-01
 3.15259117e-01 3.15259117e-01 3.21017274e-01 3.21017274e-01
 3.21976967e-01 3.21976967e-01 3.22936660e-01 3.24376200e-01
 3.34932821e-01 3.35892514e-01 3.40690979e-01 3.40690979e-01
 3.44049904e-01 3.46449136e-01 3.50767754e-01 3.50767754e-01
 3.57965451e-01 3.57965451e-01 3.62284069e-01 3.62284069e-01
 3.66602687e-01 3.66602687e-01 3.71880998e-01 3.72840691e-01
 3.75239923e-01 3.76199616e-01 3.79558541e-01 3.79558541e-01
 3.83877159e-01 3.84836852e-01 3.87715931e-01 3.88675624e-01
 3.99232246e-01 3.99232246e-01 4.09788868e-01 4.09788868e-01
 4.10748560e-01 4.10748560e-01 4.13147793e-01 4.13147793e-01
 4.14107486e-01 4.14107486e-01 4.26103647e-01 4.27543186e-01
 4.33781190e-01 4.33781190e-01 4.38579655e-01 4.39539347e-01
 4.41938580e-01 4.41938580e-01 4.46257198e-01 4.47216891e-01
 4.51535509e-01 4.51535509e-01 4.52015355e-01 4.52975048e-01
 4.52975048e-01 4.63051823e-01 4.64011516e-01 4.67370441e-01
 4.68809981e-01 4.78406910e-01 4.79366603e-01 4.81285988e-01
 4.82245681e-01 4.91362764e-01 4.91362764e-01 4.91842610e-01
 4.91842610e-01 4.93761996e-01 4.93761996e-01 4.95681382e-01
 4.95681382e-01 4.96641075e-01 4.98080614e-01 5.00000000e-01
 5.01439539e-01 5.01919386e-01 5.03358925e-01 5.03358925e-01
 5.04798464e-01 5.04798464e-01 5.05278311e-01 5.05278311e-01
 5.06717850e-01 5.07677543e-01 5.08637236e-01 5.21113244e-01
 5.21113244e-01 5.22072937e-01 5.23032630e-01 5.25431862e-01
 5.34548944e-01 5.42226488e-01 5.48464491e-01 5.50863724e-01
 5.59021113e-01 5.60940499e-01 5.63339731e-01 5.64779271e-01
 5.65259117e-01 5.66218810e-01 5.75335893e-01 5.77255278e-01
 5.84932821e-01 5.86372361e-01 5.89731286e-01 5.91650672e-01
 5.93570058e-01 5.94529750e-01 5.97888676e-01 6.00767754e-01
 6.02207294e-01 6.03166987e-01 6.09404990e-01 6.10364683e-01
 6.12284069e-01 6.13243762e-01 6.17562380e-01 6.19481766e-01
 6.24280230e-01 6.24280230e-01 6.26199616e-01 6.27159309e-01
 6.29078695e-01 6.30998081e-01 6.31957774e-01 6.33877159e-01
 6.35796545e-01 6.41074856e-01 6.42034549e-01 6.61708253e-01
 6.66986564e-01 6.67946257e-01 6.72264875e-01 6.76103647e-01
 6.78502879e-01 6.79462572e-01 6.80902111e-01 6.82821497e-01
 6.89059501e-01 6.90499040e-01 6.90978887e-01 6.91938580e-01
 6.93857965e-01 6.95297505e-01 7.01055662e-01 7.02015355e-01
 7.03454894e-01 7.04894434e-01 7.05374280e-01 7.06813820e-01
 7.09213052e-01 7.10172745e-01 7.16890595e-01 7.17850288e-01
 7.18809981e-01 7.21689060e-01 7.22648752e-01 7.27447217e-01
 7.28886756e-01 7.31285988e-01 7.32245681e-01 7.37044146e-01
 7.38483685e-01 7.39923225e-01 7.41362764e-01 7.42802303e-01
 7.44241843e-01 7.65355086e-01 7.66314779e-01 7.70153551e-01
 7.70153551e-01 7.77831094e-01 7.78790787e-01 7.85508637e-01
 7.87428023e-01 7.90786948e-01 7.92226488e-01 7.93186180e-01
 7.97984645e-01 7.99424184e-01 8.00863724e-01 8.02303263e-01
 8.08541267e-01 8.09500960e-01 8.09980806e-01 8.09980806e-01
 8.10940499e-01 8.11900192e-01 8.38771593e-01 8.46449136e-01
 8.60364683e-01 8.63243762e-01 8.80998081e-01 8.82437620e-01
 8.93474088e-01 8.94433781e-01 9.00191939e-01 9.01631478e-01
 9.12188100e-01 9.13147793e-01 9.14587332e-01 9.15547025e-01
 9.16026871e-01 9.16986564e-01 9.22264875e-01 9.24184261e-01
 9.30902111e-01 9.31861804e-01 9.32821497e-01 9.33781190e-01
 9.37140115e-01 9.38579655e-01 9.42898273e-01 9.43857965e-01
 9.46737044e-01 9.48176583e-01 9.51055662e-01 9.52975048e-01
 9.71209213e-01 9.72168906e-01 9.80806142e-01 9.81765835e-01
 1.00000000e+00]","[0.         0.0026178  0.02094241 0.02094241 0.04188482 0.04188482
 0.04450262 0.04450262 0.04712042 0.04712042 0.04973822 0.04973822
 0.05759162 0.05759162 0.06544503 0.06544503 0.09685864 0.09685864
 0.10209424 0.10209424 0.11518325 0.11518325 0.13089005 0.13089005
 0.14397906 0.14397906 0.14921466 0.14921466 0.15445026 0.15445026
 0.15968586 0.15968586 0.16753927 0.16753927 0.17277487 0.17277487
 0.18848168 0.18848168 0.22251309 0.22251309 0.2460733  0.2460733
 0.2513089  0.2513089  0.2617801  0.2617801  0.26963351 0.26963351
 0.27486911 0.27486911 0.28010471 0.28010471 0.29581152 0.29581152
 0.30104712 0.30104712 0.30366492 0.30366492 0.31151832 0.31151832
 0.33246073 0.33246073 0.33769634 0.33769634 0.34293194 0.34293194
 0.34554974 0.34554974 0.36387435 0.36387435 0.37172775 0.37172775
 0.37958115 0.37958115 0.38743455 0.38743455 0.40052356 0.40052356
 0.40575916 0.40575916 0.40837696 0.40837696 0.41099476 0.41099476
 0.41361257 0.41361257 0.41623037 0.41623037 0.41884817 0.41884817
 0.42146597 0.42146597 0.42670157 0.42670157 0.42931937 0.42931937
 0.45287958 0.45287958 0.46335079 0.46335079 0.46596859 0.46596859
 0.47120419 0.47120419 0.47643979 0.47643979 0.47905759 0.47905759
 0.48167539 0.48167539 0.48429319 0.48429319 0.48691099 0.48691099
 0.4895288  0.4895288  0.4921466  0.4921466  0.4947644  0.4947644
 0.4973822  0.4973822  0.5026178  0.5026178  0.5078534  0.5078534
 0.51308901 0.51308901 0.51570681 0.51570681 0.52356021 0.52356021
 0.52879581 0.52879581 0.53141361 0.53141361 0.54188482 0.54188482
 0.54973822 0.54973822 0.55497382 0.55497382 0.55759162 0.55759162
 0.56020942 0.56020942 0.56806283 0.56806283 0.57329843 0.57329843
 0.58115183 0.58115183 0.58376963 0.58376963 0.59162304 0.59162304
 0.59424084 0.59424084 0.59685864 0.59685864 0.59947644 0.59947644
 0.60209424 0.60209424 0.61518325 0.61518325 0.62041885 0.62041885
 0.62303665 0.62303665 0.62827225 0.62827225 0.63089005 0.63089005
 0.63350785 0.63350785 0.64136126 0.64136126 0.64921466 0.64921466
 0.65183246 0.65183246 0.65445026 0.65445026 0.65706806 0.65706806
 0.65968586 0.65968586 0.66492147 0.66492147 0.66753927 0.66753927
 0.67015707 0.67015707 0.67277487 0.67277487 0.67539267 0.67539267
 0.67801047 0.67801047 0.68062827 0.68062827 0.68324607 0.68324607
 0.68586387 0.68586387 0.68848168 0.68848168 0.69109948 0.69109948
 0.69371728 0.69371728 0.69633508 0.69633508 0.69895288 0.69895288
 0.70418848 0.70418848 0.70680628 0.70680628 0.71465969 0.71465969
 0.71727749 0.71727749 0.71989529 0.71989529 0.72251309 0.72251309
 0.72513089 0.72513089 0.72774869 0.72774869 0.73298429 0.73298429
 0.7382199  0.7382199  0.7434555  0.7434555  0.7460733  0.7460733
 0.7486911  0.7486911  0.7539267  0.7539267  0.7565445  0.7565445
 0.7591623  0.7591623  0.76439791 0.76439791 0.76701571 0.76701571
 0.76963351 0.76963351 0.77225131 0.77225131 0.77486911 0.77486911
 0.77748691 0.77748691 0.78010471 0.78010471 0.78272251 0.78272251
 0.78534031 0.78534031 0.78795812 0.78795812 0.79319372 0.79319372
 0.79581152 0.79581152 0.80104712 0.80104712 0.80366492 0.80366492
 0.80628272 0.80628272 0.80890052 0.80890052 0.81151832 0.81151832
 0.81151832 0.81151832 0.81413613 0.81413613 0.81675393 0.81675393
 0.82198953 0.82198953 0.82460733 0.82460733 0.82722513 0.82722513
 0.82984293 0.82984293 0.83246073 0.83246073 0.83246073 0.83769634
 0.83769634 0.84031414 0.84031414 0.84293194 0.84293194 0.84293194
 0.84816754 0.84816754 0.84816754 0.84816754 0.85340314 0.85340314
 0.85340314 0.85340314 0.85863874 0.85863874 0.86125654 0.86125654
 0.86649215 0.86649215 0.86910995 0.86910995 0.87172775 0.87172775
 0.87434555 0.87434555 0.87434555 0.87434555 0.87696335 0.87696335
 0.87696335 0.87696335 0.87958115 0.87958115 0.88219895 0.88219895
 0.88481675 0.88481675 0.88481675 0.88743455 0.88743455 0.89005236
 0.89005236 0.89267016 0.89267016 0.89528796 0.89528796 0.89790576
 0.89790576 0.89790576 0.89790576 0.90052356 0.90052356 0.90314136
 0.90314136 0.90575916 0.90575916 0.90575916 0.90575916 0.91099476
 0.91099476 0.91361257 0.91361257 0.91623037 0.91623037 0.91884817
 0.91884817 0.92146597 0.92146597 0.92408377 0.92408377 0.92408377
 0.92408377 0.92408377 0.92408377 0.92670157 0.92670157 0.92670157
 0.92670157 0.92931937 0.92931937 0.93193717 0.93193717 0.93455497
 0.93455497 0.93717277 0.93717277 0.93717277 0.93717277 0.93717277
 0.93717277 0.93979058 0.93979058 0.93979058 0.93979058 0.93979058
 0.93979058 0.94240838 0.94240838 0.94764398 0.94764398 0.95026178
 0.95026178 0.95287958 0.95287958 0.95549738 0.95549738 0.95549738
 0.95549738 0.95811518 0.95811518 0.95811518 0.95811518 0.96073298
 0.96073298 0.96073298 0.96073298 0.96335079 0.96335079 0.96335079
 0.96596859 0.96596859 0.96596859 0.96596859 0.96596859 0.96596859
 0.96596859 0.96596859 0.96596859 0.96596859 0.96858639 0.96858639
 0.97120419 0.97120419 0.97382199 0.97382199 0.97905759 0.97905759
 0.97905759 0.97905759 0.97905759 0.97905759 0.97905759 0.98167539
 0.98167539 0.98429319 0.98429319 0.98691099 0.98691099 0.98691099
 0.98691099 0.98691099 0.9895288  0.9895288  0.9895288  0.9895288
 0.9895288  0.9921466  0.9921466  0.9921466  0.9921466  0.9921466
 0.9921466  0.9921466  0.9921466  0.9921466  0.9921466  0.9921466
 0.9921466  0.9921466  0.9921466  0.9921466  0.9921466  0.9921466
 0.9921466  0.9921466  0.9921466  0.9921466  0.9921466  0.9921466
 0.9921466  0.9921466  0.9921466  0.9921466  0.9921466  0.9947644
 0.9947644  0.9947644  0.9947644  0.9947644  0.9947644  0.9947644
 0.9947644  0.9947644  0.9947644  0.9947644  0.9947644  0.9947644
 0.9947644  0.9947644  0.9947644  0.9947644  0.9947644  0.9947644
 0.9947644  0.9947644  0.9947644  0.9947644  0.9947644  0.9947644
 0.9947644  0.9947644  0.9947644  0.9947644  0.9947644  0.9947644
 0.9947644  0.9947644  0.9947644  0.9947644  0.9947644  0.9947644
 0.9947644  0.9947644  0.9947644  0.9947644  0.9947644  0.9947644
 0.9947644  0.9947644  0.9947644  0.9947644  0.9947644  0.9947644
 0.9947644  0.9947644  0.9973822  0.9973822  0.9973822  0.9973822
 0.9973822  0.9973822  0.9973822  0.9973822  0.9973822  0.9973822
 0.9973822  0.9973822  0.9973822  0.9973822  0.9973822  1.
 1.         1.         1.         1.         1.         1.
 1.         1.         1.         1.         1.         1.
 1.         1.         1.         1.         1.         1.
 1.         1.         1.         1.         1.         1.
 1.         1.         1.         1.         1.         1.
 1.         1.         1.         1.         1.         1.
 1.        ]",0.904712795570339
