Model,SamplingTechnique,Accuracy,Precision,Recall,F1-Score,FPR,TPR,AUC
KNN,base,0.82441200324412,0.33112582781456956,0.13089005235602094,0.18761726078799248,"[0.00000000e+00 9.59692898e-04 6.71785029e-03 4.84644914e-02
 1.66026871e-01 4.69289827e-01 1.00000000e+00]","[0.         0.0026178  0.03141361 0.13089005 0.35602094 0.69371728
 1.        ]",0.6407181115655556
KNN,oversampling,0.6492295214922952,0.220162224797219,0.4973821989528796,0.30522088353413657,"[0.         0.09740883 0.21976967 0.32293666 0.4049904  0.46976967
 1.        ]","[0.         0.17015707 0.36910995 0.4973822  0.61518325 0.69371728
 1.        ]",0.6230466983549557
KNN,undersampling,0.6038118410381184,0.23555555555555555,0.693717277486911,0.35169210351692104,"[0.         0.05662188 0.18857965 0.41266795 0.65307102 0.82581574
 1.        ]","[0.         0.13350785 0.40837696 0.69371728 0.86125654 0.96596859
 1.        ]",0.6789682798886556
SVM,base,0.8442822384428224,0.4444444444444444,0.020942408376963352,0.04,"[0.00000000e+00 4.79846449e-04 9.59692898e-04 9.59692898e-04
 1.43953935e-03 1.43953935e-03 1.91938580e-03 1.91938580e-03
 2.39923225e-03 2.39923225e-03 3.35892514e-03 3.35892514e-03
 4.79846449e-03 4.79846449e-03 5.27831094e-03 5.27831094e-03
 5.75815739e-03 5.75815739e-03 6.23800384e-03 6.23800384e-03
 6.71785029e-03 6.71785029e-03 7.19769674e-03 7.19769674e-03
 7.67754319e-03 7.67754319e-03 1.05566219e-02 1.05566219e-02
 1.10364683e-02 1.10364683e-02 1.15163148e-02 1.15163148e-02
 1.24760077e-02 1.24760077e-02 1.39155470e-02 1.39155470e-02
 1.63147793e-02 1.63147793e-02 1.67946257e-02 1.67946257e-02
 1.77543186e-02 1.77543186e-02 1.82341651e-02 1.82341651e-02
 1.91938580e-02 1.91938580e-02 2.01535509e-02 2.01535509e-02
 2.30326296e-02 2.30326296e-02 2.39923225e-02 2.39923225e-02
 2.68714012e-02 2.68714012e-02 2.83109405e-02 2.83109405e-02
 3.02303263e-02 3.02303263e-02 3.50287908e-02 3.50287908e-02
 3.55086372e-02 3.55086372e-02 3.74280230e-02 3.74280230e-02
 3.93474088e-02 3.93474088e-02 4.03071017e-02 4.03071017e-02
 4.27063340e-02 4.27063340e-02 4.31861804e-02 4.31861804e-02
 5.18234165e-02 5.18234165e-02 5.56621881e-02 5.56621881e-02
 5.66218810e-02 5.66218810e-02 5.85412668e-02 5.85412668e-02
 5.90211132e-02 5.90211132e-02 5.95009597e-02 5.95009597e-02
 6.04606526e-02 6.04606526e-02 6.42994242e-02 6.42994242e-02
 6.47792706e-02 6.47792706e-02 6.52591171e-02 6.52591171e-02
 6.57389635e-02 6.57389635e-02 6.66986564e-02 6.66986564e-02
 6.90978887e-02 6.90978887e-02 7.19769674e-02 7.19769674e-02
 7.24568138e-02 7.24568138e-02 7.58157390e-02 7.58157390e-02
 7.62955854e-02 7.62955854e-02 8.10940499e-02 8.10940499e-02
 8.39731286e-02 8.39731286e-02 8.49328215e-02 8.49328215e-02
 8.63723608e-02 8.63723608e-02 9.06909789e-02 9.06909789e-02
 9.21305182e-02 9.21305182e-02 9.64491363e-02 9.64491363e-02
 9.74088292e-02 9.74088292e-02 9.98080614e-02 9.98080614e-02
 1.02687140e-01 1.02687140e-01 1.04126679e-01 1.04126679e-01
 1.04606526e-01 1.04606526e-01 1.05566219e-01 1.05566219e-01
 1.06046065e-01 1.06046065e-01 1.07005758e-01 1.07005758e-01
 1.07485605e-01 1.07485605e-01 1.07965451e-01 1.07965451e-01
 1.12284069e-01 1.12284069e-01 1.13243762e-01 1.13243762e-01
 1.14203455e-01 1.14203455e-01 1.15163148e-01 1.15163148e-01
 1.17562380e-01 1.17562380e-01 1.18042226e-01 1.18042226e-01
 1.19481766e-01 1.19481766e-01 1.20921305e-01 1.20921305e-01
 1.21401152e-01 1.21401152e-01 1.22360845e-01 1.22360845e-01
 1.23800384e-01 1.23800384e-01 1.26199616e-01 1.26199616e-01
 1.27159309e-01 1.27159309e-01 1.28119002e-01 1.28119002e-01
 1.34357006e-01 1.34357006e-01 1.34836852e-01 1.34836852e-01
 1.39635317e-01 1.39635317e-01 1.40115163e-01 1.40115163e-01
 1.43474088e-01 1.43474088e-01 1.44433781e-01 1.44433781e-01
 1.44913628e-01 1.44913628e-01 1.45873321e-01 1.45873321e-01
 1.46833013e-01 1.46833013e-01 1.47312860e-01 1.47312860e-01
 1.53550864e-01 1.53550864e-01 1.59309021e-01 1.59309021e-01
 1.59788868e-01 1.59788868e-01 1.61228407e-01 1.61228407e-01
 1.63627639e-01 1.63627639e-01 1.64587332e-01 1.64587332e-01
 1.70345489e-01 1.70345489e-01 1.71785029e-01 1.71785029e-01
 1.74184261e-01 1.74184261e-01 1.76583493e-01 1.76583493e-01
 1.77543186e-01 1.77543186e-01 1.78502879e-01 1.78502879e-01
 1.80902111e-01 1.80902111e-01 1.84740883e-01 1.84740883e-01
 1.85700576e-01 1.85700576e-01 1.89539347e-01 1.89539347e-01
 1.91938580e-01 1.91938580e-01 1.95777351e-01 1.95777351e-01
 1.96257198e-01 1.96257198e-01 1.97696737e-01 1.97696737e-01
 1.98656430e-01 1.98656430e-01 1.99136276e-01 1.99136276e-01
 2.02015355e-01 2.02015355e-01 2.07293666e-01 2.07293666e-01
 2.07773512e-01 2.07773512e-01 2.08253359e-01 2.08253359e-01
 2.10172745e-01 2.10172745e-01 2.11612284e-01 2.11612284e-01
 2.14011516e-01 2.14011516e-01 2.17370441e-01 2.17370441e-01
 2.20249520e-01 2.20249520e-01 2.20729367e-01 2.20729367e-01
 2.22168906e-01 2.22168906e-01 2.22648752e-01 2.22648752e-01
 2.25527831e-01 2.25527831e-01 2.27927063e-01 2.27927063e-01
 2.30326296e-01 2.30326296e-01 2.32245681e-01 2.32245681e-01
 2.35604607e-01 2.35604607e-01 2.37044146e-01 2.37044146e-01
 2.44241843e-01 2.44241843e-01 2.48080614e-01 2.48080614e-01
 2.50000000e-01 2.50000000e-01 2.51439539e-01 2.51439539e-01
 2.52879079e-01 2.52879079e-01 2.56238004e-01 2.56238004e-01
 2.57677543e-01 2.57677543e-01 2.59596929e-01 2.59596929e-01
 2.60556622e-01 2.60556622e-01 2.64395393e-01 2.64395393e-01
 2.65355086e-01 2.65355086e-01 2.66314779e-01 2.66314779e-01
 2.68234165e-01 2.68234165e-01 2.69673704e-01 2.69673704e-01
 2.71593090e-01 2.71593090e-01 2.72552783e-01 2.72552783e-01
 2.74472169e-01 2.74472169e-01 2.77351248e-01 2.77351248e-01
 2.78310940e-01 2.78310940e-01 2.83589251e-01 2.83589251e-01
 2.85508637e-01 2.85508637e-01 2.91746641e-01 2.91746641e-01
 2.92226488e-01 2.92226488e-01 2.93186180e-01 2.93186180e-01
 2.93666027e-01 2.93666027e-01 2.94625720e-01 2.94625720e-01
 3.03742802e-01 3.03742802e-01 3.08541267e-01 3.08541267e-01
 3.12380038e-01 3.12380038e-01 3.15738964e-01 3.15738964e-01
 3.17178503e-01 3.17178503e-01 3.19577735e-01 3.19577735e-01
 3.20057582e-01 3.20057582e-01 3.25335893e-01 3.25335893e-01
 3.27735125e-01 3.27735125e-01 3.35412668e-01 3.35412668e-01
 3.43090211e-01 3.43090211e-01 3.43570058e-01 3.43570058e-01
 3.45009597e-01 3.45009597e-01 3.45489443e-01 3.45489443e-01
 3.46928983e-01 3.46928983e-01 3.47888676e-01 3.47888676e-01
 3.51247601e-01 3.51247601e-01 3.51727447e-01 3.51727447e-01
 3.59884837e-01 3.59884837e-01 3.62284069e-01 3.62284069e-01
 3.65642994e-01 3.65642994e-01 3.70921305e-01 3.70921305e-01
 3.74280230e-01 3.74280230e-01 3.85316699e-01 3.85316699e-01
 3.86756238e-01 3.86756238e-01 3.95873321e-01 3.95873321e-01
 3.98272553e-01 3.98272553e-01 4.00671785e-01 4.01631478e-01
 4.03550864e-01 4.03550864e-01 4.07869482e-01 4.07869482e-01
 4.08349328e-01 4.08349328e-01 4.16026871e-01 4.16026871e-01
 4.17946257e-01 4.17946257e-01 4.18426104e-01 4.18426104e-01
 4.21785029e-01 4.21785029e-01 4.23224568e-01 4.23224568e-01
 4.26583493e-01 4.26583493e-01 4.33781190e-01 4.33781190e-01
 4.42898273e-01 4.42898273e-01 4.45777351e-01 4.45777351e-01
 4.53454894e-01 4.53454894e-01 4.63531670e-01 4.63531670e-01
 4.64011516e-01 4.64011516e-01 4.64491363e-01 4.64491363e-01
 4.66890595e-01 4.66890595e-01 4.71689060e-01 4.71689060e-01
 4.84165067e-01 4.84165067e-01 4.85604607e-01 4.85604607e-01
 4.92802303e-01 4.92802303e-01 4.99040307e-01 4.99040307e-01
 5.09596929e-01 5.09596929e-01 5.16794626e-01 5.16794626e-01
 5.18234165e-01 5.18234165e-01 5.20153551e-01 5.20153551e-01
 5.20633397e-01 5.20633397e-01 5.23032630e-01 5.23032630e-01
 5.25911708e-01 5.25911708e-01 5.26871401e-01 5.26871401e-01
 5.30710173e-01 5.30710173e-01 5.33109405e-01 5.33109405e-01
 5.37907869e-01 5.37907869e-01 5.41746641e-01 5.41746641e-01
 5.51823417e-01 5.51823417e-01 5.56142035e-01 5.56142035e-01
 5.59500960e-01 5.59500960e-01 5.65259117e-01 5.65259117e-01
 5.66698656e-01 5.66698656e-01 5.69577735e-01 5.69577735e-01
 5.72936660e-01 5.72936660e-01 5.77255278e-01 5.77255278e-01
 5.79174664e-01 5.79174664e-01 5.79654511e-01 5.79654511e-01
 5.85892514e-01 5.85892514e-01 5.91170825e-01 5.91170825e-01
 5.92610365e-01 5.92610365e-01 5.94049904e-01 5.94049904e-01
 6.01727447e-01 6.01727447e-01 6.03166987e-01 6.03166987e-01
 6.03646833e-01 6.03646833e-01 6.06525912e-01 6.06525912e-01
 6.08445298e-01 6.08445298e-01 6.19961612e-01 6.19961612e-01
 6.20921305e-01 6.20921305e-01 6.22840691e-01 6.22840691e-01
 6.23320537e-01 6.23320537e-01 6.38675624e-01 6.38675624e-01
 6.40115163e-01 6.40115163e-01 6.41074856e-01 6.41074856e-01
 6.42034549e-01 6.42994242e-01 6.51151631e-01 6.51151631e-01
 6.54990403e-01 6.54990403e-01 6.60748560e-01 6.60748560e-01
 6.61228407e-01 6.61228407e-01 6.67466411e-01 6.67466411e-01
 6.67946257e-01 6.67946257e-01 6.69865643e-01 6.69865643e-01
 6.71785029e-01 6.71785029e-01 6.72264875e-01 6.72264875e-01
 6.75623800e-01 6.75623800e-01 6.78023033e-01 6.78023033e-01
 6.80422265e-01 6.80422265e-01 6.92418426e-01 6.92418426e-01
 6.94337812e-01 6.94337812e-01 7.01055662e-01 7.01055662e-01
 7.01535509e-01 7.01535509e-01 7.09692898e-01 7.09692898e-01
 7.16890595e-01 7.16890595e-01 7.21689060e-01 7.21689060e-01
 7.28886756e-01 7.28886756e-01 7.30806142e-01 7.30806142e-01
 7.33205374e-01 7.33205374e-01 7.42802303e-01 7.42802303e-01
 7.54318618e-01 7.54318618e-01 7.54798464e-01 7.54798464e-01
 7.59117083e-01 7.59117083e-01 7.64875240e-01 7.64875240e-01
 7.69193858e-01 7.69193858e-01 7.79270633e-01 7.80710173e-01
 8.00383877e-01 8.00383877e-01 8.15259117e-01 8.15259117e-01
 8.26775432e-01 8.26775432e-01 8.29654511e-01 8.29654511e-01
 8.30134357e-01 8.30134357e-01 8.31573896e-01 8.31573896e-01
 8.34452975e-01 8.34452975e-01 8.43570058e-01 8.43570058e-01
 8.45489443e-01 8.45489443e-01 8.48368522e-01 8.48368522e-01
 8.49808061e-01 8.49808061e-01 8.57485605e-01 8.57485605e-01
 8.66122841e-01 8.66122841e-01 8.73800384e-01 8.73800384e-01
 8.79078695e-01 8.79078695e-01 8.87236084e-01 8.87236084e-01
 8.87715931e-01 8.89155470e-01 8.92034549e-01 8.92034549e-01
 9.05470250e-01 9.05470250e-01 9.05950096e-01 9.05950096e-01
 9.06909789e-01 9.06909789e-01 9.15547025e-01 9.15547025e-01
 9.17466411e-01 9.18426104e-01 9.31861804e-01 9.31861804e-01
 9.35220729e-01 9.35220729e-01 9.39059501e-01 9.42418426e-01
 9.52975048e-01 9.52975048e-01 9.71689060e-01 9.71689060e-01
 9.79846449e-01 9.80806142e-01 9.91842610e-01 9.91842610e-01
 9.92802303e-01 9.93761996e-01 1.00000000e+00 1.00000000e+00]","[0.         0.         0.         0.0026178  0.0026178  0.0052356
 0.0052356  0.0078534  0.0078534  0.01570681 0.01570681 0.01832461
 0.01832461 0.02879581 0.02879581 0.03141361 0.03141361 0.03403141
 0.03403141 0.03664921 0.03664921 0.04450262 0.04450262 0.05235602
 0.05235602 0.06020942 0.06020942 0.06282723 0.06282723 0.07068063
 0.07068063 0.07329843 0.07329843 0.07591623 0.07591623 0.08115183
 0.08115183 0.08376963 0.08376963 0.08900524 0.08900524 0.09685864
 0.09685864 0.09947644 0.09947644 0.10209424 0.10209424 0.10471204
 0.10471204 0.10994764 0.10994764 0.11780105 0.11780105 0.12041885
 0.12041885 0.12827225 0.12827225 0.13089005 0.13089005 0.13612565
 0.13612565 0.14136126 0.14136126 0.14659686 0.14659686 0.14921466
 0.14921466 0.15445026 0.15445026 0.15706806 0.15706806 0.15968586
 0.15968586 0.16230366 0.16230366 0.16492147 0.16492147 0.17015707
 0.17015707 0.17801047 0.17801047 0.18062827 0.18062827 0.18324607
 0.18324607 0.18848168 0.18848168 0.19109948 0.19109948 0.19633508
 0.19633508 0.20157068 0.20157068 0.21727749 0.21727749 0.22251309
 0.22251309 0.22513089 0.22513089 0.22774869 0.22774869 0.23036649
 0.23036649 0.23298429 0.23298429 0.2382199  0.2382199  0.2408377
 0.2408377  0.2434555  0.2434555  0.2486911  0.2486911  0.2513089
 0.2513089  0.2539267  0.2539267  0.2591623  0.2591623  0.2617801
 0.2617801  0.26439791 0.26439791 0.27486911 0.27486911 0.27748691
 0.27748691 0.28010471 0.28010471 0.28534031 0.28534031 0.29057592
 0.29057592 0.29581152 0.29581152 0.30104712 0.30104712 0.30628272
 0.30628272 0.31151832 0.31151832 0.31413613 0.31413613 0.31937173
 0.31937173 0.32722513 0.32722513 0.32984293 0.32984293 0.33507853
 0.33507853 0.34031414 0.34031414 0.34293194 0.34293194 0.34554974
 0.34554974 0.34816754 0.34816754 0.35078534 0.35078534 0.35340314
 0.35340314 0.35602094 0.35602094 0.35863874 0.35863874 0.36125654
 0.36125654 0.36649215 0.36649215 0.36910995 0.36910995 0.37172775
 0.37172775 0.37696335 0.37696335 0.37958115 0.37958115 0.38743455
 0.38743455 0.39005236 0.39005236 0.39267016 0.39267016 0.39528796
 0.39528796 0.39790576 0.39790576 0.40052356 0.40052356 0.40314136
 0.40314136 0.40575916 0.40575916 0.40837696 0.40837696 0.41099476
 0.41099476 0.41361257 0.41361257 0.41623037 0.41623037 0.41884817
 0.41884817 0.42408377 0.42408377 0.42670157 0.42670157 0.42931937
 0.42931937 0.43193717 0.43193717 0.43455497 0.43455497 0.43979058
 0.43979058 0.44502618 0.44502618 0.44764398 0.44764398 0.45026178
 0.45026178 0.45287958 0.45287958 0.45549738 0.45549738 0.45811518
 0.45811518 0.46073298 0.46073298 0.46335079 0.46335079 0.46596859
 0.46596859 0.46858639 0.46858639 0.47120419 0.47120419 0.47382199
 0.47382199 0.47643979 0.47643979 0.48167539 0.48167539 0.48429319
 0.48429319 0.48691099 0.48691099 0.4895288  0.4895288  0.4973822
 0.4973822  0.5026178  0.5026178  0.5052356  0.5052356  0.5078534
 0.5078534  0.5104712  0.5104712  0.51308901 0.51308901 0.51570681
 0.51570681 0.52094241 0.52094241 0.52356021 0.52356021 0.52617801
 0.52617801 0.52879581 0.52879581 0.53141361 0.53141361 0.53403141
 0.53403141 0.53664921 0.53664921 0.53926702 0.53926702 0.54188482
 0.54188482 0.54450262 0.54450262 0.54712042 0.54712042 0.55235602
 0.55235602 0.55759162 0.55759162 0.56020942 0.56020942 0.56282723
 0.56282723 0.56544503 0.56544503 0.56806283 0.56806283 0.57068063
 0.57068063 0.57329843 0.57329843 0.57591623 0.57591623 0.58115183
 0.58115183 0.58376963 0.58376963 0.58638743 0.58638743 0.58900524
 0.58900524 0.59162304 0.59162304 0.59424084 0.59424084 0.59685864
 0.59685864 0.59947644 0.59947644 0.60209424 0.60209424 0.60471204
 0.60471204 0.60732984 0.60732984 0.60994764 0.60994764 0.61256545
 0.61256545 0.61518325 0.61518325 0.61780105 0.61780105 0.62041885
 0.62041885 0.62303665 0.62303665 0.62565445 0.62565445 0.62827225
 0.62827225 0.63089005 0.63089005 0.63350785 0.63350785 0.63612565
 0.63612565 0.63874346 0.63874346 0.64136126 0.64136126 0.64397906
 0.64397906 0.64659686 0.64659686 0.64921466 0.64921466 0.65445026
 0.65445026 0.65706806 0.65706806 0.65968586 0.65968586 0.66230366
 0.66230366 0.66753927 0.66753927 0.67015707 0.67015707 0.67277487
 0.67277487 0.67539267 0.67539267 0.67539267 0.67539267 0.68062827
 0.68062827 0.68324607 0.68324607 0.68586387 0.68586387 0.68848168
 0.68848168 0.69109948 0.69109948 0.69371728 0.69371728 0.69895288
 0.69895288 0.70418848 0.70418848 0.70680628 0.70680628 0.71204188
 0.71204188 0.71465969 0.71465969 0.71727749 0.71727749 0.71989529
 0.71989529 0.72251309 0.72251309 0.72513089 0.72513089 0.72774869
 0.72774869 0.73036649 0.73036649 0.73298429 0.73298429 0.73560209
 0.73560209 0.7382199  0.7382199  0.7408377  0.7408377  0.7434555
 0.7434555  0.7460733  0.7460733  0.7486911  0.7486911  0.7513089
 0.7513089  0.7539267  0.7539267  0.7565445  0.7565445  0.7591623
 0.7591623  0.7617801  0.7617801  0.76439791 0.76439791 0.76701571
 0.76701571 0.76963351 0.76963351 0.77225131 0.77225131 0.77486911
 0.77486911 0.77748691 0.77748691 0.78010471 0.78010471 0.78272251
 0.78272251 0.78534031 0.78534031 0.78795812 0.78795812 0.79057592
 0.79057592 0.79319372 0.79319372 0.79842932 0.79842932 0.80104712
 0.80104712 0.80366492 0.80366492 0.80628272 0.80628272 0.80890052
 0.80890052 0.81151832 0.81151832 0.81413613 0.81413613 0.81675393
 0.81675393 0.81937173 0.81937173 0.82198953 0.82198953 0.82460733
 0.82460733 0.82984293 0.82984293 0.83246073 0.83246073 0.83507853
 0.83507853 0.83769634 0.83769634 0.84031414 0.84031414 0.84293194
 0.84293194 0.84554974 0.84554974 0.84816754 0.84816754 0.84816754
 0.84816754 0.85340314 0.85340314 0.85602094 0.85602094 0.85863874
 0.85863874 0.86125654 0.86125654 0.86387435 0.86387435 0.86649215
 0.86649215 0.86910995 0.86910995 0.87172775 0.87172775 0.87434555
 0.87434555 0.87696335 0.87696335 0.87958115 0.87958115 0.88219895
 0.88219895 0.88481675 0.88481675 0.89005236 0.89005236 0.89267016
 0.89267016 0.89528796 0.89528796 0.89790576 0.89790576 0.90052356
 0.90052356 0.90314136 0.90314136 0.90575916 0.90575916 0.90837696
 0.90837696 0.91099476 0.91099476 0.91361257 0.91361257 0.91623037
 0.91623037 0.91884817 0.91884817 0.92146597 0.92146597 0.92408377
 0.92408377 0.92670157 0.92670157 0.92670157 0.92670157 0.92931937
 0.92931937 0.93193717 0.93193717 0.93455497 0.93455497 0.93717277
 0.93717277 0.94240838 0.94240838 0.94502618 0.94502618 0.94764398
 0.94764398 0.95026178 0.95026178 0.95287958 0.95287958 0.95549738
 0.95549738 0.95811518 0.95811518 0.96073298 0.96073298 0.96335079
 0.96335079 0.96596859 0.96596859 0.96858639 0.96858639 0.97120419
 0.97120419 0.97120419 0.97120419 0.97382199 0.97382199 0.97643979
 0.97643979 0.97905759 0.97905759 0.98167539 0.98167539 0.98429319
 0.98429319 0.98429319 0.98429319 0.98691099 0.98691099 0.9895288
 0.9895288  0.9895288  0.9895288  0.9921466  0.9921466  0.9947644
 0.9947644  0.9947644  0.9947644  0.9973822  0.9973822  0.9973822
 0.9973822  1.        ]",0.6920754991910443
SVM,oversampling,0.7007299270072993,0.28398058252427183,0.612565445026178,0.3880597014925373,"[0.         0.         0.         0.00143954 0.00143954 0.00191939
 0.00191939 0.00479846 0.00479846 0.00527831 0.00527831 0.00575816
 0.00575816 0.0071977  0.0071977  0.00767754 0.00767754 0.00863724
 0.00863724 0.01103647 0.01103647 0.01199616 0.01199616 0.01535509
 0.01535509 0.01871401 0.01871401 0.01919386 0.01919386 0.0206334
 0.0206334  0.02207294 0.02207294 0.02351248 0.02351248 0.02975048
 0.02975048 0.03166987 0.03166987 0.0340691  0.0340691  0.03454894
 0.03454894 0.03646833 0.03646833 0.03694818 0.03694818 0.03934741
 0.03934741 0.04318618 0.04318618 0.04366603 0.04366603 0.04414587
 0.04414587 0.04462572 0.04462572 0.04606526 0.04606526 0.04654511
 0.04654511 0.04702495 0.04702495 0.04798464 0.04798464 0.04846449
 0.04846449 0.05086372 0.05086372 0.05182342 0.05182342 0.05230326
 0.05230326 0.05326296 0.05326296 0.0537428  0.0537428  0.05614203
 0.05614203 0.05710173 0.05710173 0.05806142 0.05806142 0.05854127
 0.05854127 0.05950096 0.05950096 0.06190019 0.06190019 0.06333973
 0.06333973 0.06429942 0.06429942 0.06477927 0.06477927 0.06525912
 0.06525912 0.06573896 0.06573896 0.06621881 0.06621881 0.06861804
 0.06861804 0.07245681 0.07245681 0.07341651 0.07341651 0.07485605
 0.07485605 0.07773512 0.07773512 0.08205374 0.08205374 0.08253359
 0.08253359 0.08301344 0.08301344 0.08493282 0.08493282 0.08541267
 0.08541267 0.08685221 0.08685221 0.0878119  0.0878119  0.09021113
 0.09021113 0.09165067 0.09165067 0.09213052 0.09213052 0.09309021
 0.09309021 0.09692898 0.09692898 0.09788868 0.09788868 0.09884837
 0.09884837 0.09980806 0.09980806 0.1012476  0.1012476  0.10172745
 0.10172745 0.10364683 0.10364683 0.1084453  0.1084453  0.10892514
 0.10892514 0.11084453 0.11084453 0.11132438 0.11132438 0.11228407
 0.11228407 0.11612284 0.11612284 0.11660269 0.11660269 0.12044146
 0.12044146 0.12092131 0.12092131 0.121881   0.121881   0.12332054
 0.12332054 0.12907869 0.12907869 0.13003839 0.13003839 0.13051823
 0.13051823 0.13195777 0.13195777 0.13675624 0.13675624 0.14059501
 0.14059501 0.14203455 0.14203455 0.14491363 0.14491363 0.14635317
 0.14635317 0.15355086 0.15355086 0.15451056 0.15451056 0.1549904
 0.1549904  0.15882917 0.15882917 0.15930902 0.15930902 0.15978887
 0.15978887 0.1621881  0.1621881  0.16602687 0.16602687 0.16698656
 0.16698656 0.16746641 0.16746641 0.1693858  0.1693858  0.16986564
 0.16986564 0.17274472 0.17274472 0.17322457 0.17322457 0.17898273
 0.17898273 0.17946257 0.17946257 0.17994242 0.17994242 0.18138196
 0.18138196 0.18234165 0.18234165 0.1828215  0.1828215  0.18474088
 0.18474088 0.18570058 0.18570058 0.18714012 0.18714012 0.19049904
 0.19049904 0.19289827 0.19289827 0.19337812 0.19337812 0.19385797
 0.19385797 0.1952975  0.1952975  0.19577735 0.19577735 0.19673704
 0.19673704 0.20057582 0.20057582 0.20201536 0.20201536 0.20393474
 0.20393474 0.20489443 0.20489443 0.20681382 0.20681382 0.20873321
 0.20873321 0.2096929  0.2096929  0.21449136 0.21449136 0.21545106
 0.21545106 0.2168906  0.2168906  0.22024952 0.22024952 0.22360845
 0.22360845 0.22600768 0.22600768 0.2293666  0.2293666  0.22984645
 0.22984645 0.23800384 0.23800384 0.24136276 0.24136276 0.24616123
 0.24616123 0.24712092 0.24712092 0.24952015 0.24952015 0.25095969
 0.25095969 0.25143954 0.25143954 0.25335893 0.25335893 0.2571977
 0.2571977  0.25767754 0.25767754 0.25863724 0.25863724 0.26151631
 0.26151631 0.26295585 0.26295585 0.2634357  0.2634357  0.26391555
 0.26391555 0.26679463 0.26679463 0.26823417 0.26823417 0.27255278
 0.27255278 0.27495202 0.27495202 0.27591171 0.27591171 0.27831094
 0.27831094 0.28166987 0.28166987 0.28214971 0.28214971 0.28502879
 0.28502879 0.29126679 0.29126679 0.29654511 0.29654511 0.2975048
 0.2975048  0.29990403 0.29990403 0.30038388 0.30038388 0.30134357
 0.30134357 0.30422265 0.30422265 0.30566219 0.30566219 0.30758157
 0.30758157 0.30950096 0.30950096 0.31669866 0.31669866 0.3171785
 0.3171785  0.31765835 0.31765835 0.32053743 0.32053743 0.32149712
 0.32149712 0.32725528 0.32725528 0.32821497 0.32821497 0.32869482
 0.32869482 0.33253359 0.33253359 0.33397313 0.33397313 0.33685221
 0.33685221 0.33925144 0.33925144 0.33973129 0.33973129 0.34548944
 0.34548944 0.34596929 0.34596929 0.34644914 0.34644914 0.34740883
 0.34740883 0.35652591 0.35652591 0.35796545 0.35796545 0.36708253
 0.36708253 0.36804223 0.36804223 0.36900192 0.36900192 0.37667946
 0.37667946 0.37907869 0.37907869 0.37955854 0.37955854 0.38147793
 0.38147793 0.38195777 0.38195777 0.38291747 0.38291747 0.38579655
 0.38579655 0.3925144  0.3925144  0.39347409 0.39347409 0.40882917
 0.40882917 0.42274472 0.42274472 0.42514395 0.42514395 0.4256238
 0.4256238  0.42658349 0.42658349 0.43090211 0.43090211 0.4318618
 0.4318618  0.43809981 0.43809981 0.44289827 0.44289827 0.44433781
 0.44433781 0.44865643 0.44865643 0.44961612 0.44961612 0.45393474
 0.45393474 0.45537428 0.45537428 0.45585413 0.45585413 0.46017274
 0.46017274 0.46353167 0.46353167 0.4659309  0.4659309  0.4668906
 0.4668906  0.47600768 0.47600768 0.47792706 0.47792706 0.47888676
 0.47888676 0.48080614 0.48080614 0.48128599 0.48128599 0.48416507
 0.48416507 0.48464491 0.48464491 0.48560461 0.48560461 0.48704415
 0.48704415 0.50047985 0.50047985 0.50335893 0.50335893 0.51199616
 0.51199616 0.5196737  0.5196737  0.52303263 0.52303263 0.52735125
 0.52735125 0.53694818 0.53694818 0.53790787 0.53790787 0.54078695
 0.54078695 0.54942418 0.54942418 0.55038388 0.55038388 0.55134357
 0.55134357 0.55518234 0.55518234 0.56046065 0.56046065 0.56429942
 0.56429942 0.56525912 0.56525912 0.57341651 0.57341651 0.57533589
 0.57533589 0.57917466 0.57917466 0.58301344 0.58301344 0.58349328
 0.58349328 0.58445298 0.58445298 0.58733205 0.58733205 0.60172745
 0.60172745 0.60556622 0.60556622 0.61228407 0.61228407 0.61324376
 0.61324376 0.61852207 0.61852207 0.62619962 0.62619962 0.62715931
 0.62715931 0.63099808 0.63099808 0.63339731 0.63339731 0.63387716
 0.63387716 0.63915547 0.63915547 0.64107486 0.64107486 0.64299424
 0.64299424 0.6549904  0.6549904  0.65642994 0.65642994 0.66890595
 0.66890595 0.67034549 0.67034549 0.67130518 0.67130518 0.67610365
 0.67610365 0.69193858 0.69193858 0.69385797 0.69385797 0.69481766
 0.6962572  0.71017274 0.71017274 0.71257198 0.71257198 0.72744722
 0.72744722 0.73272553 0.73272553 0.73416507 0.73416507 0.73464491
 0.73464491 0.743762   0.74472169 0.76727447 0.76727447 0.77207294
 0.77207294 0.78934741 0.7903071  0.79462572 0.79462572 0.80422265
 0.80422265 0.80710173 0.80710173 0.81238004 0.81238004 0.81381958
 0.81381958 0.84692898 0.84692898 0.85028791 0.85028791 0.85412668
 0.85412668 0.87284069 0.87380038 0.90307102 0.90403071 0.90642994
 0.90738964 0.91122841 0.91458733 0.9193858  0.9193858  0.92802303
 0.92946257 0.96209213 0.96209213 0.96401152 0.96401152 1.        ]","[0.         0.0026178  0.0104712  0.0104712  0.01308901 0.01308901
 0.01570681 0.01570681 0.02094241 0.02094241 0.02617801 0.02617801
 0.02879581 0.02879581 0.03664921 0.03664921 0.04450262 0.04450262
 0.04712042 0.04712042 0.05497382 0.05497382 0.06020942 0.06020942
 0.06544503 0.06544503 0.06806283 0.06806283 0.07329843 0.07329843
 0.07591623 0.07591623 0.07853403 0.07853403 0.08115183 0.08115183
 0.08376963 0.08376963 0.09162304 0.09162304 0.09685864 0.09685864
 0.10471204 0.10471204 0.10732984 0.10732984 0.10994764 0.10994764
 0.11256545 0.11256545 0.11780105 0.11780105 0.12041885 0.12041885
 0.12303665 0.12303665 0.12565445 0.12565445 0.12827225 0.12827225
 0.13350785 0.13350785 0.14136126 0.14136126 0.14397906 0.14397906
 0.14659686 0.14659686 0.14921466 0.14921466 0.15183246 0.15183246
 0.15445026 0.15445026 0.15968586 0.15968586 0.16230366 0.16230366
 0.16492147 0.16492147 0.17277487 0.17277487 0.18062827 0.18062827
 0.18586387 0.18586387 0.18848168 0.18848168 0.19109948 0.19109948
 0.19633508 0.19633508 0.19895288 0.19895288 0.20680628 0.20680628
 0.21204188 0.21204188 0.21465969 0.21465969 0.21989529 0.21989529
 0.22251309 0.22251309 0.22513089 0.22513089 0.23036649 0.23036649
 0.23298429 0.23298429 0.23560209 0.23560209 0.2382199  0.2382199
 0.2434555  0.2434555  0.2460733  0.2460733  0.2539267  0.2539267
 0.2565445  0.2565445  0.2591623  0.2591623  0.2617801  0.2617801
 0.26439791 0.26439791 0.26701571 0.26701571 0.26963351 0.26963351
 0.27486911 0.27486911 0.27748691 0.27748691 0.28534031 0.28534031
 0.29319372 0.29319372 0.29581152 0.29581152 0.30104712 0.30104712
 0.30366492 0.30366492 0.30628272 0.30628272 0.30890052 0.30890052
 0.31151832 0.31151832 0.31413613 0.31413613 0.32198953 0.32198953
 0.32460733 0.32460733 0.32722513 0.32722513 0.32984293 0.32984293
 0.33246073 0.33246073 0.33507853 0.33507853 0.33769634 0.33769634
 0.34554974 0.34554974 0.35078534 0.35078534 0.35602094 0.35602094
 0.36387435 0.36387435 0.36649215 0.36649215 0.37696335 0.37696335
 0.38219895 0.38219895 0.38743455 0.38743455 0.39005236 0.39005236
 0.39267016 0.39267016 0.39528796 0.39528796 0.39790576 0.39790576
 0.40052356 0.40052356 0.40314136 0.40314136 0.40575916 0.40575916
 0.41099476 0.41099476 0.41361257 0.41361257 0.41884817 0.41884817
 0.42146597 0.42146597 0.42670157 0.42670157 0.43455497 0.43455497
 0.43717277 0.43717277 0.43979058 0.43979058 0.44502618 0.44502618
 0.44764398 0.44764398 0.45026178 0.45026178 0.45287958 0.45287958
 0.45549738 0.45549738 0.46073298 0.46073298 0.46335079 0.46335079
 0.46596859 0.46596859 0.46858639 0.46858639 0.47120419 0.47120419
 0.47382199 0.47382199 0.47643979 0.47643979 0.47905759 0.47905759
 0.48691099 0.48691099 0.4895288  0.4895288  0.4921466  0.4921466
 0.4947644  0.4947644  0.4973822  0.4973822  0.5026178  0.5026178
 0.5052356  0.5052356  0.5078534  0.5078534  0.51570681 0.51570681
 0.51832461 0.51832461 0.52094241 0.52094241 0.52356021 0.52356021
 0.52617801 0.52617801 0.52879581 0.52879581 0.53403141 0.53403141
 0.53664921 0.53664921 0.53926702 0.53926702 0.54188482 0.54188482
 0.54450262 0.54450262 0.54712042 0.54712042 0.54973822 0.54973822
 0.55497382 0.55497382 0.56020942 0.56020942 0.56282723 0.56282723
 0.56544503 0.56544503 0.56806283 0.56806283 0.57068063 0.57068063
 0.57329843 0.57329843 0.57591623 0.57591623 0.57853403 0.57853403
 0.58115183 0.58115183 0.58376963 0.58376963 0.58638743 0.58638743
 0.58900524 0.58900524 0.59162304 0.59162304 0.59424084 0.59424084
 0.59947644 0.59947644 0.60209424 0.60209424 0.60471204 0.60471204
 0.60732984 0.60732984 0.60994764 0.60994764 0.61256545 0.61256545
 0.61518325 0.61518325 0.61780105 0.61780105 0.62041885 0.62041885
 0.62827225 0.62827225 0.63089005 0.63089005 0.63350785 0.63350785
 0.63612565 0.63612565 0.64136126 0.64136126 0.64397906 0.64397906
 0.64659686 0.64659686 0.64921466 0.64921466 0.65183246 0.65183246
 0.65445026 0.65445026 0.65706806 0.65706806 0.65968586 0.65968586
 0.66230366 0.66230366 0.66492147 0.66492147 0.66753927 0.66753927
 0.67015707 0.67015707 0.67277487 0.67277487 0.67539267 0.67539267
 0.67801047 0.67801047 0.68062827 0.68062827 0.68324607 0.68324607
 0.68586387 0.68586387 0.69109948 0.69109948 0.69371728 0.69371728
 0.69633508 0.69633508 0.70157068 0.70157068 0.70418848 0.70418848
 0.70680628 0.70680628 0.71204188 0.71204188 0.71465969 0.71465969
 0.71727749 0.71727749 0.71989529 0.71989529 0.72251309 0.72251309
 0.72513089 0.72513089 0.72774869 0.72774869 0.73036649 0.73036649
 0.73298429 0.73298429 0.7382199  0.7382199  0.7408377  0.7408377
 0.7434555  0.7434555  0.7486911  0.7486911  0.7513089  0.7513089
 0.7539267  0.7539267  0.7565445  0.7565445  0.7591623  0.7591623
 0.7617801  0.7617801  0.76439791 0.76439791 0.76701571 0.76701571
 0.76963351 0.76963351 0.77225131 0.77225131 0.77486911 0.77486911
 0.77748691 0.77748691 0.78010471 0.78010471 0.78272251 0.78272251
 0.78795812 0.78795812 0.79057592 0.79057592 0.79319372 0.79319372
 0.79581152 0.79581152 0.79842932 0.79842932 0.80104712 0.80104712
 0.80366492 0.80366492 0.80628272 0.80628272 0.80890052 0.80890052
 0.81151832 0.81151832 0.81413613 0.81413613 0.81675393 0.81675393
 0.81937173 0.81937173 0.82198953 0.82198953 0.82460733 0.82460733
 0.82722513 0.82722513 0.82984293 0.82984293 0.83246073 0.83246073
 0.83507853 0.83507853 0.83769634 0.83769634 0.84031414 0.84031414
 0.84293194 0.84293194 0.84554974 0.84554974 0.84816754 0.84816754
 0.85340314 0.85340314 0.85602094 0.85602094 0.85863874 0.85863874
 0.86125654 0.86125654 0.86387435 0.86387435 0.86910995 0.86910995
 0.87172775 0.87172775 0.87434555 0.87434555 0.87696335 0.87696335
 0.88219895 0.88219895 0.88481675 0.88481675 0.88743455 0.88743455
 0.89005236 0.89005236 0.89267016 0.89267016 0.89528796 0.89528796
 0.89790576 0.89790576 0.90052356 0.90052356 0.90314136 0.90314136
 0.90575916 0.90575916 0.90837696 0.90837696 0.91099476 0.91099476
 0.91361257 0.91361257 0.91623037 0.91623037 0.91884817 0.91884817
 0.92146597 0.92146597 0.92408377 0.92408377 0.92670157 0.92670157
 0.92931937 0.92931937 0.93455497 0.93455497 0.93717277 0.93717277
 0.93979058 0.93979058 0.94240838 0.94240838 0.94502618 0.94502618
 0.94502618 0.94502618 0.94764398 0.94764398 0.95026178 0.95026178
 0.95549738 0.95549738 0.95811518 0.95811518 0.96073298 0.96073298
 0.96335079 0.96335079 0.96335079 0.96335079 0.96596859 0.96596859
 0.96858639 0.96858639 0.96858639 0.96858639 0.97120419 0.97120419
 0.97382199 0.97382199 0.97643979 0.97643979 0.97905759 0.97905759
 0.98167539 0.98167539 0.98429319 0.98429319 0.9895288  0.9895288
 0.9921466  0.9921466  0.9921466  0.9921466  0.9921466  0.9921466
 0.9921466  0.9921466  0.9921466  0.9921466  0.9947644  0.9947644
 0.9947644  0.9947644  0.9973822  0.9973822  1.         1.        ]",0.7292070725849403
SVM,undersampling,0.6321978913219789,0.2558139534883721,0.7198952879581152,0.37748798901853126,"[0.00000000e+00 0.00000000e+00 0.00000000e+00 4.79846449e-04
 4.79846449e-04 1.91938580e-03 1.91938580e-03 2.39923225e-03
 2.39923225e-03 4.31861804e-03 4.31861804e-03 5.27831094e-03
 5.27831094e-03 7.19769674e-03 7.19769674e-03 7.67754319e-03
 7.67754319e-03 8.15738964e-03 8.15738964e-03 8.63723608e-03
 8.63723608e-03 1.10364683e-02 1.10364683e-02 1.19961612e-02
 1.19961612e-02 1.72744722e-02 1.72744722e-02 1.77543186e-02
 1.77543186e-02 2.01535509e-02 2.01535509e-02 2.30326296e-02
 2.30326296e-02 2.35124760e-02 2.35124760e-02 2.49520154e-02
 2.49520154e-02 2.54318618e-02 2.54318618e-02 2.59117083e-02
 2.59117083e-02 2.73512476e-02 2.73512476e-02 2.78310940e-02
 2.78310940e-02 2.87907869e-02 2.87907869e-02 2.92706334e-02
 2.92706334e-02 2.97504798e-02 2.97504798e-02 3.11900192e-02
 3.11900192e-02 3.31094050e-02 3.31094050e-02 3.35892514e-02
 3.35892514e-02 3.55086372e-02 3.55086372e-02 3.59884837e-02
 3.59884837e-02 3.64683301e-02 3.64683301e-02 3.74280230e-02
 3.74280230e-02 3.83877159e-02 3.83877159e-02 3.88675624e-02
 3.88675624e-02 3.93474088e-02 3.93474088e-02 4.17466411e-02
 4.17466411e-02 4.27063340e-02 4.27063340e-02 4.31861804e-02
 4.31861804e-02 4.36660269e-02 4.36660269e-02 4.55854127e-02
 4.55854127e-02 4.60652591e-02 4.60652591e-02 4.65451056e-02
 4.65451056e-02 4.75047985e-02 4.75047985e-02 4.94241843e-02
 4.94241843e-02 4.99040307e-02 4.99040307e-02 5.18234165e-02
 5.18234165e-02 5.27831094e-02 5.27831094e-02 5.32629559e-02
 5.32629559e-02 5.42226488e-02 5.42226488e-02 5.47024952e-02
 5.47024952e-02 5.61420345e-02 5.61420345e-02 5.66218810e-02
 5.66218810e-02 5.71017274e-02 5.71017274e-02 6.28598848e-02
 6.28598848e-02 6.33397313e-02 6.33397313e-02 6.57389635e-02
 6.57389635e-02 6.76583493e-02 6.76583493e-02 6.86180422e-02
 6.86180422e-02 7.00575816e-02 7.00575816e-02 7.05374280e-02
 7.05374280e-02 7.24568138e-02 7.24568138e-02 7.29366603e-02
 7.29366603e-02 7.43761996e-02 7.43761996e-02 7.53358925e-02
 7.53358925e-02 7.77351248e-02 7.77351248e-02 7.82149712e-02
 7.82149712e-02 8.10940499e-02 8.10940499e-02 8.20537428e-02
 8.20537428e-02 8.34932821e-02 8.34932821e-02 8.49328215e-02
 8.49328215e-02 8.54126679e-02 8.54126679e-02 8.63723608e-02
 8.63723608e-02 8.68522073e-02 8.68522073e-02 8.73320537e-02
 8.73320537e-02 8.92514395e-02 8.92514395e-02 8.97312860e-02
 8.97312860e-02 9.98080614e-02 9.98080614e-02 1.00767754e-01
 1.00767754e-01 1.03166987e-01 1.03166987e-01 1.07005758e-01
 1.07005758e-01 1.07485605e-01 1.07485605e-01 1.09884837e-01
 1.09884837e-01 1.10364683e-01 1.10364683e-01 1.11804223e-01
 1.11804223e-01 1.15163148e-01 1.15163148e-01 1.19961612e-01
 1.19961612e-01 1.20441459e-01 1.20441459e-01 1.22840691e-01
 1.22840691e-01 1.26199616e-01 1.26199616e-01 1.26679463e-01
 1.26679463e-01 1.29078695e-01 1.29078695e-01 1.29558541e-01
 1.29558541e-01 1.30038388e-01 1.30038388e-01 1.31957774e-01
 1.31957774e-01 1.32437620e-01 1.32437620e-01 1.39635317e-01
 1.39635317e-01 1.41554702e-01 1.41554702e-01 1.44433781e-01
 1.44433781e-01 1.44913628e-01 1.44913628e-01 1.45393474e-01
 1.45393474e-01 1.45873321e-01 1.45873321e-01 1.46353167e-01
 1.46353167e-01 1.47312860e-01 1.47312860e-01 1.47792706e-01
 1.47792706e-01 1.48752399e-01 1.48752399e-01 1.51631478e-01
 1.51631478e-01 1.53550864e-01 1.53550864e-01 1.55470250e-01
 1.55470250e-01 1.55950096e-01 1.55950096e-01 1.56429942e-01
 1.56429942e-01 1.58829175e-01 1.58829175e-01 1.62188100e-01
 1.62188100e-01 1.64587332e-01 1.64587332e-01 1.66026871e-01
 1.66026871e-01 1.69865643e-01 1.69865643e-01 1.70825336e-01
 1.70825336e-01 1.72744722e-01 1.72744722e-01 1.73704415e-01
 1.73704415e-01 1.74184261e-01 1.74184261e-01 1.74664107e-01
 1.74664107e-01 1.78023033e-01 1.78023033e-01 1.78982726e-01
 1.78982726e-01 1.80422265e-01 1.80422265e-01 1.80902111e-01
 1.80902111e-01 1.83301344e-01 1.83301344e-01 1.84261036e-01
 1.84261036e-01 1.84740883e-01 1.84740883e-01 1.88579655e-01
 1.88579655e-01 1.91458733e-01 1.91458733e-01 1.94817658e-01
 1.94817658e-01 1.95297505e-01 1.95297505e-01 1.98176583e-01
 1.98176583e-01 1.99616123e-01 1.99616123e-01 2.02015355e-01
 2.02015355e-01 2.02495202e-01 2.02495202e-01 2.03934741e-01
 2.03934741e-01 2.06813820e-01 2.06813820e-01 2.08253359e-01
 2.08253359e-01 2.11612284e-01 2.11612284e-01 2.13531670e-01
 2.13531670e-01 2.16410749e-01 2.16410749e-01 2.18809981e-01
 2.18809981e-01 2.21209213e-01 2.21209213e-01 2.23608445e-01
 2.23608445e-01 2.25047985e-01 2.25047985e-01 2.27447217e-01
 2.27447217e-01 2.28406910e-01 2.28406910e-01 2.28886756e-01
 2.28886756e-01 2.31765835e-01 2.31765835e-01 2.32245681e-01
 2.32245681e-01 2.36084453e-01 2.36084453e-01 2.37523992e-01
 2.37523992e-01 2.43761996e-01 2.43761996e-01 2.45201536e-01
 2.45201536e-01 2.47600768e-01 2.47600768e-01 2.50479846e-01
 2.50479846e-01 2.51439539e-01 2.51439539e-01 2.51919386e-01
 2.51919386e-01 2.52399232e-01 2.52399232e-01 2.52879079e-01
 2.52879079e-01 2.57197697e-01 2.57197697e-01 2.58157390e-01
 2.58157390e-01 2.61996161e-01 2.61996161e-01 2.64875240e-01
 2.64875240e-01 2.68234165e-01 2.68234165e-01 2.72072937e-01
 2.72072937e-01 2.73512476e-01 2.73512476e-01 2.76391555e-01
 2.76391555e-01 2.84069098e-01 2.84069098e-01 2.84548944e-01
 2.84548944e-01 2.85508637e-01 2.85508637e-01 2.88387716e-01
 2.88387716e-01 2.91266795e-01 2.91266795e-01 2.91746641e-01
 2.91746641e-01 2.92226488e-01 2.92226488e-01 2.96545106e-01
 2.96545106e-01 2.98944338e-01 2.98944338e-01 3.05662188e-01
 3.05662188e-01 3.11420345e-01 3.11420345e-01 3.12859885e-01
 3.12859885e-01 3.15259117e-01 3.15259117e-01 3.21497121e-01
 3.21497121e-01 3.22456814e-01 3.22456814e-01 3.23896353e-01
 3.23896353e-01 3.25335893e-01 3.25335893e-01 3.26295585e-01
 3.26295585e-01 3.33493282e-01 3.33493282e-01 3.51247601e-01
 3.51247601e-01 3.53646833e-01 3.53646833e-01 3.57485605e-01
 3.57485605e-01 3.58445298e-01 3.58445298e-01 3.60844530e-01
 3.60844530e-01 3.64203455e-01 3.64203455e-01 3.65163148e-01
 3.65163148e-01 3.68042226e-01 3.68042226e-01 3.69481766e-01
 3.69481766e-01 3.70441459e-01 3.70441459e-01 3.76679463e-01
 3.76679463e-01 3.77639155e-01 3.77639155e-01 3.79078695e-01
 3.79078695e-01 3.80998081e-01 3.80998081e-01 3.81477927e-01
 3.81477927e-01 3.87236084e-01 3.87236084e-01 3.88195777e-01
 3.88195777e-01 3.95393474e-01 3.95393474e-01 3.97312860e-01
 3.97312860e-01 4.03071017e-01 4.03071017e-01 4.05470250e-01
 4.05470250e-01 4.05950096e-01 4.05950096e-01 4.07389635e-01
 4.07389635e-01 4.15067179e-01 4.15067179e-01 4.16026871e-01
 4.16026871e-01 4.19865643e-01 4.19865643e-01 4.27063340e-01
 4.27063340e-01 4.27543186e-01 4.27543186e-01 4.28982726e-01
 4.28982726e-01 4.30902111e-01 4.30902111e-01 4.35220729e-01
 4.35220729e-01 4.36660269e-01 4.36660269e-01 4.38579655e-01
 4.38579655e-01 4.40499040e-01 4.40499040e-01 4.41938580e-01
 4.41938580e-01 4.46257198e-01 4.46257198e-01 4.52015355e-01
 4.52015355e-01 4.53934741e-01 4.53934741e-01 4.54414587e-01
 4.54414587e-01 4.59213052e-01 4.59213052e-01 4.61612284e-01
 4.61612284e-01 4.70249520e-01 4.70249520e-01 4.76487524e-01
 4.76487524e-01 4.80326296e-01 4.80326296e-01 4.83205374e-01
 4.83205374e-01 4.83685221e-01 4.83685221e-01 4.90403071e-01
 4.90403071e-01 4.91842610e-01 4.91842610e-01 4.94721689e-01
 4.94721689e-01 5.02879079e-01 5.02879079e-01 5.03358925e-01
 5.03358925e-01 5.09117083e-01 5.09117083e-01 5.11996161e-01
 5.11996161e-01 5.12476008e-01 5.12476008e-01 5.12955854e-01
 5.12955854e-01 5.15355086e-01 5.15355086e-01 5.21113244e-01
 5.21113244e-01 5.23992322e-01 5.23992322e-01 5.24472169e-01
 5.24472169e-01 5.28790787e-01 5.28790787e-01 5.34069098e-01
 5.34069098e-01 5.47024952e-01 5.47024952e-01 5.47504798e-01
 5.47504798e-01 5.48944338e-01 5.48944338e-01 5.49904031e-01
 5.49904031e-01 5.54702495e-01 5.54702495e-01 5.57101727e-01
 5.57101727e-01 5.62859885e-01 5.62859885e-01 5.69097889e-01
 5.69097889e-01 5.75815739e-01 5.75815739e-01 5.82533589e-01
 5.82533589e-01 5.87332054e-01 5.87332054e-01 5.87811900e-01
 5.87811900e-01 5.88291747e-01 5.88291747e-01 5.99328215e-01
 5.99328215e-01 6.02687140e-01 6.02687140e-01 6.24760077e-01
 6.24760077e-01 6.31957774e-01 6.31957774e-01 6.33397313e-01
 6.33397313e-01 6.34357006e-01 6.34357006e-01 6.38675624e-01
 6.38675624e-01 6.59309021e-01 6.59309021e-01 6.63627639e-01
 6.63627639e-01 6.82341651e-01 6.82341651e-01 6.84740883e-01
 6.84740883e-01 6.97216891e-01 6.97216891e-01 7.03454894e-01
 7.03454894e-01 7.11612284e-01 7.11612284e-01 7.13531670e-01
 7.13531670e-01 7.16410749e-01 7.16410749e-01 7.45681382e-01
 7.45681382e-01 7.51439539e-01 7.51439539e-01 7.52879079e-01
 7.52879079e-01 7.66314779e-01 7.66314779e-01 7.91266795e-01
 7.91266795e-01 7.92226488e-01 7.92226488e-01 7.94625720e-01
 7.94625720e-01 8.04222649e-01 8.04222649e-01 8.09021113e-01
 8.09980806e-01 8.27255278e-01 8.27255278e-01 8.29174664e-01
 8.29174664e-01 8.33013436e-01 8.33013436e-01 8.38291747e-01
 8.38291747e-01 8.47888676e-01 8.48848369e-01 8.54606526e-01
 8.56046065e-01 8.59884837e-01 8.59884837e-01 8.73800384e-01
 8.73800384e-01 8.94913628e-01 8.94913628e-01 8.98272553e-01
 8.99232246e-01 9.17946257e-01 9.18905950e-01 9.20825336e-01
 9.22264875e-01 9.31861804e-01 9.31861804e-01 9.35700576e-01
 9.36660269e-01 9.39059501e-01 9.42418426e-01 9.46257198e-01
 9.46257198e-01 9.61612284e-01 9.61612284e-01 1.00000000e+00]","[0.         0.0026178  0.01570681 0.01570681 0.01832461 0.01832461
 0.02094241 0.02094241 0.02356021 0.02356021 0.02617801 0.02617801
 0.02879581 0.02879581 0.03141361 0.03141361 0.03403141 0.03403141
 0.04450262 0.04450262 0.04712042 0.04712042 0.04973822 0.04973822
 0.05759162 0.05759162 0.06020942 0.06020942 0.06282723 0.06282723
 0.06544503 0.06544503 0.07068063 0.07068063 0.07329843 0.07329843
 0.07591623 0.07591623 0.07853403 0.07853403 0.08115183 0.08115183
 0.08376963 0.08376963 0.08900524 0.08900524 0.09162304 0.09162304
 0.09424084 0.09424084 0.09947644 0.09947644 0.10732984 0.10732984
 0.10994764 0.10994764 0.11256545 0.11256545 0.11518325 0.11518325
 0.11780105 0.11780105 0.12041885 0.12041885 0.12303665 0.12303665
 0.12827225 0.12827225 0.13612565 0.13612565 0.13874346 0.13874346
 0.14136126 0.14136126 0.14397906 0.14397906 0.14659686 0.14659686
 0.14921466 0.14921466 0.15183246 0.15183246 0.15445026 0.15445026
 0.15706806 0.15706806 0.15968586 0.15968586 0.16230366 0.16230366
 0.16753927 0.16753927 0.17015707 0.17015707 0.17277487 0.17277487
 0.17539267 0.17539267 0.18324607 0.18324607 0.18848168 0.18848168
 0.19371728 0.19371728 0.19633508 0.19633508 0.19895288 0.19895288
 0.20418848 0.20418848 0.20680628 0.20680628 0.20942408 0.20942408
 0.21204188 0.21204188 0.21465969 0.21465969 0.21989529 0.21989529
 0.22251309 0.22251309 0.22513089 0.22513089 0.23036649 0.23036649
 0.2382199  0.2382199  0.2408377  0.2408377  0.2513089  0.2513089
 0.2539267  0.2539267  0.2565445  0.2565445  0.2591623  0.2591623
 0.26439791 0.26439791 0.27486911 0.27486911 0.27748691 0.27748691
 0.28534031 0.28534031 0.28795812 0.28795812 0.29581152 0.29581152
 0.29842932 0.29842932 0.30366492 0.30366492 0.30628272 0.30628272
 0.30890052 0.30890052 0.31151832 0.31151832 0.31413613 0.31413613
 0.31675393 0.31675393 0.31937173 0.31937173 0.32198953 0.32198953
 0.32460733 0.32460733 0.32722513 0.32722513 0.32984293 0.32984293
 0.33507853 0.33507853 0.34031414 0.34031414 0.34554974 0.34554974
 0.35340314 0.35340314 0.35602094 0.35602094 0.35863874 0.35863874
 0.36125654 0.36125654 0.36387435 0.36387435 0.36649215 0.36649215
 0.37434555 0.37434555 0.37696335 0.37696335 0.37958115 0.37958115
 0.38481675 0.38481675 0.38743455 0.38743455 0.39267016 0.39267016
 0.39528796 0.39528796 0.39790576 0.39790576 0.40052356 0.40052356
 0.40314136 0.40314136 0.40837696 0.40837696 0.41361257 0.41361257
 0.41623037 0.41623037 0.42146597 0.42146597 0.42408377 0.42408377
 0.42670157 0.42670157 0.42931937 0.42931937 0.43193717 0.43193717
 0.43717277 0.43717277 0.44240838 0.44240838 0.44502618 0.44502618
 0.44764398 0.44764398 0.45026178 0.45026178 0.45287958 0.45287958
 0.45549738 0.45549738 0.45811518 0.45811518 0.46073298 0.46073298
 0.46335079 0.46335079 0.46596859 0.46596859 0.46858639 0.46858639
 0.47120419 0.47120419 0.47382199 0.47382199 0.48167539 0.48167539
 0.48429319 0.48429319 0.4895288  0.4895288  0.4947644  0.4947644
 0.4973822  0.4973822  0.5        0.5        0.5026178  0.5026178
 0.5052356  0.5052356  0.5104712  0.5104712  0.51308901 0.51308901
 0.51832461 0.51832461 0.52094241 0.52094241 0.52356021 0.52356021
 0.52617801 0.52617801 0.53403141 0.53403141 0.53664921 0.53664921
 0.53926702 0.53926702 0.54188482 0.54188482 0.54450262 0.54450262
 0.54712042 0.54712042 0.54973822 0.54973822 0.55497382 0.55497382
 0.55759162 0.55759162 0.56020942 0.56020942 0.56282723 0.56282723
 0.56544503 0.56544503 0.56806283 0.56806283 0.57329843 0.57329843
 0.57853403 0.57853403 0.58115183 0.58115183 0.58376963 0.58376963
 0.58638743 0.58638743 0.58900524 0.58900524 0.59162304 0.59162304
 0.59424084 0.59424084 0.59685864 0.59685864 0.60209424 0.60209424
 0.60471204 0.60471204 0.60732984 0.60732984 0.60994764 0.60994764
 0.61256545 0.61256545 0.61518325 0.61518325 0.62041885 0.62041885
 0.62565445 0.62565445 0.62827225 0.62827225 0.63089005 0.63089005
 0.63612565 0.63612565 0.63874346 0.63874346 0.64397906 0.64397906
 0.64659686 0.64659686 0.64921466 0.64921466 0.65445026 0.65445026
 0.65706806 0.65706806 0.65968586 0.65968586 0.66753927 0.66753927
 0.67015707 0.67015707 0.67277487 0.67277487 0.67539267 0.67539267
 0.67801047 0.67801047 0.68062827 0.68062827 0.68324607 0.68324607
 0.68586387 0.68586387 0.68848168 0.68848168 0.69109948 0.69109948
 0.69371728 0.69371728 0.69633508 0.69633508 0.69895288 0.69895288
 0.70157068 0.70157068 0.70418848 0.70418848 0.70680628 0.70680628
 0.70942408 0.70942408 0.71204188 0.71204188 0.71465969 0.71465969
 0.71727749 0.71727749 0.71989529 0.71989529 0.72251309 0.72251309
 0.72513089 0.72513089 0.72774869 0.72774869 0.73036649 0.73036649
 0.73298429 0.73298429 0.73560209 0.73560209 0.7382199  0.7382199
 0.7408377  0.7408377  0.7434555  0.7434555  0.7486911  0.7486911
 0.7513089  0.7513089  0.7539267  0.7539267  0.7565445  0.7565445
 0.7591623  0.7591623  0.7617801  0.7617801  0.76439791 0.76439791
 0.76701571 0.76701571 0.76963351 0.76963351 0.77225131 0.77225131
 0.77486911 0.77486911 0.77748691 0.77748691 0.78534031 0.78534031
 0.79057592 0.79057592 0.79319372 0.79319372 0.79581152 0.79581152
 0.79842932 0.79842932 0.80104712 0.80104712 0.80366492 0.80366492
 0.80890052 0.80890052 0.81151832 0.81151832 0.81413613 0.81413613
 0.81675393 0.81675393 0.82198953 0.82198953 0.82460733 0.82460733
 0.82984293 0.82984293 0.83769634 0.83769634 0.84031414 0.84031414
 0.84293194 0.84293194 0.84554974 0.84554974 0.84816754 0.84816754
 0.85602094 0.85602094 0.85863874 0.85863874 0.86125654 0.86125654
 0.86387435 0.86387435 0.86649215 0.86649215 0.86910995 0.86910995
 0.87172775 0.87172775 0.87434555 0.87434555 0.87696335 0.87696335
 0.87958115 0.87958115 0.88219895 0.88219895 0.88743455 0.88743455
 0.89005236 0.89005236 0.89267016 0.89267016 0.89528796 0.89528796
 0.89790576 0.89790576 0.90052356 0.90052356 0.90314136 0.90314136
 0.90575916 0.90575916 0.90837696 0.90837696 0.91361257 0.91361257
 0.91623037 0.91623037 0.91884817 0.91884817 0.92146597 0.92146597
 0.92408377 0.92408377 0.92670157 0.92670157 0.92931937 0.92931937
 0.93193717 0.93193717 0.93455497 0.93455497 0.93717277 0.93717277
 0.93979058 0.93979058 0.94240838 0.94240838 0.94502618 0.94502618
 0.94764398 0.94764398 0.95026178 0.95026178 0.95287958 0.95287958
 0.95549738 0.95549738 0.95811518 0.95811518 0.96073298 0.96073298
 0.96335079 0.96335079 0.96596859 0.96596859 0.97120419 0.97120419
 0.97382199 0.97382199 0.97382199 0.97382199 0.97643979 0.97643979
 0.97905759 0.97905759 0.98167539 0.98167539 0.98429319 0.98429319
 0.98429319 0.98429319 0.98429319 0.98429319 0.98691099 0.98691099
 0.9895288  0.9895288  0.9921466  0.9921466  0.9921466  0.9921466
 0.9921466  0.9921466  0.9921466  0.9921466  0.9947644  0.9947644
 0.9947644  0.9947644  0.9947644  0.9947644  0.9973822  0.9973822
 1.         1.        ]",0.733954035232286
SVM,class_weighted,0.8446877534468775,0.4666666666666667,0.01832460732984293,0.03526448362720403,"[0.00000000e+00 0.00000000e+00 0.00000000e+00 4.79846449e-04
 4.79846449e-04 1.43953935e-03 1.43953935e-03 1.91938580e-03
 1.91938580e-03 2.87907869e-03 2.87907869e-03 4.79846449e-03
 4.79846449e-03 5.27831094e-03 5.27831094e-03 6.71785029e-03
 6.71785029e-03 7.67754319e-03 7.67754319e-03 8.63723608e-03
 8.63723608e-03 1.05566219e-02 1.05566219e-02 1.29558541e-02
 1.29558541e-02 1.48752399e-02 1.48752399e-02 1.63147793e-02
 1.63147793e-02 1.67946257e-02 1.67946257e-02 1.72744722e-02
 1.72744722e-02 1.77543186e-02 1.77543186e-02 1.87140115e-02
 1.87140115e-02 2.25527831e-02 2.25527831e-02 2.35124760e-02
 2.35124760e-02 2.54318618e-02 2.54318618e-02 2.92706334e-02
 2.92706334e-02 3.26295585e-02 3.26295585e-02 3.31094050e-02
 3.31094050e-02 3.64683301e-02 3.64683301e-02 3.69481766e-02
 3.69481766e-02 3.88675624e-02 3.88675624e-02 5.03838772e-02
 5.03838772e-02 5.13435701e-02 5.13435701e-02 5.27831094e-02
 5.27831094e-02 5.32629559e-02 5.32629559e-02 5.37428023e-02
 5.37428023e-02 5.42226488e-02 5.42226488e-02 5.51823417e-02
 5.51823417e-02 5.56621881e-02 5.56621881e-02 5.61420345e-02
 5.61420345e-02 5.66218810e-02 5.66218810e-02 5.80614203e-02
 5.80614203e-02 5.85412668e-02 5.85412668e-02 5.95009597e-02
 5.95009597e-02 6.23800384e-02 6.23800384e-02 6.28598848e-02
 6.28598848e-02 6.38195777e-02 6.38195777e-02 6.42994242e-02
 6.42994242e-02 6.57389635e-02 6.57389635e-02 6.62188100e-02
 6.62188100e-02 6.76583493e-02 6.76583493e-02 6.81381958e-02
 6.81381958e-02 6.86180422e-02 6.86180422e-02 7.00575816e-02
 7.00575816e-02 7.05374280e-02 7.05374280e-02 7.10172745e-02
 7.10172745e-02 7.19769674e-02 7.19769674e-02 7.24568138e-02
 7.24568138e-02 7.29366603e-02 7.29366603e-02 7.34165067e-02
 7.34165067e-02 7.48560461e-02 7.48560461e-02 7.53358925e-02
 7.53358925e-02 7.58157390e-02 7.58157390e-02 7.82149712e-02
 7.82149712e-02 8.01343570e-02 8.01343570e-02 8.06142035e-02
 8.06142035e-02 8.20537428e-02 8.20537428e-02 8.25335893e-02
 8.25335893e-02 8.34932821e-02 8.34932821e-02 8.44529750e-02
 8.44529750e-02 8.54126679e-02 8.54126679e-02 8.92514395e-02
 8.92514395e-02 9.16506718e-02 9.16506718e-02 9.21305182e-02
 9.21305182e-02 9.35700576e-02 9.35700576e-02 9.59692898e-02
 9.59692898e-02 1.01727447e-01 1.01727447e-01 1.02687140e-01
 1.02687140e-01 1.07485605e-01 1.07485605e-01 1.08445298e-01
 1.08445298e-01 1.11324376e-01 1.11324376e-01 1.12763916e-01
 1.12763916e-01 1.13243762e-01 1.13243762e-01 1.14683301e-01
 1.14683301e-01 1.19961612e-01 1.19961612e-01 1.20441459e-01
 1.20441459e-01 1.20921305e-01 1.20921305e-01 1.21401152e-01
 1.21401152e-01 1.24280230e-01 1.24280230e-01 1.25719770e-01
 1.25719770e-01 1.27159309e-01 1.27159309e-01 1.28598848e-01
 1.28598848e-01 1.30518234e-01 1.30518234e-01 1.31957774e-01
 1.31957774e-01 1.32437620e-01 1.32437620e-01 1.35316699e-01
 1.35316699e-01 1.36756238e-01 1.36756238e-01 1.39155470e-01
 1.39155470e-01 1.40595010e-01 1.40595010e-01 1.43953935e-01
 1.43953935e-01 1.46353167e-01 1.46353167e-01 1.47312860e-01
 1.47312860e-01 1.49712092e-01 1.49712092e-01 1.50191939e-01
 1.50191939e-01 1.50671785e-01 1.50671785e-01 1.51151631e-01
 1.51151631e-01 1.55950096e-01 1.55950096e-01 1.59309021e-01
 1.59309021e-01 1.60748560e-01 1.60748560e-01 1.63627639e-01
 1.63627639e-01 1.64107486e-01 1.64107486e-01 1.64587332e-01
 1.64587332e-01 1.65067179e-01 1.65067179e-01 1.66506718e-01
 1.66506718e-01 1.68426104e-01 1.68426104e-01 1.73224568e-01
 1.73224568e-01 1.74664107e-01 1.74664107e-01 1.75143954e-01
 1.75143954e-01 1.75623800e-01 1.75623800e-01 1.78023033e-01
 1.78023033e-01 1.81861804e-01 1.81861804e-01 1.83301344e-01
 1.83301344e-01 1.85700576e-01 1.85700576e-01 1.86660269e-01
 1.86660269e-01 1.90978887e-01 1.90978887e-01 1.92418426e-01
 1.92418426e-01 1.93857965e-01 1.93857965e-01 1.94817658e-01
 1.94817658e-01 1.98176583e-01 1.98176583e-01 1.99136276e-01
 1.99136276e-01 1.99616123e-01 1.99616123e-01 2.02495202e-01
 2.02495202e-01 2.06333973e-01 2.06333973e-01 2.06813820e-01
 2.06813820e-01 2.09692898e-01 2.09692898e-01 2.10172745e-01
 2.10172745e-01 2.11612284e-01 2.11612284e-01 2.15930902e-01
 2.15930902e-01 2.16890595e-01 2.16890595e-01 2.19289827e-01
 2.19289827e-01 2.29366603e-01 2.29366603e-01 2.30326296e-01
 2.30326296e-01 2.30806142e-01 2.30806142e-01 2.33685221e-01
 2.33685221e-01 2.37523992e-01 2.37523992e-01 2.40882917e-01
 2.40882917e-01 2.42802303e-01 2.42802303e-01 2.43282150e-01
 2.43282150e-01 2.43761996e-01 2.43761996e-01 2.47120921e-01
 2.47120921e-01 2.47600768e-01 2.47600768e-01 2.51439539e-01
 2.51439539e-01 2.53838772e-01 2.53838772e-01 2.54798464e-01
 2.54798464e-01 2.60076775e-01 2.60076775e-01 2.61996161e-01
 2.61996161e-01 2.64395393e-01 2.64395393e-01 2.64875240e-01
 2.64875240e-01 2.68234165e-01 2.68234165e-01 2.70633397e-01
 2.70633397e-01 2.71593090e-01 2.71593090e-01 2.75431862e-01
 2.75431862e-01 2.75911708e-01 2.75911708e-01 2.76391555e-01
 2.76391555e-01 2.82629559e-01 2.82629559e-01 2.83589251e-01
 2.83589251e-01 2.84548944e-01 2.84548944e-01 2.86468330e-01
 2.86468330e-01 2.88867562e-01 2.88867562e-01 2.90786948e-01
 2.90786948e-01 2.91266795e-01 2.91266795e-01 2.92226488e-01
 2.92226488e-01 2.93186180e-01 2.93186180e-01 2.94625720e-01
 2.94625720e-01 2.96065259e-01 2.96065259e-01 2.98464491e-01
 2.98464491e-01 3.01823417e-01 3.01823417e-01 3.03262956e-01
 3.03262956e-01 3.04702495e-01 3.04702495e-01 3.09021113e-01
 3.09021113e-01 3.12380038e-01 3.12380038e-01 3.17658349e-01
 3.17658349e-01 3.21017274e-01 3.21017274e-01 3.21497121e-01
 3.21497121e-01 3.22936660e-01 3.22936660e-01 3.26295585e-01
 3.26295585e-01 3.30134357e-01 3.30134357e-01 3.34452975e-01
 3.34452975e-01 3.35412668e-01 3.35412668e-01 3.35892514e-01
 3.35892514e-01 3.41650672e-01 3.41650672e-01 3.50287908e-01
 3.50287908e-01 3.56525912e-01 3.56525912e-01 3.57485605e-01
 3.57485605e-01 3.58925144e-01 3.58925144e-01 3.62763916e-01
 3.62763916e-01 3.66602687e-01 3.66602687e-01 3.71401152e-01
 3.71401152e-01 3.76679463e-01 3.76679463e-01 3.80518234e-01
 3.80518234e-01 3.81477927e-01 3.81477927e-01 3.84357006e-01
 3.84357006e-01 3.84836852e-01 3.84836852e-01 3.86756238e-01
 3.86756238e-01 3.89155470e-01 3.89155470e-01 3.90115163e-01
 3.90115163e-01 3.90595010e-01 3.90595010e-01 3.92034549e-01
 3.92034549e-01 3.92994242e-01 3.92994242e-01 3.95393474e-01
 3.95393474e-01 3.99712092e-01 3.99712092e-01 4.03071017e-01
 4.03071017e-01 4.04030710e-01 4.04030710e-01 4.17946257e-01
 4.17946257e-01 4.18905950e-01 4.18905950e-01 4.19385797e-01
 4.19385797e-01 4.20345489e-01 4.20345489e-01 4.28502879e-01
 4.28502879e-01 4.32821497e-01 4.32821497e-01 4.36180422e-01
 4.36180422e-01 4.38099808e-01 4.38099808e-01 4.39059501e-01
 4.39059501e-01 4.45297505e-01 4.45297505e-01 4.52015355e-01
 4.52015355e-01 4.54414587e-01 4.54414587e-01 4.59213052e-01
 4.59213052e-01 4.63531670e-01 4.63531670e-01 4.64491363e-01
 4.64491363e-01 4.65451056e-01 4.65451056e-01 4.67850288e-01
 4.67850288e-01 4.68809981e-01 4.68809981e-01 4.73128599e-01
 4.73128599e-01 4.76487524e-01 4.76487524e-01 4.78886756e-01
 4.78886756e-01 4.81285988e-01 4.81285988e-01 4.81765835e-01
 4.81765835e-01 4.82245681e-01 4.82245681e-01 4.85124760e-01
 4.85124760e-01 4.95681382e-01 4.95681382e-01 4.96641075e-01
 4.96641075e-01 5.02399232e-01 5.02399232e-01 5.06238004e-01
 5.06238004e-01 5.07677543e-01 5.07677543e-01 5.08637236e-01
 5.08637236e-01 5.11996161e-01 5.11996161e-01 5.22552783e-01
 5.22552783e-01 5.26391555e-01 5.26391555e-01 5.29750480e-01
 5.29750480e-01 5.31190019e-01 5.31190019e-01 5.31669866e-01
 5.31669866e-01 5.46545106e-01 5.46545106e-01 5.49424184e-01
 5.49424184e-01 5.52303263e-01 5.52303263e-01 5.52783109e-01
 5.52783109e-01 5.57101727e-01 5.57101727e-01 5.69097889e-01
 5.69097889e-01 5.70057582e-01 5.70057582e-01 5.74376200e-01
 5.74376200e-01 5.78214971e-01 5.78214971e-01 5.79174664e-01
 5.79174664e-01 5.80134357e-01 5.80134357e-01 5.88771593e-01
 5.88771593e-01 5.96928983e-01 5.96928983e-01 5.97888676e-01
 5.97888676e-01 6.03166987e-01 6.03166987e-01 6.08445298e-01
 6.08445298e-01 6.09404990e-01 6.09404990e-01 6.10364683e-01
 6.10364683e-01 6.19481766e-01 6.19481766e-01 6.19961612e-01
 6.19961612e-01 6.31957774e-01 6.31957774e-01 6.36756238e-01
 6.36756238e-01 6.46833013e-01 6.46833013e-01 6.49232246e-01
 6.49232246e-01 6.51151631e-01 6.51151631e-01 6.59309021e-01
 6.59309021e-01 6.76103647e-01 6.76103647e-01 6.80422265e-01
 6.80422265e-01 6.82341651e-01 6.82341651e-01 7.06813820e-01
 7.06813820e-01 7.09213052e-01 7.09213052e-01 7.09692898e-01
 7.09692898e-01 7.13531670e-01 7.13531670e-01 7.21209213e-01
 7.21209213e-01 7.25047985e-01 7.25047985e-01 7.27927063e-01
 7.27927063e-01 7.30806142e-01 7.31765835e-01 7.41842610e-01
 7.43282150e-01 7.45201536e-01 7.45201536e-01 7.47600768e-01
 7.47600768e-01 7.59596929e-01 7.59596929e-01 7.61036468e-01
 7.61036468e-01 7.93186180e-01 7.93186180e-01 8.01343570e-01
 8.01343570e-01 8.08061420e-01 8.08061420e-01 8.09021113e-01
 8.09980806e-01 8.12859885e-01 8.12859885e-01 8.27255278e-01
 8.27255278e-01 8.48368522e-01 8.48368522e-01 8.59404990e-01
 8.59404990e-01 8.66122841e-01 8.67082534e-01 8.68042226e-01
 8.68042226e-01 8.75719770e-01 8.76679463e-01 8.84836852e-01
 8.85796545e-01 8.92514395e-01 8.95873321e-01 8.98752399e-01
 8.98752399e-01 9.11228407e-01 9.12667946e-01 9.25143954e-01
 9.25143954e-01 9.47696737e-01 9.47696737e-01 9.74088292e-01
 9.74088292e-01 1.00000000e+00]","[0.         0.0026178  0.0078534  0.0078534  0.0104712  0.0104712
 0.01308901 0.01308901 0.01570681 0.01570681 0.01832461 0.01832461
 0.02094241 0.02094241 0.02879581 0.02879581 0.03141361 0.03141361
 0.03403141 0.03403141 0.03664921 0.03664921 0.03926702 0.03926702
 0.04188482 0.04188482 0.04712042 0.04712042 0.04973822 0.04973822
 0.06020942 0.06020942 0.06544503 0.06544503 0.06806283 0.06806283
 0.07591623 0.07591623 0.07853403 0.07853403 0.08115183 0.08115183
 0.09424084 0.09424084 0.09947644 0.09947644 0.10209424 0.10209424
 0.10732984 0.10732984 0.10994764 0.10994764 0.11256545 0.11256545
 0.11518325 0.11518325 0.11780105 0.11780105 0.12041885 0.12041885
 0.12565445 0.12565445 0.12827225 0.12827225 0.13350785 0.13350785
 0.13612565 0.13612565 0.13874346 0.13874346 0.14921466 0.14921466
 0.15706806 0.15706806 0.16492147 0.16492147 0.16753927 0.16753927
 0.17015707 0.17015707 0.17277487 0.17277487 0.17801047 0.17801047
 0.18324607 0.18324607 0.18586387 0.18586387 0.18848168 0.18848168
 0.19109948 0.19109948 0.19371728 0.19371728 0.19633508 0.19633508
 0.19895288 0.19895288 0.20680628 0.20680628 0.21204188 0.21204188
 0.21465969 0.21465969 0.22251309 0.22251309 0.22513089 0.22513089
 0.23036649 0.23036649 0.23298429 0.23298429 0.2382199  0.2382199
 0.2434555  0.2434555  0.2486911  0.2486911  0.26701571 0.26701571
 0.26963351 0.26963351 0.27225131 0.27225131 0.27486911 0.27486911
 0.27748691 0.27748691 0.28010471 0.28010471 0.28795812 0.28795812
 0.29057592 0.29057592 0.29319372 0.29319372 0.29842932 0.29842932
 0.30104712 0.30104712 0.30628272 0.30628272 0.30890052 0.30890052
 0.31151832 0.31151832 0.31413613 0.31413613 0.31675393 0.31675393
 0.32460733 0.32460733 0.32722513 0.32722513 0.32984293 0.32984293
 0.33246073 0.33246073 0.33507853 0.33507853 0.33769634 0.33769634
 0.34031414 0.34031414 0.34293194 0.34293194 0.34554974 0.34554974
 0.35602094 0.35602094 0.36125654 0.36125654 0.36910995 0.36910995
 0.37172775 0.37172775 0.37434555 0.37434555 0.37696335 0.37696335
 0.37958115 0.37958115 0.38219895 0.38219895 0.38481675 0.38481675
 0.38743455 0.38743455 0.39005236 0.39005236 0.39267016 0.39267016
 0.39528796 0.39528796 0.39790576 0.39790576 0.40052356 0.40052356
 0.40314136 0.40314136 0.40575916 0.40575916 0.40837696 0.40837696
 0.41099476 0.41099476 0.41361257 0.41361257 0.42408377 0.42408377
 0.43193717 0.43193717 0.43455497 0.43455497 0.43717277 0.43717277
 0.43979058 0.43979058 0.44502618 0.44502618 0.44764398 0.44764398
 0.45026178 0.45026178 0.45287958 0.45287958 0.45549738 0.45549738
 0.45811518 0.45811518 0.46073298 0.46073298 0.46596859 0.46596859
 0.46858639 0.46858639 0.47382199 0.47382199 0.47643979 0.47643979
 0.47905759 0.47905759 0.48167539 0.48167539 0.48429319 0.48429319
 0.48691099 0.48691099 0.4895288  0.4895288  0.4921466  0.4921466
 0.4947644  0.4947644  0.4973822  0.4973822  0.5        0.5
 0.5026178  0.5026178  0.5052356  0.5052356  0.5078534  0.5078534
 0.51308901 0.51308901 0.51570681 0.51570681 0.51832461 0.51832461
 0.52356021 0.52356021 0.52617801 0.52617801 0.52879581 0.52879581
 0.53141361 0.53141361 0.53403141 0.53403141 0.53664921 0.53664921
 0.54188482 0.54188482 0.54450262 0.54450262 0.54712042 0.54712042
 0.54973822 0.54973822 0.55759162 0.55759162 0.56282723 0.56282723
 0.56544503 0.56544503 0.56806283 0.56806283 0.57329843 0.57329843
 0.57591623 0.57591623 0.57853403 0.57853403 0.58115183 0.58115183
 0.58376963 0.58376963 0.58638743 0.58638743 0.58900524 0.58900524
 0.59424084 0.59424084 0.59685864 0.59685864 0.59947644 0.59947644
 0.60209424 0.60209424 0.61256545 0.61256545 0.61518325 0.61518325
 0.61780105 0.61780105 0.62041885 0.62041885 0.62303665 0.62303665
 0.62565445 0.62565445 0.62827225 0.62827225 0.63089005 0.63089005
 0.63350785 0.63350785 0.63612565 0.63612565 0.63874346 0.63874346
 0.64136126 0.64136126 0.64659686 0.64659686 0.64921466 0.64921466
 0.65183246 0.65183246 0.65445026 0.65445026 0.65706806 0.65706806
 0.65968586 0.65968586 0.66230366 0.66230366 0.66753927 0.66753927
 0.67015707 0.67015707 0.67277487 0.67277487 0.67801047 0.67801047
 0.68062827 0.68062827 0.68324607 0.68324607 0.68586387 0.68586387
 0.68848168 0.68848168 0.69109948 0.69109948 0.69633508 0.69633508
 0.69895288 0.69895288 0.70157068 0.70157068 0.70418848 0.70418848
 0.70680628 0.70680628 0.70942408 0.70942408 0.71465969 0.71465969
 0.71727749 0.71727749 0.72251309 0.72251309 0.72513089 0.72513089
 0.73036649 0.73036649 0.73298429 0.73298429 0.73560209 0.73560209
 0.7382199  0.7382199  0.7408377  0.7408377  0.7434555  0.7434555
 0.7460733  0.7460733  0.7486911  0.7486911  0.7513089  0.7513089
 0.7565445  0.7565445  0.7591623  0.7591623  0.7617801  0.7617801
 0.76439791 0.76439791 0.76963351 0.76963351 0.77225131 0.77225131
 0.77486911 0.77486911 0.77748691 0.77748691 0.78010471 0.78010471
 0.78272251 0.78272251 0.78534031 0.78534031 0.78795812 0.78795812
 0.79057592 0.79057592 0.79319372 0.79319372 0.79581152 0.79581152
 0.79842932 0.79842932 0.80366492 0.80366492 0.80628272 0.80628272
 0.80890052 0.80890052 0.81151832 0.81151832 0.81413613 0.81413613
 0.81675393 0.81675393 0.81937173 0.81937173 0.82198953 0.82198953
 0.82460733 0.82460733 0.82722513 0.82722513 0.82984293 0.82984293
 0.83246073 0.83246073 0.83507853 0.83507853 0.83769634 0.83769634
 0.84031414 0.84031414 0.84293194 0.84293194 0.84554974 0.84554974
 0.84816754 0.84816754 0.85078534 0.85078534 0.85340314 0.85340314
 0.85602094 0.85602094 0.85863874 0.85863874 0.86125654 0.86125654
 0.86387435 0.86387435 0.86649215 0.86649215 0.86910995 0.86910995
 0.87172775 0.87172775 0.87434555 0.87434555 0.87696335 0.87696335
 0.87958115 0.87958115 0.88219895 0.88219895 0.88481675 0.88481675
 0.88743455 0.88743455 0.89005236 0.89005236 0.89267016 0.89267016
 0.89528796 0.89528796 0.89790576 0.89790576 0.90052356 0.90052356
 0.90314136 0.90314136 0.90575916 0.90575916 0.90837696 0.90837696
 0.91099476 0.91099476 0.91361257 0.91361257 0.91623037 0.91623037
 0.91884817 0.91884817 0.92146597 0.92146597 0.92408377 0.92408377
 0.92670157 0.92670157 0.92931937 0.92931937 0.93193717 0.93193717
 0.93455497 0.93455497 0.93717277 0.93717277 0.93979058 0.93979058
 0.94240838 0.94240838 0.94502618 0.94502618 0.94764398 0.94764398
 0.95026178 0.95026178 0.95287958 0.95287958 0.95549738 0.95549738
 0.95811518 0.95811518 0.95811518 0.95811518 0.95811518 0.95811518
 0.96073298 0.96073298 0.96335079 0.96335079 0.96596859 0.96596859
 0.96858639 0.96858639 0.97120419 0.97120419 0.97382199 0.97382199
 0.97643979 0.97643979 0.97643979 0.97643979 0.97905759 0.97905759
 0.98167539 0.98167539 0.98429319 0.98429319 0.98691099 0.98691099
 0.98691099 0.98691099 0.9895288  0.9895288  0.9895288  0.9895288
 0.9895288  0.9895288  0.9895288  0.9895288  0.9921466  0.9921466
 0.9921466  0.9921466  0.9947644  0.9947644  0.9973822  0.9973822
 1.         1.        ]",0.7351976163439218
LogisticRegression,base,0.8450932684509327,0.5,0.028795811518324606,0.054455445544554455,"[0.         0.         0.00239923 0.00239923 0.00287908 0.00287908
 0.00383877 0.00383877 0.00431862 0.00431862 0.00527831 0.00527831
 0.00575816 0.00575816 0.006238   0.006238   0.00671785 0.00671785
 0.0071977  0.0071977  0.00815739 0.00815739 0.01055662 0.01055662
 0.01103647 0.01103647 0.01199616 0.01199616 0.01487524 0.01487524
 0.01679463 0.01679463 0.01919386 0.01919386 0.0196737  0.0196737
 0.0206334  0.0206334  0.02303263 0.02303263 0.02399232 0.02399232
 0.02495202 0.02495202 0.02543186 0.02543186 0.0268714  0.0268714
 0.02783109 0.02783109 0.02831094 0.02831094 0.03071017 0.03071017
 0.03262956 0.03262956 0.0340691  0.0340691  0.03598848 0.03598848
 0.03886756 0.03886756 0.03934741 0.03934741 0.04510557 0.04510557
 0.04606526 0.04606526 0.04942418 0.04942418 0.04990403 0.04990403
 0.05086372 0.05086372 0.05326296 0.05326296 0.05422265 0.05422265
 0.05518234 0.05518234 0.05566219 0.05566219 0.05662188 0.05662188
 0.05854127 0.05854127 0.05902111 0.05902111 0.06142035 0.06142035
 0.06190019 0.06190019 0.06238004 0.06238004 0.06429942 0.06429942
 0.06477927 0.06477927 0.06573896 0.06573896 0.06765835 0.06765835
 0.06909789 0.06909789 0.07101727 0.07101727 0.07149712 0.07149712
 0.07341651 0.07341651 0.07389635 0.07389635 0.07629559 0.07629559
 0.07869482 0.07869482 0.08013436 0.08013436 0.08109405 0.08109405
 0.08205374 0.08205374 0.08253359 0.08253359 0.08397313 0.08397313
 0.08445298 0.08445298 0.08493282 0.08493282 0.08589251 0.08589251
 0.09069098 0.09069098 0.09596929 0.09596929 0.09644914 0.09644914
 0.09740883 0.09740883 0.10076775 0.10076775 0.10316699 0.10316699
 0.10460653 0.10460653 0.10508637 0.10508637 0.10556622 0.10556622
 0.11084453 0.11084453 0.1146833  0.1146833  0.11612284 0.11612284
 0.11804223 0.11804223 0.11900192 0.11900192 0.11948177 0.11948177
 0.12092131 0.12092131 0.12140115 0.12140115 0.12236084 0.12236084
 0.12523992 0.12523992 0.12667946 0.12667946 0.12955854 0.12955854
 0.13003839 0.13003839 0.13291747 0.13291747 0.13339731 0.13339731
 0.13627639 0.13627639 0.13723608 0.13723608 0.13867562 0.13867562
 0.14011516 0.14011516 0.1415547  0.1415547  0.14395393 0.14395393
 0.14491363 0.14491363 0.15067179 0.15067179 0.15115163 0.15115163
 0.15163148 0.15163148 0.15547025 0.15547025 0.15642994 0.15642994
 0.15738964 0.15738964 0.15930902 0.15930902 0.16170825 0.16170825
 0.16266795 0.16266795 0.16314779 0.16314779 0.16410749 0.16410749
 0.16458733 0.16458733 0.16746641 0.16746641 0.16890595 0.16890595
 0.17082534 0.17082534 0.17322457 0.17322457 0.17370441 0.17370441
 0.17898273 0.17898273 0.17946257 0.17946257 0.18042226 0.18042226
 0.1818618  0.1818618  0.18234165 0.18234165 0.1890595  0.1890595
 0.18953935 0.18953935 0.19001919 0.19001919 0.19097889 0.19097889
 0.19385797 0.19385797 0.1962572  0.1962572  0.19721689 0.19721689
 0.20057582 0.20057582 0.20345489 0.20345489 0.20729367 0.20729367
 0.21257198 0.21257198 0.2168906  0.2168906  0.21928983 0.21928983
 0.21976967 0.21976967 0.22024952 0.22024952 0.2231286  0.2231286
 0.22456814 0.22456814 0.22552783 0.22552783 0.22600768 0.22600768
 0.23272553 0.23272553 0.23896353 0.23896353 0.23992322 0.23992322
 0.24088292 0.24088292 0.24232246 0.24232246 0.24760077 0.24760077
 0.25335893 0.25335893 0.2571977  0.2571977  0.25911708 0.25911708
 0.26487524 0.26487524 0.27495202 0.27495202 0.27591171 0.27591171
 0.27831094 0.27831094 0.27975048 0.27975048 0.28214971 0.28214971
 0.28502879 0.28502879 0.28598848 0.28598848 0.28694818 0.28694818
 0.28886756 0.28886756 0.2903071  0.2903071  0.29174664 0.29174664
 0.29222649 0.29222649 0.29270633 0.29270633 0.29606526 0.29606526
 0.29702495 0.29702495 0.29846449 0.29846449 0.29894434 0.29894434
 0.30278311 0.30278311 0.30326296 0.30326296 0.30998081 0.30998081
 0.31046065 0.31046065 0.31190019 0.31190019 0.31333973 0.31333973
 0.31573896 0.31573896 0.32341651 0.32341651 0.32581574 0.32581574
 0.32773512 0.32773512 0.32821497 0.32821497 0.3315739  0.3315739
 0.33253359 0.33253359 0.33397313 0.33397313 0.33541267 0.33541267
 0.33589251 0.33589251 0.34836852 0.34836852 0.34884837 0.34884837
 0.35796545 0.35796545 0.36324376 0.36324376 0.36516315 0.36516315
 0.37428023 0.37428023 0.37476008 0.37476008 0.37955854 0.37955854
 0.38723608 0.38723608 0.38771593 0.38771593 0.39347409 0.39347409
 0.39971209 0.39971209 0.40163148 0.40163148 0.4059501  0.4059501
 0.40786948 0.40786948 0.41074856 0.41074856 0.41458733 0.41458733
 0.42226488 0.42226488 0.4256238  0.4256238  0.42754319 0.42754319
 0.43042226 0.43042226 0.43522073 0.43522073 0.43618042 0.43618042
 0.44241843 0.44241843 0.44673704 0.44673704 0.44721689 0.44721689
 0.44817658 0.44817658 0.45681382 0.45681382 0.46257198 0.46257198
 0.47072937 0.47072937 0.47264875 0.47264875 0.49088292 0.49088292
 0.49616123 0.49616123 0.49664107 0.49664107 0.49712092 0.49712092
 0.49904031 0.49904031 0.50143954 0.50143954 0.50815739 0.50815739
 0.51103647 0.51103647 0.51391555 0.51391555 0.51823417 0.51823417
 0.5206334  0.5206334  0.52159309 0.52159309 0.52255278 0.52255278
 0.52639155 0.52639155 0.53550864 0.53550864 0.54414587 0.54414587
 0.54942418 0.54942418 0.55566219 0.55566219 0.55710173 0.55710173
 0.56381958 0.56381958 0.56429942 0.56429942 0.57053743 0.57053743
 0.57149712 0.57149712 0.57197697 0.57197697 0.57245681 0.57245681
 0.57293666 0.57293666 0.58397313 0.58397313 0.58445298 0.58445298
 0.60220729 0.60220729 0.60652591 0.60652591 0.61516315 0.61516315
 0.63483685 0.63483685 0.63771593 0.63771593 0.6415547  0.6415547
 0.65067179 0.65067179 0.65355086 0.65355086 0.65786948 0.65786948
 0.67418426 0.67418426 0.67754319 0.67754319 0.68090211 0.68090211
 0.6818618  0.6818618  0.69097889 0.69097889 0.69913628 0.69913628
 0.70873321 0.70873321 0.71161228 0.71161228 0.72408829 0.72408829
 0.73128599 0.73128599 0.73224568 0.73224568 0.73320537 0.73320537
 0.73800384 0.73800384 0.74520154 0.74520154 0.75479846 0.75479846
 0.75671785 0.75671785 0.77831094 0.77831094 0.78454894 0.78454894
 0.79174664 0.79174664 0.80662188 0.80662188 0.82005758 0.82005758
 0.82101727 0.82101727 0.82389635 0.82389635 0.82869482 0.82869482
 0.83205374 0.83205374 0.85508637 0.85508637 0.86132438 0.86132438
 0.87667946 0.87667946 0.87859885 0.87859885 0.88435701 0.88435701
 0.89779271 0.89779271 0.9184261  0.9184261  0.93522073 0.93522073
 0.94865643 0.95009597 0.95297505 0.95393474 0.97024952 0.97120921
 0.97264875 0.97360845 0.97696737 0.98080614 0.98176583 0.98704415
 0.98800384 0.98944338 0.99088292 1.        ]","[0.         0.0026178  0.0026178  0.0078534  0.0078534  0.0104712
 0.0104712  0.01308901 0.01308901 0.01570681 0.01570681 0.02879581
 0.02879581 0.03141361 0.03141361 0.04188482 0.04188482 0.04450262
 0.04450262 0.04712042 0.04712042 0.05759162 0.05759162 0.06020942
 0.06020942 0.06282723 0.06282723 0.06544503 0.06544503 0.06806283
 0.06806283 0.07068063 0.07068063 0.08900524 0.08900524 0.09162304
 0.09162304 0.10209424 0.10209424 0.10471204 0.10471204 0.10732984
 0.10732984 0.10994764 0.10994764 0.11256545 0.11256545 0.12565445
 0.12565445 0.13350785 0.13350785 0.13874346 0.13874346 0.14921466
 0.14921466 0.15183246 0.15183246 0.15445026 0.15445026 0.15706806
 0.15706806 0.15968586 0.15968586 0.16492147 0.16492147 0.16753927
 0.16753927 0.17015707 0.17015707 0.18062827 0.18062827 0.18324607
 0.18324607 0.18586387 0.18586387 0.18848168 0.18848168 0.19371728
 0.19371728 0.19633508 0.19633508 0.19895288 0.19895288 0.20418848
 0.20418848 0.20942408 0.20942408 0.21204188 0.21204188 0.21465969
 0.21465969 0.21727749 0.21727749 0.21989529 0.21989529 0.22251309
 0.22251309 0.22513089 0.22513089 0.22774869 0.22774869 0.23298429
 0.23298429 0.23560209 0.23560209 0.2408377  0.2408377  0.2434555
 0.2434555  0.2460733  0.2460733  0.2486911  0.2486911  0.2513089
 0.2513089  0.2539267  0.2539267  0.2617801  0.2617801  0.26439791
 0.26439791 0.26701571 0.26701571 0.26963351 0.26963351 0.27225131
 0.27225131 0.27486911 0.27486911 0.27748691 0.27748691 0.28010471
 0.28010471 0.28272251 0.28272251 0.28534031 0.28534031 0.29057592
 0.29057592 0.29319372 0.29319372 0.29581152 0.29581152 0.30104712
 0.30104712 0.30366492 0.30366492 0.30890052 0.30890052 0.31151832
 0.31151832 0.31675393 0.31675393 0.32722513 0.32722513 0.32984293
 0.32984293 0.33246073 0.33246073 0.33507853 0.33507853 0.33769634
 0.33769634 0.34031414 0.34031414 0.34293194 0.34293194 0.34816754
 0.34816754 0.35078534 0.35078534 0.35340314 0.35340314 0.35602094
 0.35602094 0.35863874 0.35863874 0.36649215 0.36649215 0.36910995
 0.36910995 0.37434555 0.37434555 0.37696335 0.37696335 0.37958115
 0.37958115 0.38219895 0.38219895 0.38481675 0.38481675 0.38743455
 0.38743455 0.39005236 0.39005236 0.39267016 0.39267016 0.39528796
 0.39528796 0.40052356 0.40052356 0.40314136 0.40314136 0.40837696
 0.40837696 0.41361257 0.41361257 0.41884817 0.41884817 0.42146597
 0.42146597 0.42670157 0.42670157 0.42931937 0.42931937 0.43193717
 0.43193717 0.43455497 0.43455497 0.43717277 0.43717277 0.43979058
 0.43979058 0.44240838 0.44240838 0.44502618 0.44502618 0.44764398
 0.44764398 0.45026178 0.45026178 0.45287958 0.45287958 0.45549738
 0.45549738 0.45811518 0.45811518 0.46073298 0.46073298 0.46596859
 0.46596859 0.46858639 0.46858639 0.47382199 0.47382199 0.47905759
 0.47905759 0.4921466  0.4921466  0.4973822  0.4973822  0.5
 0.5        0.5026178  0.5026178  0.5052356  0.5052356  0.5078534
 0.5078534  0.5104712  0.5104712  0.51308901 0.51308901 0.51570681
 0.51570681 0.51832461 0.51832461 0.52356021 0.52356021 0.52617801
 0.52617801 0.52879581 0.52879581 0.53141361 0.53141361 0.53403141
 0.53403141 0.53664921 0.53664921 0.53926702 0.53926702 0.54712042
 0.54712042 0.54973822 0.54973822 0.55497382 0.55497382 0.56282723
 0.56282723 0.56544503 0.56544503 0.57591623 0.57591623 0.58115183
 0.58115183 0.58376963 0.58376963 0.58638743 0.58638743 0.58900524
 0.58900524 0.59424084 0.59424084 0.59685864 0.59685864 0.60209424
 0.60209424 0.60471204 0.60471204 0.60732984 0.60732984 0.60994764
 0.60994764 0.61256545 0.61256545 0.61518325 0.61518325 0.61780105
 0.61780105 0.62041885 0.62041885 0.62303665 0.62303665 0.62565445
 0.62565445 0.63350785 0.63350785 0.63874346 0.63874346 0.64136126
 0.64136126 0.64921466 0.64921466 0.65183246 0.65183246 0.65445026
 0.65445026 0.65706806 0.65706806 0.65968586 0.65968586 0.66230366
 0.66230366 0.66492147 0.66492147 0.66753927 0.66753927 0.67015707
 0.67015707 0.67277487 0.67277487 0.67539267 0.67539267 0.68062827
 0.68062827 0.68324607 0.68324607 0.68848168 0.68848168 0.69109948
 0.69109948 0.69371728 0.69371728 0.69633508 0.69633508 0.69895288
 0.69895288 0.70157068 0.70157068 0.70418848 0.70418848 0.70680628
 0.70680628 0.71204188 0.71204188 0.71465969 0.71465969 0.71727749
 0.71727749 0.71989529 0.71989529 0.72251309 0.72251309 0.72513089
 0.72513089 0.72774869 0.72774869 0.73036649 0.73036649 0.73298429
 0.73298429 0.73560209 0.73560209 0.7408377  0.7408377  0.7434555
 0.7434555  0.7486911  0.7486911  0.7513089  0.7513089  0.7539267
 0.7539267  0.7565445  0.7565445  0.7591623  0.7591623  0.76701571
 0.76701571 0.76963351 0.76963351 0.77225131 0.77225131 0.77486911
 0.77486911 0.77748691 0.77748691 0.78010471 0.78010471 0.78272251
 0.78272251 0.78534031 0.78534031 0.79057592 0.79057592 0.79319372
 0.79319372 0.79581152 0.79581152 0.79842932 0.79842932 0.80104712
 0.80104712 0.80366492 0.80366492 0.80628272 0.80628272 0.80890052
 0.80890052 0.81151832 0.81151832 0.81413613 0.81413613 0.81937173
 0.81937173 0.82460733 0.82460733 0.82722513 0.82722513 0.83246073
 0.83246073 0.83507853 0.83507853 0.83769634 0.83769634 0.84031414
 0.84031414 0.84293194 0.84293194 0.84554974 0.84554974 0.84816754
 0.84816754 0.85078534 0.85078534 0.85602094 0.85602094 0.85863874
 0.85863874 0.86125654 0.86125654 0.86387435 0.86387435 0.86649215
 0.86649215 0.86910995 0.86910995 0.87172775 0.87172775 0.87696335
 0.87696335 0.87958115 0.87958115 0.88219895 0.88219895 0.88481675
 0.88481675 0.89005236 0.89005236 0.89528796 0.89528796 0.89790576
 0.89790576 0.90052356 0.90052356 0.90575916 0.90575916 0.90837696
 0.90837696 0.91361257 0.91361257 0.91623037 0.91623037 0.91884817
 0.91884817 0.92146597 0.92146597 0.92408377 0.92408377 0.92670157
 0.92670157 0.92931937 0.92931937 0.93193717 0.93193717 0.93717277
 0.93717277 0.93979058 0.93979058 0.94240838 0.94240838 0.94502618
 0.94502618 0.94764398 0.94764398 0.95026178 0.95026178 0.95287958
 0.95287958 0.95549738 0.95549738 0.95811518 0.95811518 0.96073298
 0.96073298 0.96335079 0.96335079 0.96596859 0.96596859 0.96858639
 0.96858639 0.97120419 0.97120419 0.97382199 0.97382199 0.97643979
 0.97643979 0.97905759 0.97905759 0.98167539 0.98167539 0.98429319
 0.98429319 0.98691099 0.98691099 0.9895288  0.9895288  0.9921466
 0.9921466  0.9947644  0.9947644  0.9973822  0.9973822  1.
 1.         1.         1.         1.         1.         1.
 1.         1.         1.         1.         1.         1.
 1.         1.         1.         1.        ]",0.7263141763222156
LogisticRegression,oversampling,0.6289537712895377,0.2534690101757632,0.7172774869109948,0.3745727956254272,"[0.         0.         0.00191939 0.00191939 0.00239923 0.00239923
 0.00287908 0.00287908 0.00527831 0.00527831 0.00575816 0.00575816
 0.006238   0.006238   0.0071977  0.0071977  0.00815739 0.00815739
 0.00959693 0.00959693 0.01055662 0.01055662 0.01199616 0.01199616
 0.01247601 0.01247601 0.01391555 0.01391555 0.01439539 0.01439539
 0.01583493 0.01583493 0.01679463 0.01679463 0.01823417 0.01823417
 0.01871401 0.01871401 0.02159309 0.02159309 0.02207294 0.02207294
 0.02399232 0.02399232 0.02447217 0.02447217 0.02639155 0.02639155
 0.02927063 0.02927063 0.03166987 0.03166987 0.03214971 0.03214971
 0.0331094  0.0331094  0.03358925 0.03358925 0.0340691  0.0340691
 0.03502879 0.03502879 0.03550864 0.03550864 0.03886756 0.03886756
 0.0403071  0.0403071  0.04126679 0.04126679 0.04366603 0.04366603
 0.04414587 0.04414587 0.04462572 0.04462572 0.04702495 0.04702495
 0.04798464 0.04798464 0.04894434 0.04894434 0.05422265 0.05422265
 0.0547025  0.0547025  0.05614203 0.05614203 0.05662188 0.05662188
 0.05710173 0.05710173 0.05854127 0.05854127 0.06238004 0.06238004
 0.06909789 0.06909789 0.07149712 0.07149712 0.07293666 0.07293666
 0.07485605 0.07485605 0.07533589 0.07533589 0.07725528 0.07725528
 0.07917466 0.07917466 0.07965451 0.07965451 0.0806142  0.0806142
 0.08109405 0.08109405 0.08349328 0.08349328 0.08589251 0.08589251
 0.08637236 0.08637236 0.08829175 0.08829175 0.09069098 0.09069098
 0.0950096  0.0950096  0.09644914 0.09644914 0.09932821 0.09932821
 0.10076775 0.10076775 0.1012476  0.1012476  0.10268714 0.10268714
 0.10316699 0.10316699 0.10364683 0.10364683 0.10412668 0.10412668
 0.1084453  0.1084453  0.11036468 0.11036468 0.11228407 0.11228407
 0.11276392 0.11276392 0.11324376 0.11324376 0.11372361 0.11372361
 0.1146833  0.1146833  0.11516315 0.11516315 0.11564299 0.11564299
 0.11612284 0.11612284 0.11660269 0.11660269 0.11804223 0.11804223
 0.11852207 0.11852207 0.11900192 0.11900192 0.121881   0.121881
 0.12284069 0.12284069 0.12667946 0.12667946 0.12859885 0.12859885
 0.13003839 0.13003839 0.13435701 0.13435701 0.13723608 0.13723608
 0.13771593 0.13771593 0.1415547  0.1415547  0.14299424 0.14299424
 0.14395393 0.14395393 0.14443378 0.14443378 0.14491363 0.14491363
 0.14587332 0.14587332 0.15834933 0.15834933 0.16410749 0.16410749
 0.16698656 0.16698656 0.16890595 0.16890595 0.17178503 0.17178503
 0.17322457 0.17322457 0.17466411 0.17466411 0.17706334 0.17706334
 0.17802303 0.17802303 0.17898273 0.17898273 0.18090211 0.18090211
 0.18138196 0.18138196 0.1818618  0.1818618  0.1828215  0.1828215
 0.18330134 0.18330134 0.18426104 0.18426104 0.18474088 0.18474088
 0.18522073 0.18522073 0.18618042 0.18618042 0.19001919 0.19001919
 0.19097889 0.19097889 0.1962572  0.1962572  0.19769674 0.19769674
 0.19817658 0.19817658 0.19865643 0.19865643 0.19913628 0.19913628
 0.19961612 0.19961612 0.20537428 0.20537428 0.20633397 0.20633397
 0.20777351 0.20777351 0.21305182 0.21305182 0.21353167 0.21353167
 0.22264875 0.22264875 0.22408829 0.22408829 0.22552783 0.22552783
 0.22888676 0.22888676 0.23080614 0.23080614 0.23320537 0.23320537
 0.23416507 0.23416507 0.23560461 0.23560461 0.2365643  0.2365643
 0.23992322 0.23992322 0.24328215 0.24328215 0.24616123 0.24616123
 0.24664107 0.24664107 0.24712092 0.24712092 0.24952015 0.24952015
 0.25095969 0.25095969 0.25191939 0.25191939 0.25335893 0.25335893
 0.25911708 0.25911708 0.26391555 0.26391555 0.26535509 0.26535509
 0.2706334  0.2706334  0.27399232 0.27399232 0.27639155 0.27639155
 0.27831094 0.27831094 0.27975048 0.27975048 0.28358925 0.28358925
 0.28502879 0.28502879 0.28598848 0.28598848 0.28886756 0.28886756
 0.28934741 0.28934741 0.2903071  0.2903071  0.29126679 0.29126679
 0.29270633 0.29270633 0.29798464 0.29798464 0.29894434 0.29894434
 0.29990403 0.29990403 0.30278311 0.30278311 0.30950096 0.30950096
 0.31381958 0.31381958 0.32149712 0.32149712 0.3243762  0.3243762
 0.32485605 0.32485605 0.33013436 0.33013436 0.3306142  0.3306142
 0.33445298 0.33445298 0.34021113 0.34021113 0.34069098 0.34069098
 0.34692898 0.34692898 0.35604607 0.35604607 0.3574856  0.3574856
 0.35892514 0.35892514 0.37140115 0.37140115 0.37284069 0.37284069
 0.37428023 0.37428023 0.38243762 0.38243762 0.38291747 0.38291747
 0.38435701 0.38435701 0.38579655 0.38579655 0.38819578 0.38819578
 0.38963532 0.38963532 0.39107486 0.39107486 0.39347409 0.39347409
 0.39443378 0.39443378 0.39491363 0.39491363 0.39971209 0.39971209
 0.41266795 0.41266795 0.41650672 0.41650672 0.41890595 0.41890595
 0.4193858  0.4193858  0.42994242 0.42994242 0.43138196 0.43138196
 0.4328215  0.4328215  0.43330134 0.43330134 0.4462572  0.4462572
 0.44673704 0.44673704 0.44865643 0.44865643 0.4524952  0.4524952
 0.45681382 0.45681382 0.45921305 0.45921305 0.46497121 0.46497121
 0.46976967 0.46976967 0.47360845 0.47360845 0.47840691 0.47840691
 0.47888676 0.47888676 0.48560461 0.48560461 0.4865643  0.4865643
 0.49664107 0.49664107 0.49712092 0.49712092 0.49760077 0.49760077
 0.50095969 0.50095969 0.50239923 0.50239923 0.50431862 0.50431862
 0.50479846 0.50479846 0.51103647 0.51103647 0.51919386 0.51919386
 0.52015355 0.52015355 0.52303263 0.52303263 0.52591171 0.52591171
 0.53934741 0.53934741 0.54990403 0.54990403 0.55422265 0.55422265
 0.55710173 0.55710173 0.5609405  0.5609405  0.56909789 0.56909789
 0.57101727 0.57101727 0.57533589 0.57533589 0.57581574 0.57581574
 0.57917466 0.57917466 0.58301344 0.58301344 0.59069098 0.59069098
 0.59165067 0.59165067 0.59213052 0.59213052 0.59596929 0.59596929
 0.60940499 0.60940499 0.61420345 0.61420345 0.61804223 0.61804223
 0.62284069 0.62284069 0.62667946 0.62667946 0.62859885 0.62859885
 0.63723608 0.63723608 0.64395393 0.64395393 0.64443378 0.64443378
 0.64587332 0.64587332 0.64683301 0.64683301 0.66026871 0.66026871
 0.66746641 0.66746641 0.67850288 0.67850288 0.6828215  0.6828215
 0.68522073 0.68522073 0.68570058 0.68570058 0.6962572  0.6962572
 0.70393474 0.70393474 0.70537428 0.70537428 0.71017274 0.71017274
 0.71928983 0.71928983 0.72984645 0.72984645 0.7365643  0.7365643
 0.74712092 0.74712092 0.75191939 0.75191939 0.78119002 0.78119002
 0.78502879 0.78502879 0.78838772 0.78838772 0.80134357 0.80134357
 0.81238004 0.81238004 0.81861804 0.81861804 0.81909789 0.81909789
 0.82149712 0.82149712 0.82389635 0.82389635 0.83973129 0.83973129
 0.87092131 0.87092131 0.87284069 0.87284069 0.87428023 0.87428023
 0.87907869 0.87907869 0.88291747 0.88291747 0.90019194 0.90019194
 0.91746641 0.91746641 0.93522073 0.93522073 0.95009597 0.95105566
 0.9524952  0.95393474 0.96976967 0.97072937 0.97120921 0.97216891
 0.97456814 0.97792706 0.98176583 0.98272553 0.98560461 0.9865643
 0.98992322 0.99136276 1.        ]","[0.         0.0026178  0.0026178  0.0078534  0.0078534  0.0104712
 0.0104712  0.01308901 0.01308901 0.01570681 0.01570681 0.02356021
 0.02356021 0.02617801 0.02617801 0.03403141 0.03403141 0.04188482
 0.04188482 0.04712042 0.04712042 0.05235602 0.05235602 0.07068063
 0.07068063 0.07329843 0.07329843 0.07591623 0.07591623 0.07853403
 0.07853403 0.08115183 0.08115183 0.08376963 0.08376963 0.08638743
 0.08638743 0.09162304 0.09162304 0.10209424 0.10209424 0.10471204
 0.10471204 0.10994764 0.10994764 0.11518325 0.11518325 0.11780105
 0.11780105 0.12565445 0.12565445 0.12827225 0.12827225 0.13612565
 0.13612565 0.14397906 0.14397906 0.15183246 0.15183246 0.15968586
 0.15968586 0.16230366 0.16230366 0.16753927 0.16753927 0.17015707
 0.17015707 0.17277487 0.17277487 0.17539267 0.17539267 0.17801047
 0.17801047 0.18848168 0.18848168 0.19371728 0.19371728 0.20157068
 0.20157068 0.20418848 0.20418848 0.20680628 0.20680628 0.21204188
 0.21204188 0.21465969 0.21465969 0.21727749 0.21727749 0.21989529
 0.21989529 0.22251309 0.22251309 0.22513089 0.22513089 0.23298429
 0.23298429 0.23560209 0.23560209 0.2382199  0.2382199  0.2434555
 0.2434555  0.2539267  0.2539267  0.2565445  0.2565445  0.2617801
 0.2617801  0.26439791 0.26439791 0.26701571 0.26701571 0.26963351
 0.26963351 0.27225131 0.27225131 0.27486911 0.27486911 0.28010471
 0.28010471 0.28272251 0.28272251 0.28534031 0.28534031 0.29319372
 0.29319372 0.29581152 0.29581152 0.29842932 0.29842932 0.30366492
 0.30366492 0.30628272 0.30628272 0.30890052 0.30890052 0.31151832
 0.31151832 0.31413613 0.31413613 0.31937173 0.31937173 0.32198953
 0.32198953 0.32460733 0.32460733 0.32722513 0.32722513 0.33246073
 0.33246073 0.33507853 0.33507853 0.34031414 0.34031414 0.34554974
 0.34554974 0.35078534 0.35078534 0.35340314 0.35340314 0.35863874
 0.35863874 0.36125654 0.36125654 0.36387435 0.36387435 0.36649215
 0.36649215 0.36910995 0.36910995 0.37172775 0.37172775 0.37696335
 0.37696335 0.37958115 0.37958115 0.38219895 0.38219895 0.38743455
 0.38743455 0.39005236 0.39005236 0.39267016 0.39267016 0.39528796
 0.39528796 0.39790576 0.39790576 0.40052356 0.40052356 0.40314136
 0.40314136 0.40837696 0.40837696 0.41099476 0.41099476 0.41361257
 0.41361257 0.41623037 0.41623037 0.41884817 0.41884817 0.42146597
 0.42146597 0.42408377 0.42408377 0.42670157 0.42670157 0.42931937
 0.42931937 0.43193717 0.43193717 0.43717277 0.43717277 0.43979058
 0.43979058 0.44240838 0.44240838 0.44502618 0.44502618 0.45026178
 0.45026178 0.45287958 0.45287958 0.45549738 0.45549738 0.45811518
 0.45811518 0.46335079 0.46335079 0.46858639 0.46858639 0.47120419
 0.47120419 0.47382199 0.47382199 0.47643979 0.47643979 0.48429319
 0.48429319 0.48691099 0.48691099 0.4921466  0.4921466  0.4947644
 0.4947644  0.4973822  0.4973822  0.5        0.5        0.5052356
 0.5052356  0.5078534  0.5078534  0.51308901 0.51308901 0.51570681
 0.51570681 0.51832461 0.51832461 0.52094241 0.52094241 0.52356021
 0.52356021 0.52617801 0.52617801 0.52879581 0.52879581 0.53141361
 0.53141361 0.53403141 0.53403141 0.53664921 0.53664921 0.53926702
 0.53926702 0.54188482 0.54188482 0.54450262 0.54450262 0.54712042
 0.54712042 0.55235602 0.55235602 0.55497382 0.55497382 0.55759162
 0.55759162 0.56020942 0.56020942 0.56282723 0.56282723 0.56544503
 0.56544503 0.56806283 0.56806283 0.57068063 0.57068063 0.57329843
 0.57329843 0.57591623 0.57591623 0.58376963 0.58376963 0.58900524
 0.58900524 0.59162304 0.59162304 0.59685864 0.59685864 0.59947644
 0.59947644 0.60209424 0.60209424 0.60471204 0.60471204 0.60732984
 0.60732984 0.60994764 0.60994764 0.61256545 0.61256545 0.61518325
 0.61518325 0.61780105 0.61780105 0.62303665 0.62303665 0.62565445
 0.62565445 0.63089005 0.63089005 0.63612565 0.63612565 0.63874346
 0.63874346 0.64397906 0.64397906 0.64659686 0.64659686 0.65183246
 0.65183246 0.65706806 0.65706806 0.65968586 0.65968586 0.66230366
 0.66230366 0.66492147 0.66492147 0.66753927 0.66753927 0.67015707
 0.67015707 0.67539267 0.67539267 0.67801047 0.67801047 0.68324607
 0.68324607 0.68586387 0.68586387 0.68848168 0.68848168 0.69109948
 0.69109948 0.69371728 0.69371728 0.69895288 0.69895288 0.70157068
 0.70157068 0.70418848 0.70418848 0.70680628 0.70680628 0.70942408
 0.70942408 0.71204188 0.71204188 0.71727749 0.71727749 0.71989529
 0.71989529 0.72251309 0.72251309 0.72513089 0.72513089 0.72774869
 0.72774869 0.73036649 0.73036649 0.73560209 0.73560209 0.7382199
 0.7382199  0.7408377  0.7408377  0.7434555  0.7434555  0.7460733
 0.7460733  0.7486911  0.7486911  0.7513089  0.7513089  0.7539267
 0.7539267  0.7565445  0.7565445  0.7591623  0.7591623  0.7617801
 0.7617801  0.76439791 0.76439791 0.76701571 0.76701571 0.76963351
 0.76963351 0.77225131 0.77225131 0.77748691 0.77748691 0.78010471
 0.78010471 0.78272251 0.78272251 0.78534031 0.78534031 0.79057592
 0.79057592 0.79581152 0.79581152 0.79842932 0.79842932 0.80104712
 0.80104712 0.80366492 0.80366492 0.80628272 0.80628272 0.80890052
 0.80890052 0.81151832 0.81151832 0.81413613 0.81413613 0.81675393
 0.81675393 0.82198953 0.82198953 0.82460733 0.82460733 0.82722513
 0.82722513 0.82984293 0.82984293 0.83507853 0.83507853 0.83769634
 0.83769634 0.84031414 0.84031414 0.84293194 0.84293194 0.84554974
 0.84554974 0.84816754 0.84816754 0.85078534 0.85078534 0.85340314
 0.85340314 0.85602094 0.85602094 0.85863874 0.85863874 0.86125654
 0.86125654 0.86387435 0.86387435 0.86649215 0.86649215 0.86910995
 0.86910995 0.87172775 0.87172775 0.87696335 0.87696335 0.87958115
 0.87958115 0.88219895 0.88219895 0.88481675 0.88481675 0.88743455
 0.88743455 0.89005236 0.89005236 0.89267016 0.89267016 0.89528796
 0.89528796 0.89790576 0.89790576 0.90052356 0.90052356 0.90314136
 0.90314136 0.90575916 0.90575916 0.90837696 0.90837696 0.91099476
 0.91099476 0.91623037 0.91623037 0.91884817 0.91884817 0.92146597
 0.92146597 0.92408377 0.92408377 0.92670157 0.92670157 0.93193717
 0.93193717 0.93455497 0.93455497 0.93717277 0.93717277 0.93979058
 0.93979058 0.94240838 0.94240838 0.94502618 0.94502618 0.94764398
 0.94764398 0.95026178 0.95026178 0.95287958 0.95287958 0.95549738
 0.95549738 0.95811518 0.95811518 0.96073298 0.96073298 0.96335079
 0.96335079 0.96596859 0.96596859 0.96858639 0.96858639 0.97120419
 0.97120419 0.97382199 0.97382199 0.97643979 0.97643979 0.97905759
 0.97905759 0.98167539 0.98167539 0.98429319 0.98429319 0.98691099
 0.98691099 0.9895288  0.9895288  0.9921466  0.9921466  0.9947644
 0.9947644  0.9973822  0.9973822  1.         1.         1.
 1.         1.         1.         1.         1.         1.
 1.         1.         1.         1.         1.         1.
 1.         1.         1.        ]",0.7282586849695009
LogisticRegression,undersampling,0.615977291159773,0.24933451641526175,0.7356020942408377,0.3724320742213386,"[0.         0.         0.00239923 0.00239923 0.00335893 0.00335893
 0.00383877 0.00383877 0.00479846 0.00479846 0.00527831 0.00527831
 0.00575816 0.00575816 0.00767754 0.00767754 0.00911708 0.00911708
 0.00959693 0.00959693 0.01055662 0.01055662 0.01103647 0.01103647
 0.01295585 0.01295585 0.0134357  0.0134357  0.01439539 0.01439539
 0.01631478 0.01631478 0.01679463 0.01679463 0.02159309 0.02159309
 0.02399232 0.02399232 0.02447217 0.02447217 0.02591171 0.02591171
 0.0268714  0.0268714  0.02927063 0.02927063 0.03071017 0.03071017
 0.03214971 0.03214971 0.0340691  0.0340691  0.03646833 0.03646833
 0.03742802 0.03742802 0.03790787 0.03790787 0.03838772 0.03838772
 0.03886756 0.03886756 0.0403071  0.0403071  0.04126679 0.04126679
 0.04270633 0.04270633 0.04318618 0.04318618 0.04366603 0.04366603
 0.04558541 0.04558541 0.04654511 0.04654511 0.05038388 0.05038388
 0.05230326 0.05230326 0.05326296 0.05326296 0.05422265 0.05422265
 0.05614203 0.05614203 0.05662188 0.05662188 0.05998081 0.05998081
 0.06190019 0.06190019 0.06238004 0.06238004 0.06333973 0.06333973
 0.06429942 0.06429942 0.06525912 0.06525912 0.06573896 0.06573896
 0.06861804 0.06861804 0.07149712 0.07149712 0.07197697 0.07197697
 0.07341651 0.07341651 0.07389635 0.07389635 0.0743762  0.0743762
 0.07581574 0.07581574 0.08013436 0.08013436 0.0815739  0.0815739
 0.0878119  0.0878119  0.08973129 0.08973129 0.09069098 0.09069098
 0.09213052 0.09213052 0.09309021 0.09309021 0.09357006 0.09357006
 0.09740883 0.09740883 0.10028791 0.10028791 0.10172745 0.10172745
 0.10268714 0.10268714 0.10364683 0.10364683 0.10460653 0.10460653
 0.10604607 0.10604607 0.11036468 0.11036468 0.11132438 0.11132438
 0.11180422 0.11180422 0.11324376 0.11324376 0.1146833  0.1146833
 0.11612284 0.11612284 0.11660269 0.11660269 0.11756238 0.11756238
 0.11804223 0.11804223 0.11996161 0.11996161 0.12763916 0.12763916
 0.12955854 0.12955854 0.13051823 0.13051823 0.13291747 0.13291747
 0.13339731 0.13339731 0.13915547 0.13915547 0.14059501 0.14059501
 0.1415547  0.1415547  0.1425144  0.1425144  0.14491363 0.14491363
 0.14827255 0.14827255 0.1487524  0.1487524  0.15115163 0.15115163
 0.15259117 0.15259117 0.15307102 0.15307102 0.15355086 0.15355086
 0.15547025 0.15547025 0.15690979 0.15690979 0.15930902 0.15930902
 0.16170825 0.16170825 0.1621881  0.1621881  0.16410749 0.16410749
 0.1684261  0.1684261  0.16890595 0.16890595 0.17130518 0.17130518
 0.17178503 0.17178503 0.17418426 0.17418426 0.17466411 0.17466411
 0.17706334 0.17706334 0.17946257 0.17946257 0.17994242 0.17994242
 0.18426104 0.18426104 0.18474088 0.18474088 0.18666027 0.18666027
 0.19001919 0.19001919 0.19097889 0.19097889 0.19865643 0.19865643
 0.20441459 0.20441459 0.20873321 0.20873321 0.21017274 0.21017274
 0.21065259 0.21065259 0.21449136 0.21449136 0.2168906  0.2168906
 0.21737044 0.21737044 0.21833013 0.21833013 0.22072937 0.22072937
 0.22120921 0.22120921 0.22360845 0.22360845 0.22456814 0.22456814
 0.22600768 0.22600768 0.2293666  0.2293666  0.22984645 0.22984645
 0.2303263  0.2303263  0.23224568 0.23224568 0.23464491 0.23464491
 0.23752399 0.23752399 0.24184261 0.24184261 0.2428023  0.2428023
 0.24712092 0.24712092 0.25095969 0.25095969 0.25527831 0.25527831
 0.26439539 0.26439539 0.26583493 0.26583493 0.26919386 0.26919386
 0.2696737  0.2696737  0.2706334  0.2706334  0.27639155 0.27639155
 0.27831094 0.27831094 0.27879079 0.27879079 0.28358925 0.28358925
 0.28646833 0.28646833 0.29222649 0.29222649 0.29270633 0.29270633
 0.29414587 0.29414587 0.29798464 0.29798464 0.29894434 0.29894434
 0.29942418 0.29942418 0.29990403 0.29990403 0.30326296 0.30326296
 0.30950096 0.30950096 0.31285988 0.31285988 0.31861804 0.31861804
 0.32101727 0.32101727 0.32149712 0.32149712 0.32197697 0.32197697
 0.3243762  0.3243762  0.32869482 0.32869482 0.33301344 0.33301344
 0.33349328 0.33349328 0.33397313 0.33397313 0.33445298 0.33445298
 0.33829175 0.33829175 0.33973129 0.33973129 0.34069098 0.34069098
 0.3450096  0.3450096  0.34644914 0.34644914 0.34836852 0.34836852
 0.34980806 0.34980806 0.35268714 0.35268714 0.36036468 0.36036468
 0.36564299 0.36564299 0.36996161 0.36996161 0.37332054 0.37332054
 0.378119   0.378119   0.38387716 0.38387716 0.38435701 0.38435701
 0.38483685 0.38483685 0.38579655 0.38579655 0.38915547 0.38915547
 0.39299424 0.39299424 0.39395393 0.39395393 0.40115163 0.40115163
 0.40211132 0.40211132 0.40786948 0.40786948 0.4121881  0.4121881
 0.41506718 0.41506718 0.43234165 0.43234165 0.43666027 0.43666027
 0.44001919 0.44001919 0.44097889 0.44097889 0.44241843 0.44241843
 0.45105566 0.45105566 0.45825336 0.45825336 0.46449136 0.46449136
 0.47648752 0.47648752 0.4793666  0.4793666  0.48128599 0.48128599
 0.48560461 0.48560461 0.48992322 0.48992322 0.49040307 0.49040307
 0.49088292 0.49088292 0.49424184 0.49424184 0.49568138 0.49568138
 0.49904031 0.49904031 0.50095969 0.50095969 0.50191939 0.50191939
 0.50527831 0.50527831 0.51103647 0.51103647 0.51295585 0.51295585
 0.51439539 0.51439539 0.51583493 0.51583493 0.52303263 0.52303263
 0.52879079 0.52879079 0.52927063 0.52927063 0.52975048 0.52975048
 0.53023033 0.53023033 0.53166987 0.53166987 0.5340691  0.5340691
 0.53502879 0.53502879 0.53598848 0.53598848 0.54462572 0.54462572
 0.54606526 0.54606526 0.5475048  0.5475048  0.55758157 0.55758157
 0.55902111 0.55902111 0.57149712 0.57149712 0.57341651 0.57341651
 0.57581574 0.57581574 0.58925144 0.58925144 0.59165067 0.59165067
 0.5940499  0.5940499  0.59740883 0.59740883 0.59788868 0.59788868
 0.6146833  0.6146833  0.61852207 0.61852207 0.61996161 0.61996161
 0.62667946 0.62667946 0.63627639 0.63627639 0.63771593 0.63771593
 0.64059501 0.64059501 0.64587332 0.64587332 0.68042226 0.68042226
 0.6828215  0.6828215  0.68570058 0.68570058 0.68857965 0.68857965
 0.6962572  0.6962572  0.71305182 0.71305182 0.71833013 0.71833013
 0.72840691 0.72840691 0.73176583 0.73176583 0.73800384 0.73800384
 0.75527831 0.75527831 0.75767754 0.75767754 0.76487524 0.76487524
 0.7696737  0.7696737  0.77351248 0.77351248 0.77831094 0.77831094
 0.77927063 0.77927063 0.78166987 0.78166987 0.78598848 0.78598848
 0.79894434 0.79894434 0.79942418 0.79942418 0.80422265 0.80422265
 0.81046065 0.81046065 0.86564299 0.86564299 0.87428023 0.87428023
 0.87859885 0.87859885 0.88483685 0.88483685 0.89299424 0.89299424
 0.91986564 0.91986564 0.93378119 0.93378119 0.95201536 0.95345489
 0.95777351 0.95873321 0.96449136 0.96545106 0.97216891 0.9731286
 0.97408829 0.97744722 0.98128599 0.98224568 0.98512476 0.98608445
 0.9865643  0.98800384 1.        ]","[0.         0.0026178  0.0026178  0.0052356  0.0052356  0.01308901
 0.01308901 0.01832461 0.01832461 0.02356021 0.02356021 0.02617801
 0.02617801 0.04450262 0.04450262 0.04712042 0.04712042 0.04973822
 0.04973822 0.05235602 0.05235602 0.05497382 0.05497382 0.06020942
 0.06020942 0.06282723 0.06282723 0.06806283 0.06806283 0.07068063
 0.07068063 0.07329843 0.07329843 0.07853403 0.07853403 0.09424084
 0.09424084 0.09685864 0.09685864 0.10732984 0.10732984 0.11256545
 0.11256545 0.11518325 0.11518325 0.12041885 0.12041885 0.12303665
 0.12303665 0.12565445 0.12565445 0.13089005 0.13089005 0.13350785
 0.13350785 0.13612565 0.13612565 0.14659686 0.14659686 0.15183246
 0.15183246 0.15445026 0.15445026 0.15968586 0.15968586 0.16492147
 0.16492147 0.17015707 0.17015707 0.17277487 0.17277487 0.17539267
 0.17539267 0.17801047 0.17801047 0.18062827 0.18062827 0.18324607
 0.18324607 0.18586387 0.18586387 0.18848168 0.18848168 0.19371728
 0.19371728 0.19633508 0.19633508 0.19895288 0.19895288 0.20157068
 0.20157068 0.20418848 0.20418848 0.20942408 0.20942408 0.21204188
 0.21204188 0.21465969 0.21465969 0.21727749 0.21727749 0.21989529
 0.21989529 0.22251309 0.22251309 0.22774869 0.22774869 0.23036649
 0.23036649 0.23298429 0.23298429 0.23560209 0.23560209 0.2408377
 0.2408377  0.2460733  0.2460733  0.2513089  0.2513089  0.2539267
 0.2539267  0.2591623  0.2591623  0.26439791 0.26439791 0.26701571
 0.26701571 0.26963351 0.26963351 0.27225131 0.27225131 0.28010471
 0.28010471 0.28272251 0.28272251 0.28795812 0.28795812 0.29057592
 0.29057592 0.29319372 0.29319372 0.29581152 0.29581152 0.30890052
 0.30890052 0.31151832 0.31151832 0.31413613 0.31413613 0.31675393
 0.31675393 0.32460733 0.32460733 0.32722513 0.32722513 0.32984293
 0.32984293 0.33246073 0.33246073 0.33507853 0.33507853 0.34031414
 0.34031414 0.34293194 0.34293194 0.34554974 0.34554974 0.34816754
 0.34816754 0.35078534 0.35078534 0.35863874 0.35863874 0.36125654
 0.36125654 0.36387435 0.36387435 0.36649215 0.36649215 0.37172775
 0.37172775 0.37434555 0.37434555 0.37696335 0.37696335 0.37958115
 0.37958115 0.38219895 0.38219895 0.38481675 0.38481675 0.38743455
 0.38743455 0.39528796 0.39528796 0.40314136 0.40314136 0.40575916
 0.40575916 0.41099476 0.41099476 0.41623037 0.41623037 0.41884817
 0.41884817 0.42146597 0.42146597 0.42408377 0.42408377 0.42670157
 0.42670157 0.42931937 0.42931937 0.43193717 0.43193717 0.43717277
 0.43717277 0.43979058 0.43979058 0.44502618 0.44502618 0.44764398
 0.44764398 0.45026178 0.45026178 0.45287958 0.45287958 0.45549738
 0.45549738 0.45811518 0.45811518 0.46073298 0.46073298 0.46335079
 0.46335079 0.46596859 0.46596859 0.47120419 0.47120419 0.47905759
 0.47905759 0.48167539 0.48167539 0.48429319 0.48429319 0.4921466
 0.4921466  0.4973822  0.4973822  0.5026178  0.5026178  0.5052356
 0.5052356  0.5078534  0.5078534  0.5104712  0.5104712  0.51832461
 0.51832461 0.52094241 0.52094241 0.52356021 0.52356021 0.52617801
 0.52617801 0.52879581 0.52879581 0.53141361 0.53141361 0.53403141
 0.53403141 0.53664921 0.53664921 0.53926702 0.53926702 0.54450262
 0.54450262 0.54712042 0.54712042 0.54973822 0.54973822 0.55235602
 0.55235602 0.55497382 0.55497382 0.55759162 0.55759162 0.56020942
 0.56020942 0.56544503 0.56544503 0.56806283 0.56806283 0.57068063
 0.57068063 0.57329843 0.57329843 0.57591623 0.57591623 0.57853403
 0.57853403 0.58115183 0.58115183 0.58376963 0.58376963 0.58638743
 0.58638743 0.58900524 0.58900524 0.59424084 0.59424084 0.59685864
 0.59685864 0.60209424 0.60209424 0.60471204 0.60471204 0.60994764
 0.60994764 0.61256545 0.61256545 0.61518325 0.61518325 0.61780105
 0.61780105 0.62041885 0.62041885 0.62303665 0.62303665 0.62565445
 0.62565445 0.62827225 0.62827225 0.63089005 0.63089005 0.63350785
 0.63350785 0.63612565 0.63612565 0.64397906 0.64397906 0.64659686
 0.64659686 0.65183246 0.65183246 0.65445026 0.65445026 0.65968586
 0.65968586 0.66492147 0.66492147 0.67015707 0.67015707 0.67277487
 0.67277487 0.67539267 0.67539267 0.68062827 0.68062827 0.68324607
 0.68324607 0.68586387 0.68586387 0.68848168 0.68848168 0.69109948
 0.69109948 0.69371728 0.69371728 0.69633508 0.69633508 0.69895288
 0.69895288 0.70157068 0.70157068 0.70418848 0.70418848 0.70680628
 0.70680628 0.70942408 0.70942408 0.71204188 0.71204188 0.71727749
 0.71727749 0.72513089 0.72513089 0.72774869 0.72774869 0.73036649
 0.73036649 0.73560209 0.73560209 0.7382199  0.7382199  0.7408377
 0.7408377  0.7434555  0.7434555  0.7486911  0.7486911  0.7513089
 0.7513089  0.7539267  0.7539267  0.7565445  0.7565445  0.7591623
 0.7591623  0.7617801  0.7617801  0.76439791 0.76439791 0.76701571
 0.76701571 0.77225131 0.77225131 0.77486911 0.77486911 0.78272251
 0.78272251 0.78534031 0.78534031 0.78795812 0.78795812 0.79057592
 0.79057592 0.79581152 0.79581152 0.79842932 0.79842932 0.80104712
 0.80104712 0.80366492 0.80366492 0.80628272 0.80628272 0.80890052
 0.80890052 0.81151832 0.81151832 0.81413613 0.81413613 0.81675393
 0.81675393 0.81937173 0.81937173 0.82198953 0.82198953 0.82460733
 0.82460733 0.82722513 0.82722513 0.82984293 0.82984293 0.83246073
 0.83246073 0.83507853 0.83507853 0.83769634 0.83769634 0.84031414
 0.84031414 0.84293194 0.84293194 0.84554974 0.84554974 0.84816754
 0.84816754 0.85078534 0.85078534 0.85340314 0.85340314 0.85602094
 0.85602094 0.85863874 0.85863874 0.86125654 0.86125654 0.86387435
 0.86387435 0.87172775 0.87172775 0.87434555 0.87434555 0.87696335
 0.87696335 0.87958115 0.87958115 0.88219895 0.88219895 0.88481675
 0.88481675 0.88743455 0.88743455 0.89005236 0.89005236 0.89267016
 0.89267016 0.89790576 0.89790576 0.90052356 0.90052356 0.90837696
 0.90837696 0.91099476 0.91099476 0.91361257 0.91361257 0.91623037
 0.91623037 0.91884817 0.91884817 0.92146597 0.92146597 0.92408377
 0.92408377 0.92670157 0.92670157 0.92931937 0.92931937 0.93193717
 0.93193717 0.93717277 0.93717277 0.93979058 0.93979058 0.94502618
 0.94502618 0.94764398 0.94764398 0.95026178 0.95026178 0.95287958
 0.95287958 0.95549738 0.95549738 0.95811518 0.95811518 0.96073298
 0.96073298 0.96335079 0.96335079 0.96858639 0.96858639 0.97120419
 0.97120419 0.97382199 0.97382199 0.97643979 0.97643979 0.97905759
 0.97905759 0.98167539 0.98167539 0.98429319 0.98429319 0.98691099
 0.98691099 0.9895288  0.9895288  0.9921466  0.9921466  0.9947644
 0.9947644  0.9973822  0.9973822  1.         1.         1.
 1.         1.         1.         1.         1.         1.
 1.         1.         1.         1.         1.         1.
 1.         1.         1.        ]",0.722389987036609
LogisticRegression,class_weighted,0.6293592862935928,0.2532467532467532,0.7146596858638743,0.37397260273972605,"[0.         0.         0.00239923 0.00239923 0.00287908 0.00287908
 0.00383877 0.00383877 0.00527831 0.00527831 0.00575816 0.00575816
 0.006238   0.006238   0.0071977  0.0071977  0.00815739 0.00815739
 0.00863724 0.00863724 0.01007678 0.01007678 0.01103647 0.01103647
 0.01151631 0.01151631 0.01295585 0.01295585 0.0134357  0.0134357
 0.01391555 0.01391555 0.01439539 0.01439539 0.01487524 0.01487524
 0.01583493 0.01583493 0.01823417 0.01823417 0.02015355 0.02015355
 0.02111324 0.02111324 0.02159309 0.02159309 0.02207294 0.02207294
 0.02303263 0.02303263 0.02351248 0.02351248 0.02447217 0.02447217
 0.02591171 0.02591171 0.02831094 0.02831094 0.02927063 0.02927063
 0.02975048 0.02975048 0.03071017 0.03071017 0.03214971 0.03214971
 0.03262956 0.03262956 0.0331094  0.0331094  0.03358925 0.03358925
 0.0340691  0.0340691  0.03598848 0.03598848 0.03694818 0.03694818
 0.03934741 0.03934741 0.03982726 0.03982726 0.04270633 0.04270633
 0.04414587 0.04414587 0.04462572 0.04462572 0.04510557 0.04510557
 0.04702495 0.04702495 0.0475048  0.0475048  0.05086372 0.05086372
 0.05134357 0.05134357 0.05230326 0.05230326 0.05422265 0.05422265
 0.0547025  0.0547025  0.05662188 0.05662188 0.05998081 0.05998081
 0.0609405  0.0609405  0.06190019 0.06190019 0.06333973 0.06333973
 0.06621881 0.06621881 0.06765835 0.06765835 0.0681382  0.0681382
 0.06909789 0.06909789 0.06957774 0.06957774 0.07005758 0.07005758
 0.07101727 0.07101727 0.07293666 0.07293666 0.07389635 0.07389635
 0.0743762  0.0743762  0.07821497 0.07821497 0.07917466 0.07917466
 0.07965451 0.07965451 0.08013436 0.08013436 0.08253359 0.08253359
 0.08301344 0.08301344 0.08493282 0.08493282 0.08589251 0.08589251
 0.0878119  0.0878119  0.0940499  0.0940499  0.09452975 0.09452975
 0.09596929 0.09596929 0.09692898 0.09692898 0.09836852 0.09836852
 0.10172745 0.10172745 0.10268714 0.10268714 0.10364683 0.10364683
 0.10652591 0.10652591 0.1084453  0.1084453  0.10892514 0.10892514
 0.10988484 0.10988484 0.11084453 0.11084453 0.11132438 0.11132438
 0.11180422 0.11180422 0.11372361 0.11372361 0.11804223 0.11804223
 0.11900192 0.11900192 0.11996161 0.11996161 0.12092131 0.12092131
 0.12140115 0.12140115 0.12284069 0.12284069 0.12428023 0.12428023
 0.12715931 0.12715931 0.12907869 0.12907869 0.13003839 0.13003839
 0.13051823 0.13051823 0.13147793 0.13147793 0.13195777 0.13195777
 0.13387716 0.13387716 0.13483685 0.13483685 0.1353167  0.1353167
 0.13675624 0.13675624 0.13819578 0.13819578 0.14107486 0.14107486
 0.14347409 0.14347409 0.14395393 0.14395393 0.14443378 0.14443378
 0.14827255 0.14827255 0.14923225 0.14923225 0.15403071 0.15403071
 0.1621881  0.1621881  0.16314779 0.16314779 0.16362764 0.16362764
 0.16410749 0.16410749 0.16602687 0.16602687 0.17034549 0.17034549
 0.17178503 0.17178503 0.17226488 0.17226488 0.17322457 0.17322457
 0.17466411 0.17466411 0.17706334 0.17706334 0.17898273 0.17898273
 0.18330134 0.18330134 0.18426104 0.18426104 0.18714012 0.18714012
 0.18761996 0.18761996 0.18809981 0.18809981 0.18857965 0.18857965
 0.19145873 0.19145873 0.19289827 0.19289827 0.1952975  0.1952975
 0.19577735 0.19577735 0.1962572  0.1962572  0.19721689 0.19721689
 0.19817658 0.19817658 0.19865643 0.19865643 0.20345489 0.20345489
 0.2096929  0.2096929  0.21209213 0.21209213 0.21497121 0.21497121
 0.22264875 0.22264875 0.22648752 0.22648752 0.22696737 0.22696737
 0.22840691 0.22840691 0.22888676 0.22888676 0.23800384 0.23800384
 0.23944338 0.23944338 0.24040307 0.24040307 0.2428023  0.2428023
 0.24520154 0.24520154 0.24904031 0.24904031 0.24952015 0.24952015
 0.25       0.25       0.25335893 0.25335893 0.25527831 0.25527831
 0.25671785 0.25671785 0.26295585 0.26295585 0.26439539 0.26439539
 0.26631478 0.26631478 0.26727447 0.26727447 0.2706334  0.2706334
 0.27111324 0.27111324 0.27399232 0.27399232 0.27927063 0.27927063
 0.28071017 0.28071017 0.28358925 0.28358925 0.2840691  0.2840691
 0.28550864 0.28550864 0.2903071  0.2903071  0.29174664 0.29174664
 0.29366603 0.29366603 0.29414587 0.29414587 0.29798464 0.29798464
 0.30230326 0.30230326 0.30326296 0.30326296 0.3037428  0.3037428
 0.30758157 0.30758157 0.30902111 0.30902111 0.31046065 0.31046065
 0.31142035 0.31142035 0.31238004 0.31238004 0.31333973 0.31333973
 0.31525912 0.31525912 0.31573896 0.31573896 0.31861804 0.31861804
 0.32341651 0.32341651 0.3306142  0.3306142  0.33253359 0.33253359
 0.33541267 0.33541267 0.3450096  0.3450096  0.34596929 0.34596929
 0.34788868 0.34788868 0.34836852 0.34836852 0.34884837 0.34884837
 0.35412668 0.35412668 0.35460653 0.35460653 0.35508637 0.35508637
 0.36084453 0.36084453 0.36180422 0.36180422 0.37044146 0.37044146
 0.37571977 0.37571977 0.37619962 0.37619962 0.38195777 0.38195777
 0.38915547 0.38915547 0.39011516 0.39011516 0.39395393 0.39395393
 0.39683301 0.39683301 0.40115163 0.40115163 0.40882917 0.40882917
 0.41506718 0.41506718 0.41698656 0.41698656 0.41986564 0.41986564
 0.42178503 0.42178503 0.42226488 0.42226488 0.42418426 0.42418426
 0.42466411 0.42466411 0.44049904 0.44049904 0.44241843 0.44241843
 0.4462572  0.4462572  0.44673704 0.44673704 0.45201536 0.45201536
 0.4524952  0.4524952  0.45441459 0.45441459 0.45585413 0.45585413
 0.45777351 0.45777351 0.46785029 0.46785029 0.46976967 0.46976967
 0.47600768 0.47600768 0.47888676 0.47888676 0.4803263  0.4803263
 0.48416507 0.48416507 0.48704415 0.48704415 0.48800384 0.48800384
 0.48944338 0.48944338 0.493762   0.493762   0.49952015 0.49952015
 0.5        0.5        0.50431862 0.50431862 0.51247601 0.51247601
 0.51583493 0.51583493 0.51823417 0.51823417 0.51919386 0.51919386
 0.52639155 0.52639155 0.5268714  0.5268714  0.52735125 0.52735125
 0.52879079 0.52879079 0.52975048 0.52975048 0.53694818 0.53694818
 0.54318618 0.54318618 0.55182342 0.55182342 0.57005758 0.57005758
 0.57101727 0.57101727 0.57149712 0.57149712 0.57725528 0.57725528
 0.57869482 0.57869482 0.58589251 0.58589251 0.5878119  0.5878119
 0.58829175 0.58829175 0.58877159 0.58877159 0.59548944 0.59548944
 0.59596929 0.59596929 0.59884837 0.59884837 0.60364683 0.60364683
 0.60412668 0.60412668 0.6074856  0.6074856  0.6084453  0.6084453
 0.61180422 0.61180422 0.61900192 0.61900192 0.628119   0.628119
 0.62907869 0.62907869 0.64011516 0.64011516 0.64779271 0.64779271
 0.65307102 0.65307102 0.6549904  0.6549904  0.66458733 0.66458733
 0.6756238  0.6756238  0.67610365 0.67610365 0.69145873 0.69145873
 0.69913628 0.69913628 0.70633397 0.70633397 0.71401152 0.71401152
 0.71785029 0.71785029 0.72120921 0.72120921 0.72216891 0.72216891
 0.72264875 0.72264875 0.73320537 0.73320537 0.74952015 0.74952015
 0.75479846 0.75479846 0.75911708 0.75911708 0.79366603 0.79366603
 0.79846449 0.79846449 0.80710173 0.80710173 0.81046065 0.81046065
 0.81477927 0.81477927 0.82389635 0.82389635 0.82773512 0.82773512
 0.83301344 0.83301344 0.86228407 0.86228407 0.87140115 0.87140115
 0.87380038 0.87380038 0.88099808 0.88099808 0.90259117 0.90259117
 0.91890595 0.91890595 0.93522073 0.93522073 0.95009597 0.95153551
 0.9524952  0.95345489 0.96928983 0.97024952 0.97216891 0.9731286
 0.97456814 0.97792706 0.98272553 0.98368522 0.9865643  0.98752399
 0.98944338 0.99088292 1.        ]","[0.         0.0026178  0.0026178  0.0052356  0.0052356  0.0104712
 0.0104712  0.01308901 0.01308901 0.01570681 0.01570681 0.02617801
 0.02617801 0.02879581 0.02879581 0.03403141 0.03403141 0.04188482
 0.04188482 0.04712042 0.04712042 0.05235602 0.05235602 0.05497382
 0.05497382 0.05759162 0.05759162 0.06282723 0.06282723 0.07329843
 0.07329843 0.07591623 0.07591623 0.08115183 0.08115183 0.08376963
 0.08376963 0.08900524 0.08900524 0.09424084 0.09424084 0.09685864
 0.09685864 0.09947644 0.09947644 0.10209424 0.10209424 0.10471204
 0.10471204 0.10732984 0.10732984 0.10994764 0.10994764 0.11780105
 0.11780105 0.12041885 0.12041885 0.13089005 0.13089005 0.13350785
 0.13350785 0.13612565 0.13612565 0.13874346 0.13874346 0.14136126
 0.14136126 0.14659686 0.14659686 0.14921466 0.14921466 0.15183246
 0.15183246 0.15706806 0.15706806 0.15968586 0.15968586 0.16230366
 0.16230366 0.16753927 0.16753927 0.17015707 0.17015707 0.17277487
 0.17277487 0.17539267 0.17539267 0.17801047 0.17801047 0.18062827
 0.18062827 0.18848168 0.18848168 0.19109948 0.19109948 0.19633508
 0.19633508 0.19895288 0.19895288 0.20157068 0.20157068 0.20418848
 0.20418848 0.20680628 0.20680628 0.20942408 0.20942408 0.21465969
 0.21465969 0.21727749 0.21727749 0.21989529 0.21989529 0.22251309
 0.22251309 0.22513089 0.22513089 0.22774869 0.22774869 0.23036649
 0.23036649 0.23298429 0.23298429 0.23560209 0.23560209 0.2382199
 0.2382199  0.2408377  0.2408377  0.2434555  0.2434555  0.2513089
 0.2513089  0.2539267  0.2539267  0.2591623  0.2591623  0.2617801
 0.2617801  0.26439791 0.26439791 0.26701571 0.26701571 0.27486911
 0.27486911 0.27748691 0.27748691 0.28010471 0.28010471 0.28272251
 0.28272251 0.28534031 0.28534031 0.29057592 0.29057592 0.29319372
 0.29319372 0.29581152 0.29581152 0.29842932 0.29842932 0.30104712
 0.30104712 0.30628272 0.30628272 0.30890052 0.30890052 0.31413613
 0.31413613 0.31675393 0.31675393 0.32198953 0.32198953 0.32460733
 0.32460733 0.32722513 0.32722513 0.32984293 0.32984293 0.33246073
 0.33246073 0.33507853 0.33507853 0.33769634 0.33769634 0.34293194
 0.34293194 0.34554974 0.34554974 0.35078534 0.35078534 0.35602094
 0.35602094 0.35863874 0.35863874 0.36125654 0.36125654 0.36387435
 0.36387435 0.36649215 0.36649215 0.36910995 0.36910995 0.37172775
 0.37172775 0.37434555 0.37434555 0.37696335 0.37696335 0.37958115
 0.37958115 0.38219895 0.38219895 0.38481675 0.38481675 0.38743455
 0.38743455 0.39267016 0.39267016 0.39528796 0.39528796 0.40052356
 0.40052356 0.40314136 0.40314136 0.40575916 0.40575916 0.40837696
 0.40837696 0.41099476 0.41099476 0.41361257 0.41361257 0.41623037
 0.41623037 0.41884817 0.41884817 0.42146597 0.42146597 0.42408377
 0.42408377 0.42931937 0.42931937 0.43455497 0.43455497 0.43979058
 0.43979058 0.44240838 0.44240838 0.44502618 0.44502618 0.44764398
 0.44764398 0.45026178 0.45026178 0.45287958 0.45287958 0.45811518
 0.45811518 0.46073298 0.46073298 0.46335079 0.46335079 0.46596859
 0.46596859 0.46858639 0.46858639 0.47382199 0.47382199 0.47643979
 0.47643979 0.47905759 0.47905759 0.48167539 0.48167539 0.48429319
 0.48429319 0.4895288  0.4895288  0.4921466  0.4921466  0.4947644
 0.4947644  0.4973822  0.4973822  0.5026178  0.5026178  0.5052356
 0.5052356  0.5078534  0.5078534  0.5104712  0.5104712  0.51308901
 0.51308901 0.51570681 0.51570681 0.51832461 0.51832461 0.52094241
 0.52094241 0.52356021 0.52356021 0.53403141 0.53403141 0.53664921
 0.53664921 0.53926702 0.53926702 0.54188482 0.54188482 0.54973822
 0.54973822 0.55235602 0.55235602 0.55497382 0.55497382 0.56020942
 0.56020942 0.56544503 0.56544503 0.57068063 0.57068063 0.57329843
 0.57329843 0.57591623 0.57591623 0.58115183 0.58115183 0.58638743
 0.58638743 0.59162304 0.59162304 0.59424084 0.59424084 0.59947644
 0.59947644 0.60209424 0.60209424 0.60471204 0.60471204 0.60732984
 0.60732984 0.60994764 0.60994764 0.61256545 0.61256545 0.61518325
 0.61518325 0.61780105 0.61780105 0.62041885 0.62041885 0.62303665
 0.62303665 0.62565445 0.62565445 0.62827225 0.62827225 0.63089005
 0.63089005 0.63350785 0.63350785 0.63612565 0.63612565 0.63874346
 0.63874346 0.64136126 0.64136126 0.64397906 0.64397906 0.64921466
 0.64921466 0.65183246 0.65183246 0.65445026 0.65445026 0.65706806
 0.65706806 0.65968586 0.65968586 0.66230366 0.66230366 0.66492147
 0.66492147 0.66753927 0.66753927 0.67015707 0.67015707 0.67277487
 0.67277487 0.67539267 0.67539267 0.67801047 0.67801047 0.68062827
 0.68062827 0.68324607 0.68324607 0.68586387 0.68586387 0.68848168
 0.68848168 0.69109948 0.69109948 0.69371728 0.69371728 0.69633508
 0.69633508 0.69895288 0.69895288 0.70157068 0.70157068 0.70680628
 0.70680628 0.70942408 0.70942408 0.71204188 0.71204188 0.71465969
 0.71465969 0.71989529 0.71989529 0.72251309 0.72251309 0.72513089
 0.72513089 0.72774869 0.72774869 0.73036649 0.73036649 0.73298429
 0.73298429 0.73560209 0.73560209 0.7408377  0.7408377  0.7434555
 0.7434555  0.7460733  0.7460733  0.7486911  0.7486911  0.7513089
 0.7513089  0.7539267  0.7539267  0.7565445  0.7565445  0.7591623
 0.7591623  0.7617801  0.7617801  0.76701571 0.76701571 0.76963351
 0.76963351 0.77225131 0.77225131 0.77486911 0.77486911 0.77748691
 0.77748691 0.78010471 0.78010471 0.78534031 0.78534031 0.78795812
 0.78795812 0.79057592 0.79057592 0.79319372 0.79319372 0.79581152
 0.79581152 0.79842932 0.79842932 0.80104712 0.80104712 0.80366492
 0.80366492 0.80628272 0.80628272 0.80890052 0.80890052 0.81151832
 0.81151832 0.81675393 0.81675393 0.81937173 0.81937173 0.82198953
 0.82198953 0.82460733 0.82460733 0.82722513 0.82722513 0.82984293
 0.82984293 0.83246073 0.83246073 0.83507853 0.83507853 0.83769634
 0.83769634 0.84031414 0.84031414 0.84293194 0.84293194 0.84554974
 0.84554974 0.84816754 0.84816754 0.85078534 0.85078534 0.85340314
 0.85340314 0.85602094 0.85602094 0.85863874 0.85863874 0.86125654
 0.86125654 0.86387435 0.86387435 0.86649215 0.86649215 0.86910995
 0.86910995 0.87172775 0.87172775 0.87434555 0.87434555 0.87696335
 0.87696335 0.87958115 0.87958115 0.88219895 0.88219895 0.88481675
 0.88481675 0.88743455 0.88743455 0.89005236 0.89005236 0.89267016
 0.89267016 0.89528796 0.89528796 0.89790576 0.89790576 0.90052356
 0.90052356 0.90314136 0.90314136 0.90575916 0.90575916 0.90837696
 0.90837696 0.91099476 0.91099476 0.91361257 0.91361257 0.91623037
 0.91623037 0.92146597 0.92146597 0.92408377 0.92408377 0.92670157
 0.92670157 0.92931937 0.92931937 0.93193717 0.93193717 0.93455497
 0.93455497 0.93717277 0.93717277 0.93979058 0.93979058 0.94240838
 0.94240838 0.94502618 0.94502618 0.94764398 0.94764398 0.95026178
 0.95026178 0.95287958 0.95287958 0.95549738 0.95549738 0.96073298
 0.96073298 0.96335079 0.96335079 0.96596859 0.96596859 0.96858639
 0.96858639 0.97120419 0.97120419 0.97382199 0.97382199 0.97643979
 0.97643979 0.97905759 0.97905759 0.98167539 0.98167539 0.98429319
 0.98429319 0.9895288  0.9895288  0.9921466  0.9921466  0.9947644
 0.9947644  0.9973822  0.9973822  1.         1.         1.
 1.         1.         1.         1.         1.         1.
 1.         1.         1.         1.         1.         1.
 1.         1.         1.        ]",0.7280627267337278
RandomForest,base,0.8402270884022709,0.42105263157894735,0.08376963350785341,0.13973799126637554,"[0.00000000e+00 0.00000000e+00 0.00000000e+00 4.79846449e-04
 1.43953935e-03 1.91938580e-03 2.87907869e-03 3.35892514e-03
 4.31861804e-03 4.79846449e-03 6.23800384e-03 6.71785029e-03
 8.15738964e-03 9.59692898e-03 1.15163148e-02 1.48752399e-02
 1.48752399e-02 1.87140115e-02 2.11132438e-02 2.20729367e-02
 2.44721689e-02 2.63915547e-02 3.02303263e-02 3.31094050e-02
 3.64683301e-02 4.12667946e-02 4.51055662e-02 4.75047985e-02
 5.08637236e-02 5.71017274e-02 6.14203455e-02 6.71785029e-02
 7.62955854e-02 8.54126679e-02 9.45297505e-02 9.98080614e-02
 1.06525912e-01 1.18522073e-01 1.28598848e-01 1.42514395e-01
 1.50671785e-01 1.63147793e-01 1.77063340e-01 1.90499040e-01
 2.01535509e-01 2.18809981e-01 2.33205374e-01 2.49040307e-01
 2.66794626e-01 2.87428023e-01 3.03742802e-01 3.33013436e-01
 3.57965451e-01 3.84357006e-01 4.18426104e-01 4.46257198e-01
 4.75047985e-01 5.00000000e-01 5.25911708e-01 5.60460653e-01
 5.84932821e-01 6.16122841e-01 6.45873321e-01 6.78502879e-01
 7.14971209e-01 7.43761996e-01 7.82629559e-01 8.27255278e-01
 8.76199616e-01 1.00000000e+00]","[0.         0.0026178  0.0078534  0.0078534  0.0078534  0.0104712
 0.01570681 0.01570681 0.01832461 0.02094241 0.02356021 0.02356021
 0.03403141 0.03926702 0.04188482 0.04712042 0.05759162 0.07068063
 0.08376963 0.08638743 0.10209424 0.11256545 0.12303665 0.13874346
 0.14921466 0.16230366 0.17801047 0.19109948 0.20157068 0.21204188
 0.23298429 0.2460733  0.2539267  0.26963351 0.28795812 0.29842932
 0.31151832 0.34031414 0.36125654 0.37434555 0.38481675 0.40314136
 0.43717277 0.47382199 0.5052356  0.53403141 0.56544503 0.59162304
 0.61518325 0.63350785 0.67277487 0.69895288 0.71727749 0.73560209
 0.76701571 0.78272251 0.80890052 0.85602094 0.88481675 0.90052356
 0.91361257 0.91884817 0.94240838 0.95287958 0.96596859 0.97382199
 0.97905759 0.98429319 0.9921466  1.        ]",0.7447618856206851
RandomForest,oversampling,0.8252230332522303,0.37435897435897436,0.19109947643979058,0.2530329289428076,"[0.00000000e+00 0.00000000e+00 0.00000000e+00 4.79846449e-04
 2.39923225e-03 3.35892514e-03 4.79846449e-03 4.79846449e-03
 5.75815739e-03 6.23800384e-03 6.23800384e-03 7.67754319e-03
 8.63723608e-03 9.11708253e-03 9.59692898e-03 1.05566219e-02
 1.24760077e-02 1.53550864e-02 1.72744722e-02 2.06333973e-02
 2.30326296e-02 2.63915547e-02 3.07101727e-02 3.45489443e-02
 3.74280230e-02 3.98272553e-02 4.31861804e-02 4.55854127e-02
 4.94241843e-02 5.13435701e-02 5.61420345e-02 5.85412668e-02
 6.28598848e-02 6.62188100e-02 7.48560461e-02 8.10940499e-02
 8.49328215e-02 8.97312860e-02 9.45297505e-02 9.88483685e-02
 1.09404990e-01 1.19481766e-01 1.25239923e-01 1.35796545e-01
 1.43474088e-01 1.54510557e-01 1.64107486e-01 1.76583493e-01
 1.87140115e-01 1.97696737e-01 2.09692898e-01 2.18330134e-01
 2.35604607e-01 2.48080614e-01 2.61996161e-01 2.78310940e-01
 2.99424184e-01 3.23896353e-01 3.41170825e-01 3.57965451e-01
 3.79078695e-01 3.95393474e-01 4.18905950e-01 4.35220729e-01
 4.54414587e-01 4.77447217e-01 4.97600768e-01 5.21113244e-01
 5.43186180e-01 5.67178503e-01 5.84452975e-01 6.09884837e-01
 6.34836852e-01 6.58349328e-01 6.83301344e-01 7.06813820e-01
 7.38483685e-01 7.62955854e-01 7.92226488e-01 8.19577735e-01
 8.51727447e-01 8.92994242e-01 1.00000000e+00]","[0.         0.0026178  0.0052356  0.0104712  0.0104712  0.0104712
 0.01570681 0.02356021 0.02356021 0.02356021 0.03664921 0.03664921
 0.03926702 0.04450262 0.05235602 0.05759162 0.06806283 0.07068063
 0.08376963 0.08638743 0.09162304 0.09685864 0.10471204 0.12041885
 0.12565445 0.13874346 0.14921466 0.15706806 0.15968586 0.17277487
 0.17801047 0.19109948 0.21204188 0.22251309 0.23036649 0.23560209
 0.2460733  0.26439791 0.27486911 0.29057592 0.30366492 0.33246073
 0.35863874 0.37696335 0.39267016 0.42408377 0.44240838 0.47382199
 0.4921466  0.5078534  0.52356021 0.54188482 0.58115183 0.59947644
 0.61780105 0.64659686 0.67015707 0.69109948 0.70418848 0.72251309
 0.7382199  0.7591623  0.79319372 0.80628272 0.82198953 0.82984293
 0.84816754 0.86387435 0.88219895 0.89528796 0.90837696 0.92670157
 0.94764398 0.96596859 0.97905759 0.98167539 0.98167539 0.98167539
 0.98429319 0.9921466  0.9921466  0.9947644  1.        ]",0.7508397312859885
RandomForest,undersampling,0.656934306569343,0.2751937984496124,0.743455497382199,0.4016973125884017,"[0.00000000e+00 4.79846449e-04 9.59692898e-04 2.39923225e-03
 2.87907869e-03 3.83877159e-03 5.27831094e-03 8.63723608e-03
 1.05566219e-02 1.29558541e-02 1.72744722e-02 2.06333973e-02
 2.35124760e-02 2.68714012e-02 2.87907869e-02 3.21497121e-02
 3.64683301e-02 4.22264875e-02 4.84644914e-02 5.32629559e-02
 5.75815739e-02 6.23800384e-02 7.00575816e-02 7.82149712e-02
 8.25335893e-02 9.06909789e-02 1.02207294e-01 1.12284069e-01
 1.22360845e-01 1.36756238e-01 1.45393474e-01 1.54990403e-01
 1.66026871e-01 1.77063340e-01 1.85220729e-01 1.92418426e-01
 2.03454894e-01 2.16410749e-01 2.30806142e-01 2.44721689e-01
 2.62476008e-01 2.76391555e-01 2.94625720e-01 3.02783109e-01
 3.14299424e-01 3.33013436e-01 3.49808061e-01 3.58925144e-01
 3.73320537e-01 3.88675624e-01 4.02111324e-01 4.14587332e-01
 4.31381958e-01 4.46257198e-01 4.58733205e-01 4.72168906e-01
 4.86084453e-01 5.00959693e-01 5.15355086e-01 5.31669866e-01
 5.43186180e-01 5.62380038e-01 5.75335893e-01 5.88771593e-01
 6.00767754e-01 6.12284069e-01 6.28598848e-01 6.37715931e-01
 6.48752399e-01 6.64107486e-01 6.75143954e-01 6.88099808e-01
 7.00095969e-01 7.08733205e-01 7.17370441e-01 7.26007678e-01
 7.32245681e-01 7.41362764e-01 7.55278311e-01 7.62476008e-01
 7.75431862e-01 7.88867562e-01 7.95105566e-01 8.03262956e-01
 8.11420345e-01 8.25815739e-01 8.33493282e-01 8.38771593e-01
 8.49808061e-01 8.56046065e-01 8.65163148e-01 8.77639155e-01
 8.90595010e-01 9.03071017e-01 9.15547025e-01 9.28023033e-01
 9.45297505e-01 9.68809981e-01 1.00000000e+00]","[0.         0.0026178  0.0026178  0.0052356  0.0052356  0.01570681
 0.03664921 0.04450262 0.05235602 0.06020942 0.07591623 0.08900524
 0.09424084 0.09424084 0.10732984 0.12827225 0.15445026 0.17015707
 0.18062827 0.18848168 0.19633508 0.20942408 0.21989529 0.23298429
 0.26701571 0.28272251 0.31151832 0.33246073 0.35602094 0.38481675
 0.40314136 0.42146597 0.43455497 0.46335079 0.4947644  0.5104712
 0.53664921 0.55497382 0.56806283 0.59685864 0.61256545 0.62827225
 0.65183246 0.66492147 0.69371728 0.70418848 0.71989529 0.7434555
 0.7617801  0.77486911 0.80104712 0.80890052 0.81675393 0.82722513
 0.84031414 0.85340314 0.86125654 0.86910995 0.87958115 0.88481675
 0.89005236 0.90314136 0.91361257 0.92670157 0.92931937 0.93717277
 0.93717277 0.94764398 0.94764398 0.95549738 0.95811518 0.96596859
 0.96858639 0.97643979 0.98167539 0.98167539 0.98167539 0.98429319
 0.98429319 0.98429319 0.98429319 0.98429319 0.98691099 0.98691099
 0.9895288  0.9895288  0.9921466  0.9921466  0.9921466  0.9921466
 0.9921466  0.9947644  0.9973822  0.9973822  1.         1.
 1.         1.         1.        ]",0.7564100953663414
RandomForest,class_weighted,0.8094079480940795,0.35987261146496813,0.29581151832460734,0.32471264367816094,"[0.00000000e+00 0.00000000e+00 4.79846449e-04 4.79846449e-04
 1.43953935e-03 1.91938580e-03 2.39923225e-03 2.39923225e-03
 3.83877159e-03 3.83877159e-03 4.31861804e-03 5.27831094e-03
 7.19769674e-03 1.00767754e-02 1.05566219e-02 1.34357006e-02
 1.48752399e-02 1.58349328e-02 1.77543186e-02 2.35124760e-02
 2.73512476e-02 2.92706334e-02 3.16698656e-02 3.26295585e-02
 3.79078695e-02 4.12667946e-02 4.55854127e-02 4.94241843e-02
 5.23032630e-02 5.61420345e-02 6.09404990e-02 6.28598848e-02
 6.90978887e-02 7.43761996e-02 7.86948177e-02 8.39731286e-02
 9.02111324e-02 9.64491363e-02 1.16602687e-01 1.23320537e-01
 1.32917466e-01 1.41074856e-01 1.51151631e-01 1.63147793e-01
 1.71785029e-01 1.86180422e-01 1.94337812e-01 2.07773512e-01
 2.17370441e-01 2.30326296e-01 2.41362764e-01 2.59117083e-01
 2.72072937e-01 2.83109405e-01 2.95585413e-01 3.10460653e-01
 3.25335893e-01 3.44529750e-01 3.59884837e-01 3.77159309e-01
 3.97792706e-01 4.14587332e-01 4.28982726e-01 4.44337812e-01
 4.60652591e-01 4.78886756e-01 4.91842610e-01 5.10556622e-01
 5.28790787e-01 5.40786948e-01 5.65259117e-01 5.93090211e-01
 6.14683301e-01 6.39635317e-01 6.54030710e-01 6.70345489e-01
 6.89059501e-01 7.06333973e-01 7.26007678e-01 7.47120921e-01
 7.64875240e-01 7.79750480e-01 8.00383877e-01 8.22936660e-01
 8.45969290e-01 8.71880998e-01 9.16026871e-01 1.00000000e+00]","[0.         0.0026178  0.0026178  0.01308901 0.01570681 0.01570681
 0.01832461 0.02094241 0.02094241 0.02356021 0.02879581 0.03664921
 0.04450262 0.04973822 0.05235602 0.05759162 0.06282723 0.06282723
 0.06806283 0.08900524 0.09424084 0.10471204 0.11256545 0.11780105
 0.12303665 0.13089005 0.14659686 0.16230366 0.18848168 0.19633508
 0.21465969 0.22513089 0.2434555  0.2460733  0.2565445  0.27486911
 0.28795812 0.29581152 0.32198953 0.32722513 0.34554974 0.35863874
 0.37434555 0.41099476 0.43455497 0.43717277 0.45811518 0.47643979
 0.51832461 0.54973822 0.56282723 0.57591623 0.59685864 0.62041885
 0.63874346 0.66753927 0.68324607 0.69895288 0.72513089 0.73560209
 0.7539267  0.76701571 0.79319372 0.81413613 0.83769634 0.85078534
 0.86125654 0.87172775 0.88219895 0.89267016 0.90314136 0.90575916
 0.92670157 0.92931937 0.93717277 0.94764398 0.96335079 0.96858639
 0.97382199 0.97643979 0.98429319 0.9921466  0.9921466  0.9947644
 0.9947644  0.9947644  1.         1.        ]",0.7446683030016782
XGBoost,base,0.8337388483373885,0.39855072463768115,0.14397905759162305,0.21153846153846154,"[0.00000000e+00 0.00000000e+00 0.00000000e+00 9.59692898e-04
 9.59692898e-04 1.43953935e-03 1.43953935e-03 1.91938580e-03
 1.91938580e-03 2.39923225e-03 2.39923225e-03 3.35892514e-03
 3.35892514e-03 3.83877159e-03 3.83877159e-03 4.31861804e-03
 4.31861804e-03 4.79846449e-03 4.79846449e-03 5.75815739e-03
 5.75815739e-03 7.67754319e-03 7.67754319e-03 8.63723608e-03
 8.63723608e-03 9.11708253e-03 9.11708253e-03 9.59692898e-03
 9.59692898e-03 1.05566219e-02 1.05566219e-02 1.24760077e-02
 1.24760077e-02 1.34357006e-02 1.34357006e-02 1.39155470e-02
 1.39155470e-02 1.48752399e-02 1.48752399e-02 1.67946257e-02
 1.67946257e-02 1.77543186e-02 1.77543186e-02 1.82341651e-02
 1.82341651e-02 2.01535509e-02 2.01535509e-02 2.25527831e-02
 2.25527831e-02 2.54318618e-02 2.54318618e-02 2.59117083e-02
 2.59117083e-02 2.73512476e-02 2.73512476e-02 2.78310940e-02
 2.78310940e-02 2.83109405e-02 2.83109405e-02 2.92706334e-02
 2.92706334e-02 3.16698656e-02 3.16698656e-02 3.21497121e-02
 3.21497121e-02 3.69481766e-02 3.69481766e-02 3.83877159e-02
 3.83877159e-02 3.93474088e-02 3.93474088e-02 3.98272553e-02
 3.98272553e-02 4.41458733e-02 4.41458733e-02 4.60652591e-02
 4.60652591e-02 4.70249520e-02 4.70249520e-02 4.79846449e-02
 4.79846449e-02 4.99040307e-02 4.99040307e-02 5.08637236e-02
 5.08637236e-02 5.27831094e-02 5.27831094e-02 5.42226488e-02
 5.42226488e-02 5.61420345e-02 5.61420345e-02 5.85412668e-02
 5.85412668e-02 6.09404990e-02 6.09404990e-02 6.57389635e-02
 6.57389635e-02 6.66986564e-02 6.66986564e-02 6.81381958e-02
 6.81381958e-02 6.86180422e-02 6.86180422e-02 6.90978887e-02
 6.90978887e-02 6.95777351e-02 6.95777351e-02 7.00575816e-02
 7.00575816e-02 7.34165067e-02 7.34165067e-02 7.48560461e-02
 7.48560461e-02 7.53358925e-02 7.53358925e-02 7.62955854e-02
 7.62955854e-02 7.67754319e-02 7.67754319e-02 7.72552783e-02
 7.72552783e-02 7.77351248e-02 7.77351248e-02 8.20537428e-02
 8.20537428e-02 8.30134357e-02 8.30134357e-02 8.34932821e-02
 8.34932821e-02 8.44529750e-02 8.44529750e-02 8.49328215e-02
 8.49328215e-02 8.58925144e-02 8.58925144e-02 8.73320537e-02
 8.73320537e-02 8.78119002e-02 8.78119002e-02 8.82917466e-02
 8.82917466e-02 8.92514395e-02 8.92514395e-02 9.50095969e-02
 9.50095969e-02 9.64491363e-02 9.64491363e-02 9.83685221e-02
 9.83685221e-02 1.00767754e-01 1.00767754e-01 1.05086372e-01
 1.05086372e-01 1.08925144e-01 1.08925144e-01 1.09404990e-01
 1.09404990e-01 1.10364683e-01 1.10364683e-01 1.12763916e-01
 1.12763916e-01 1.13243762e-01 1.13243762e-01 1.14203455e-01
 1.14203455e-01 1.16122841e-01 1.16122841e-01 1.18522073e-01
 1.18522073e-01 1.21401152e-01 1.21401152e-01 1.23800384e-01
 1.23800384e-01 1.25239923e-01 1.25239923e-01 1.26199616e-01
 1.26199616e-01 1.27159309e-01 1.27159309e-01 1.29558541e-01
 1.29558541e-01 1.30038388e-01 1.30038388e-01 1.30998081e-01
 1.30998081e-01 1.32917466e-01 1.32917466e-01 1.33397313e-01
 1.33397313e-01 1.34357006e-01 1.34357006e-01 1.36276392e-01
 1.36276392e-01 1.36756238e-01 1.36756238e-01 1.37236084e-01
 1.37236084e-01 1.38675624e-01 1.38675624e-01 1.39635317e-01
 1.39635317e-01 1.42514395e-01 1.42514395e-01 1.45873321e-01
 1.45873321e-01 1.46353167e-01 1.46353167e-01 1.49712092e-01
 1.49712092e-01 1.51631478e-01 1.51631478e-01 1.52591171e-01
 1.52591171e-01 1.53550864e-01 1.53550864e-01 1.54990403e-01
 1.54990403e-01 1.58349328e-01 1.58349328e-01 1.60268714e-01
 1.60268714e-01 1.60748560e-01 1.60748560e-01 1.61708253e-01
 1.61708253e-01 1.62667946e-01 1.62667946e-01 1.64107486e-01
 1.64107486e-01 1.64587332e-01 1.64587332e-01 1.65547025e-01
 1.65547025e-01 1.70345489e-01 1.70345489e-01 1.71305182e-01
 1.71305182e-01 1.75623800e-01 1.75623800e-01 1.76583493e-01
 1.76583493e-01 1.77543186e-01 1.77543186e-01 1.82821497e-01
 1.82821497e-01 1.84261036e-01 1.84261036e-01 1.87140115e-01
 1.87140115e-01 1.87619962e-01 1.87619962e-01 1.90019194e-01
 1.90019194e-01 1.90978887e-01 1.90978887e-01 1.94337812e-01
 1.94337812e-01 1.96737044e-01 1.96737044e-01 1.97696737e-01
 1.97696737e-01 2.00575816e-01 2.00575816e-01 2.02495202e-01
 2.02495202e-01 2.02975048e-01 2.02975048e-01 2.03934741e-01
 2.03934741e-01 2.04894434e-01 2.04894434e-01 2.08253359e-01
 2.08253359e-01 2.10172745e-01 2.10172745e-01 2.10652591e-01
 2.10652591e-01 2.11132438e-01 2.11132438e-01 2.12571977e-01
 2.12571977e-01 2.13051823e-01 2.13051823e-01 2.15451056e-01
 2.15451056e-01 2.16410749e-01 2.16410749e-01 2.17370441e-01
 2.17370441e-01 2.17850288e-01 2.17850288e-01 2.18330134e-01
 2.18330134e-01 2.19289827e-01 2.19289827e-01 2.21209213e-01
 2.21209213e-01 2.21689060e-01 2.21689060e-01 2.26487524e-01
 2.26487524e-01 2.30806142e-01 2.30806142e-01 2.31285988e-01
 2.31285988e-01 2.33685221e-01 2.33685221e-01 2.36084453e-01
 2.36084453e-01 2.36564299e-01 2.36564299e-01 2.40403071e-01
 2.40403071e-01 2.49520154e-01 2.49520154e-01 2.52399232e-01
 2.52399232e-01 2.57677543e-01 2.57677543e-01 2.60076775e-01
 2.60076775e-01 2.61036468e-01 2.61036468e-01 2.62955854e-01
 2.62955854e-01 2.63915547e-01 2.63915547e-01 2.65355086e-01
 2.65355086e-01 2.66314779e-01 2.66314779e-01 2.66794626e-01
 2.66794626e-01 2.73512476e-01 2.73512476e-01 2.75431862e-01
 2.75431862e-01 2.80710173e-01 2.80710173e-01 2.84548944e-01
 2.84548944e-01 2.85508637e-01 2.85508637e-01 2.86948177e-01
 2.86948177e-01 2.89827255e-01 2.89827255e-01 2.92226488e-01
 2.92226488e-01 2.93666027e-01 2.93666027e-01 2.95105566e-01
 2.95105566e-01 2.98944338e-01 2.98944338e-01 3.00863724e-01
 3.00863724e-01 3.06142035e-01 3.06142035e-01 3.07581574e-01
 3.07581574e-01 3.09500960e-01 3.09500960e-01 3.09980806e-01
 3.09980806e-01 3.14299424e-01 3.14299424e-01 3.14779271e-01
 3.14779271e-01 3.18618042e-01 3.18618042e-01 3.19097889e-01
 3.19097889e-01 3.21017274e-01 3.21017274e-01 3.23896353e-01
 3.23896353e-01 3.27255278e-01 3.27255278e-01 3.28214971e-01
 3.28214971e-01 3.31573896e-01 3.31573896e-01 3.33013436e-01
 3.33013436e-01 3.38291747e-01 3.38291747e-01 3.38771593e-01
 3.38771593e-01 3.40690979e-01 3.40690979e-01 3.42610365e-01
 3.42610365e-01 3.45969290e-01 3.45969290e-01 3.57005758e-01
 3.57005758e-01 3.58445298e-01 3.58445298e-01 3.60364683e-01
 3.60364683e-01 3.66122841e-01 3.66122841e-01 3.67082534e-01
 3.67082534e-01 3.70441459e-01 3.70441459e-01 3.75719770e-01
 3.75719770e-01 3.77159309e-01 3.77159309e-01 3.80998081e-01
 3.80998081e-01 3.81477927e-01 3.81477927e-01 3.81957774e-01
 3.81957774e-01 3.83877159e-01 3.83877159e-01 3.85316699e-01
 3.85316699e-01 3.88675624e-01 3.88675624e-01 3.93474088e-01
 3.93474088e-01 3.99712092e-01 3.99712092e-01 4.01151631e-01
 4.01151631e-01 4.04510557e-01 4.04510557e-01 4.04990403e-01
 4.04990403e-01 4.07869482e-01 4.07869482e-01 4.11228407e-01
 4.11228407e-01 4.26103647e-01 4.26103647e-01 4.29942418e-01
 4.29942418e-01 4.32821497e-01 4.32821497e-01 4.33301344e-01
 4.33301344e-01 4.36180422e-01 4.36180422e-01 4.38579655e-01
 4.38579655e-01 4.40978887e-01 4.40978887e-01 4.41938580e-01
 4.41938580e-01 4.45777351e-01 4.45777351e-01 4.46257198e-01
 4.46257198e-01 4.48176583e-01 4.48176583e-01 4.50095969e-01
 4.50095969e-01 4.52975048e-01 4.52975048e-01 4.59213052e-01
 4.59213052e-01 4.62092131e-01 4.62092131e-01 4.78406910e-01
 4.78406910e-01 4.79846449e-01 4.79846449e-01 4.80806142e-01
 4.80806142e-01 4.82725528e-01 4.82725528e-01 4.84644914e-01
 4.84644914e-01 4.94721689e-01 4.94721689e-01 5.05278311e-01
 5.05278311e-01 5.11516315e-01 5.11516315e-01 5.13915547e-01
 5.13915547e-01 5.15355086e-01 5.15355086e-01 5.17274472e-01
 5.17274472e-01 5.19193858e-01 5.19193858e-01 5.22552783e-01
 5.22552783e-01 5.32149712e-01 5.32149712e-01 5.32629559e-01
 5.32629559e-01 5.38867562e-01 5.38867562e-01 5.40307102e-01
 5.40307102e-01 5.49424184e-01 5.49424184e-01 5.50863724e-01
 5.50863724e-01 5.54222649e-01 5.54222649e-01 5.63819578e-01
 5.63819578e-01 5.64299424e-01 5.64299424e-01 5.64779271e-01
 5.64779271e-01 5.71976967e-01 5.71976967e-01 5.74376200e-01
 5.74376200e-01 5.74856046e-01 5.74856046e-01 5.78214971e-01
 5.78214971e-01 5.80134357e-01 5.80134357e-01 5.83013436e-01
 5.83013436e-01 5.83493282e-01 5.83493282e-01 5.89251440e-01
 5.89251440e-01 6.10364683e-01 6.10364683e-01 6.10844530e-01
 6.10844530e-01 6.15642994e-01 6.15642994e-01 6.18522073e-01
 6.18522073e-01 6.19961612e-01 6.19961612e-01 6.20441459e-01
 6.20441459e-01 6.22360845e-01 6.22360845e-01 6.23800384e-01
 6.23800384e-01 6.25719770e-01 6.25719770e-01 6.30998081e-01
 6.30998081e-01 6.31957774e-01 6.31957774e-01 6.35316699e-01
 6.35316699e-01 6.41074856e-01 6.41074856e-01 6.42514395e-01
 6.42514395e-01 6.42994242e-01 6.42994242e-01 6.50191939e-01
 6.50191939e-01 6.57389635e-01 6.57389635e-01 6.66026871e-01
 6.66026871e-01 6.68905950e-01 6.68905950e-01 6.71305182e-01
 6.71305182e-01 6.73224568e-01 6.73224568e-01 6.75143954e-01
 6.75143954e-01 6.85220729e-01 6.85220729e-01 6.86180422e-01
 6.86180422e-01 6.87619962e-01 6.87619962e-01 7.06333973e-01
 7.06333973e-01 7.10172745e-01 7.10172745e-01 7.29846449e-01
 7.29846449e-01 7.38483685e-01 7.38483685e-01 7.51439539e-01
 7.51439539e-01 7.78310940e-01 7.78310940e-01 7.87428023e-01
 7.88387716e-01 7.94625720e-01 7.94625720e-01 8.06142035e-01
 8.06142035e-01 8.08541267e-01 8.08541267e-01 8.27255278e-01
 8.27255278e-01 8.56046065e-01 8.56046065e-01 8.96833013e-01
 8.98272553e-01 9.28502879e-01 9.29462572e-01 9.39539347e-01
 9.40499040e-01 9.54894434e-01 9.55854127e-01 9.68809981e-01
 9.70249520e-01 9.79366603e-01 9.82245681e-01 9.87523992e-01
 9.90882917e-01 9.95201536e-01 9.96161228e-01 1.00000000e+00]","[0.         0.0026178  0.0078534  0.0078534  0.0104712  0.0104712
 0.01570681 0.01570681 0.02356021 0.02356021 0.02879581 0.02879581
 0.03926702 0.03926702 0.04450262 0.04450262 0.04973822 0.04973822
 0.05235602 0.05235602 0.06020942 0.06020942 0.06282723 0.06282723
 0.06544503 0.06544503 0.06806283 0.06806283 0.07329843 0.07329843
 0.07591623 0.07591623 0.07853403 0.07853403 0.08115183 0.08115183
 0.08900524 0.08900524 0.09162304 0.09162304 0.09424084 0.09424084
 0.09685864 0.09685864 0.09947644 0.09947644 0.10209424 0.10209424
 0.10471204 0.10471204 0.10732984 0.10732984 0.11256545 0.11256545
 0.12041885 0.12041885 0.12565445 0.12565445 0.12827225 0.12827225
 0.13089005 0.13089005 0.13350785 0.13350785 0.13612565 0.13612565
 0.13874346 0.13874346 0.14136126 0.14136126 0.14397906 0.14397906
 0.15183246 0.15183246 0.15445026 0.15445026 0.15706806 0.15706806
 0.16230366 0.16230366 0.16492147 0.16492147 0.16753927 0.16753927
 0.17015707 0.17015707 0.17277487 0.17277487 0.18062827 0.18062827
 0.18324607 0.18324607 0.19109948 0.19109948 0.19371728 0.19371728
 0.19633508 0.19633508 0.20157068 0.20157068 0.21204188 0.21204188
 0.21465969 0.21465969 0.21727749 0.21727749 0.22251309 0.22251309
 0.22774869 0.22774869 0.2408377  0.2408377  0.2486911  0.2486911
 0.2513089  0.2513089  0.2539267  0.2539267  0.2565445  0.2565445
 0.2591623  0.2591623  0.2617801  0.2617801  0.26439791 0.26439791
 0.27225131 0.27225131 0.27748691 0.27748691 0.28272251 0.28272251
 0.28534031 0.28534031 0.28795812 0.28795812 0.29057592 0.29057592
 0.29319372 0.29319372 0.29581152 0.29581152 0.30104712 0.30104712
 0.30366492 0.30366492 0.31151832 0.31151832 0.31413613 0.31413613
 0.31675393 0.31675393 0.31937173 0.31937173 0.32198953 0.32198953
 0.32460733 0.32460733 0.32722513 0.32722513 0.32984293 0.32984293
 0.33246073 0.33246073 0.33507853 0.33507853 0.33769634 0.33769634
 0.34031414 0.34031414 0.34293194 0.34293194 0.34554974 0.34554974
 0.34816754 0.34816754 0.35078534 0.35078534 0.35340314 0.35340314
 0.35602094 0.35602094 0.35863874 0.35863874 0.36387435 0.36387435
 0.36649215 0.36649215 0.37172775 0.37172775 0.37434555 0.37434555
 0.37958115 0.37958115 0.38219895 0.38219895 0.38481675 0.38481675
 0.39005236 0.39005236 0.39267016 0.39267016 0.40052356 0.40052356
 0.40314136 0.40314136 0.40575916 0.40575916 0.40837696 0.40837696
 0.41099476 0.41099476 0.41623037 0.41623037 0.41884817 0.41884817
 0.42146597 0.42146597 0.42408377 0.42408377 0.42670157 0.42670157
 0.42931937 0.42931937 0.43193717 0.43193717 0.43455497 0.43455497
 0.43717277 0.43717277 0.44240838 0.44240838 0.44764398 0.44764398
 0.45026178 0.45026178 0.45287958 0.45287958 0.45549738 0.45549738
 0.45811518 0.45811518 0.46073298 0.46073298 0.46335079 0.46335079
 0.47382199 0.47382199 0.47643979 0.47643979 0.47905759 0.47905759
 0.48429319 0.48429319 0.48691099 0.48691099 0.4895288  0.4895288
 0.4921466  0.4921466  0.4947644  0.4947644  0.4973822  0.4973822
 0.5        0.5        0.5026178  0.5026178  0.5052356  0.5052356
 0.5078534  0.5078534  0.5104712  0.5104712  0.51308901 0.51308901
 0.51570681 0.51570681 0.51832461 0.51832461 0.52356021 0.52356021
 0.52617801 0.52617801 0.52879581 0.52879581 0.53403141 0.53403141
 0.53664921 0.53664921 0.53926702 0.53926702 0.54450262 0.54450262
 0.54712042 0.54712042 0.54973822 0.54973822 0.55235602 0.55235602
 0.55497382 0.55497382 0.55759162 0.55759162 0.56544503 0.56544503
 0.56806283 0.56806283 0.57068063 0.57068063 0.57329843 0.57329843
 0.57591623 0.57591623 0.58115183 0.58115183 0.58376963 0.58376963
 0.58638743 0.58638743 0.58900524 0.58900524 0.59162304 0.59162304
 0.59424084 0.59424084 0.59685864 0.59685864 0.59947644 0.59947644
 0.60209424 0.60209424 0.60471204 0.60471204 0.60994764 0.60994764
 0.61256545 0.61256545 0.61518325 0.61518325 0.61780105 0.61780105
 0.62041885 0.62041885 0.62303665 0.62303665 0.62827225 0.62827225
 0.63350785 0.63350785 0.63612565 0.63612565 0.63874346 0.63874346
 0.64397906 0.64397906 0.64921466 0.64921466 0.65183246 0.65183246
 0.65445026 0.65445026 0.65706806 0.65706806 0.65968586 0.65968586
 0.66230366 0.66230366 0.66492147 0.66492147 0.66753927 0.66753927
 0.67015707 0.67015707 0.67277487 0.67277487 0.67539267 0.67539267
 0.67801047 0.67801047 0.68062827 0.68062827 0.68586387 0.68586387
 0.68848168 0.68848168 0.69109948 0.69109948 0.69633508 0.69633508
 0.69895288 0.69895288 0.70418848 0.70418848 0.70680628 0.70680628
 0.70942408 0.70942408 0.71204188 0.71204188 0.71465969 0.71465969
 0.71727749 0.71727749 0.71989529 0.71989529 0.72513089 0.72513089
 0.72774869 0.72774869 0.73036649 0.73036649 0.73298429 0.73298429
 0.73560209 0.73560209 0.7382199  0.7382199  0.7408377  0.7408377
 0.7434555  0.7434555  0.7460733  0.7460733  0.7486911  0.7486911
 0.7539267  0.7539267  0.7565445  0.7565445  0.7591623  0.7591623
 0.7617801  0.7617801  0.76439791 0.76439791 0.76701571 0.76701571
 0.76963351 0.76963351 0.77225131 0.77225131 0.77486911 0.77486911
 0.77748691 0.77748691 0.78010471 0.78010471 0.78272251 0.78272251
 0.78795812 0.78795812 0.79057592 0.79057592 0.79319372 0.79319372
 0.79581152 0.79581152 0.79842932 0.79842932 0.80104712 0.80104712
 0.80628272 0.80628272 0.80890052 0.80890052 0.81413613 0.81413613
 0.81675393 0.81675393 0.81937173 0.81937173 0.82198953 0.82198953
 0.82460733 0.82460733 0.82722513 0.82722513 0.82984293 0.82984293
 0.83246073 0.83246073 0.83507853 0.83507853 0.83769634 0.83769634
 0.84031414 0.84031414 0.84293194 0.84293194 0.84554974 0.84554974
 0.84816754 0.84816754 0.85078534 0.85078534 0.85340314 0.85340314
 0.85602094 0.85602094 0.85863874 0.85863874 0.86125654 0.86125654
 0.86387435 0.86387435 0.86649215 0.86649215 0.86910995 0.86910995
 0.87172775 0.87172775 0.87434555 0.87434555 0.87696335 0.87696335
 0.87958115 0.87958115 0.88219895 0.88219895 0.88481675 0.88481675
 0.88743455 0.88743455 0.89005236 0.89005236 0.89267016 0.89267016
 0.89528796 0.89528796 0.89790576 0.89790576 0.90052356 0.90052356
 0.90837696 0.90837696 0.91099476 0.91099476 0.91361257 0.91361257
 0.91623037 0.91623037 0.91884817 0.91884817 0.92146597 0.92146597
 0.92408377 0.92408377 0.92670157 0.92670157 0.92931937 0.92931937
 0.93193717 0.93193717 0.93455497 0.93455497 0.93717277 0.93717277
 0.93979058 0.93979058 0.94240838 0.94240838 0.94502618 0.94502618
 0.95026178 0.95026178 0.95287958 0.95287958 0.95549738 0.95549738
 0.95811518 0.95811518 0.96073298 0.96073298 0.96335079 0.96335079
 0.96596859 0.96596859 0.96858639 0.96858639 0.97120419 0.97120419
 0.97643979 0.97643979 0.97905759 0.97905759 0.98167539 0.98167539
 0.98429319 0.98429319 0.98691099 0.98691099 0.98691099 0.98691099
 0.9895288  0.9895288  0.9921466  0.9921466  0.9947644  0.9947644
 0.9973822  0.9973822  1.         1.         1.         1.
 1.         1.         1.         1.         1.         1.
 1.         1.         1.         1.         1.         1.
 1.         1.        ]",0.7432092934449459
XGBoost,oversampling,0.7506082725060828,0.31118314424635335,0.5026178010471204,0.3843843843843844,"[0.         0.         0.         0.00143954 0.00143954 0.00191939
 0.00191939 0.00335893 0.00335893 0.00383877 0.00383877 0.00431862
 0.00431862 0.00479846 0.00479846 0.00527831 0.00527831 0.006238
 0.006238   0.0071977  0.0071977  0.00767754 0.00767754 0.00863724
 0.00863724 0.01007678 0.01007678 0.01055662 0.01055662 0.01151631
 0.01151631 0.01199616 0.01199616 0.01247601 0.01247601 0.0134357
 0.0134357  0.01487524 0.01487524 0.01631478 0.01631478 0.01775432
 0.01775432 0.0206334  0.0206334  0.02159309 0.02159309 0.02255278
 0.02255278 0.02543186 0.02543186 0.02591171 0.02591171 0.02639155
 0.02639155 0.0268714  0.0268714  0.02735125 0.02735125 0.03166987
 0.03166987 0.03214971 0.03214971 0.03502879 0.03502879 0.03598848
 0.03598848 0.04078695 0.04078695 0.04270633 0.04270633 0.04798464
 0.04798464 0.05134357 0.05134357 0.05278311 0.05278311 0.05614203
 0.05614203 0.05662188 0.05662188 0.05758157 0.05758157 0.05902111
 0.05902111 0.06046065 0.06046065 0.06190019 0.06190019 0.06669866
 0.06669866 0.0681382  0.0681382  0.07101727 0.07101727 0.07485605
 0.07485605 0.07725528 0.07725528 0.0806142  0.0806142  0.08493282
 0.08493282 0.08541267 0.08541267 0.08637236 0.08637236 0.08685221
 0.08685221 0.0878119  0.0878119  0.09069098 0.09069098 0.0950096
 0.0950096  0.09644914 0.09644914 0.09692898 0.09692898 0.09788868
 0.09788868 0.09980806 0.09980806 0.10172745 0.10172745 0.10316699
 0.10316699 0.10652591 0.10652591 0.10796545 0.10796545 0.10892514
 0.10892514 0.11036468 0.11036468 0.11612284 0.11612284 0.11756238
 0.11756238 0.11948177 0.11948177 0.11996161 0.11996161 0.12044146
 0.12044146 0.12284069 0.12284069 0.12571977 0.12571977 0.12715931
 0.12715931 0.12907869 0.12907869 0.12955854 0.12955854 0.13147793
 0.13147793 0.13195777 0.13195777 0.13243762 0.13243762 0.13291747
 0.13291747 0.13627639 0.13627639 0.13675624 0.13675624 0.13867562
 0.13867562 0.14059501 0.14059501 0.14107486 0.14107486 0.14203455
 0.14203455 0.14299424 0.14299424 0.14443378 0.14443378 0.14491363
 0.14491363 0.14731286 0.14731286 0.15211132 0.15211132 0.15403071
 0.15403071 0.15547025 0.15547025 0.16074856 0.16074856 0.16170825
 0.16170825 0.16362764 0.16362764 0.16506718 0.16506718 0.16554702
 0.16554702 0.16698656 0.16698656 0.16746641 0.16746641 0.16890595
 0.16890595 0.1693858  0.1693858  0.16986564 0.16986564 0.17418426
 0.17418426 0.17850288 0.17850288 0.17898273 0.17898273 0.1828215
 0.1828215  0.18378119 0.18378119 0.18522073 0.18522073 0.18570058
 0.18570058 0.18809981 0.18809981 0.18857965 0.18857965 0.19001919
 0.19001919 0.19289827 0.19289827 0.19577735 0.19577735 0.19817658
 0.19817658 0.19913628 0.19913628 0.19961612 0.19961612 0.20009597
 0.20009597 0.20153551 0.20153551 0.20201536 0.20201536 0.20393474
 0.20393474 0.2096929  0.2096929  0.21017274 0.21017274 0.21113244
 0.21113244 0.21305182 0.21305182 0.21497121 0.21497121 0.21737044
 0.21737044 0.21928983 0.21928983 0.22360845 0.22360845 0.22456814
 0.22456814 0.22648752 0.22648752 0.23080614 0.23080614 0.23272553
 0.23272553 0.23512476 0.23512476 0.23608445 0.23608445 0.24568138
 0.24568138 0.24664107 0.24664107 0.24712092 0.24712092 0.256238
 0.256238   0.2571977  0.2571977  0.25815739 0.25815739 0.25911708
 0.25911708 0.2696737  0.2696737  0.27111324 0.27111324 0.27303263
 0.27303263 0.27399232 0.27399232 0.27447217 0.27447217 0.27831094
 0.27831094 0.27879079 0.27879079 0.28646833 0.28646833 0.28694818
 0.28694818 0.2903071  0.2903071  0.29078695 0.29078695 0.29558541
 0.29558541 0.29942418 0.29942418 0.3047025  0.3047025  0.30566219
 0.30566219 0.30902111 0.30902111 0.30998081 0.30998081 0.31477927
 0.31477927 0.31525912 0.31525912 0.31957774 0.31957774 0.32101727
 0.32101727 0.32341651 0.32341651 0.32629559 0.32629559 0.33013436
 0.33013436 0.33349328 0.33349328 0.33493282 0.33493282 0.33541267
 0.33541267 0.33589251 0.33589251 0.33685221 0.33685221 0.34021113
 0.34021113 0.34836852 0.34836852 0.35220729 0.35220729 0.35652591
 0.35652591 0.3584453  0.3584453  0.35892514 0.35892514 0.36036468
 0.36036468 0.36276392 0.36276392 0.36324376 0.36324376 0.37092131
 0.37092131 0.37284069 0.37284069 0.37332054 0.37332054 0.37523992
 0.37523992 0.37667946 0.37667946 0.38003839 0.38003839 0.38099808
 0.38099808 0.38387716 0.38387716 0.38579655 0.38579655 0.38867562
 0.38867562 0.39011516 0.39011516 0.39539347 0.39539347 0.40163148
 0.40163148 0.40211132 0.40211132 0.40355086 0.40355086 0.40690979
 0.40690979 0.41362764 0.41362764 0.41458733 0.41458733 0.41506718
 0.41506718 0.41554702 0.41554702 0.4184261  0.4184261  0.42466411
 0.42466411 0.42994242 0.42994242 0.4328215  0.4328215  0.43426104
 0.43426104 0.43522073 0.43522073 0.43570058 0.43570058 0.44145873
 0.44145873 0.44673704 0.44673704 0.44961612 0.44961612 0.45153551
 0.45153551 0.45201536 0.45201536 0.4524952  0.4524952  0.45489443
 0.45489443 0.46545106 0.46545106 0.46928983 0.46928983 0.47792706
 0.47792706 0.47984645 0.47984645 0.49040307 0.49040307 0.50671785
 0.50671785 0.50911708 0.50911708 0.51247601 0.51247601 0.51535509
 0.51535509 0.5206334  0.5206334  0.52639155 0.52639155 0.52735125
 0.52735125 0.52831094 0.52831094 0.53358925 0.53358925 0.53982726
 0.53982726 0.54078695 0.54078695 0.5475048  0.5475048  0.54990403
 0.54990403 0.5547025  0.5547025  0.56046065 0.56046065 0.56477927
 0.56477927 0.57149712 0.57149712 0.57629559 0.57629559 0.57917466
 0.57917466 0.58493282 0.58493282 0.58829175 0.58829175 0.59021113
 0.59021113 0.59117083 0.59117083 0.59452975 0.59452975 0.60172745
 0.60172745 0.60364683 0.60364683 0.60604607 0.60604607 0.60700576
 0.60700576 0.6074856  0.6074856  0.61516315 0.61516315 0.62044146
 0.62044146 0.62284069 0.62284069 0.62428023 0.62428023 0.63291747
 0.63291747 0.64011516 0.64011516 0.65019194 0.65019194 0.65786948
 0.65786948 0.66170825 0.66170825 0.6621881  0.6621881  0.66410749
 0.66410749 0.66698656 0.66698656 0.67178503 0.67178503 0.67706334
 0.67706334 0.68330134 0.68330134 0.68761996 0.68761996 0.69385797
 0.69385797 0.69481766 0.69481766 0.69817658 0.69817658 0.70009597
 0.70009597 0.70153551 0.70153551 0.72216891 0.72216891 0.72984645
 0.72984645 0.74136276 0.74136276 0.74520154 0.74520154 0.74808061
 0.74808061 0.77735125 0.77735125 0.78886756 0.78886756 0.83493282
 0.83493282 0.87140115 0.87140115 0.87428023 0.87428023 0.91698656
 0.91698656 0.93666027 0.93761996 0.9390595  0.9390595  0.94769674
 0.94913628 0.96161228 0.96305182 0.96928983 0.97024952 0.97264875
 0.97600768 0.98368522 0.98464491 0.98560461 0.9865643  0.98752399
 0.98848369 1.        ]","[0.         0.0026178  0.0104712  0.0104712  0.01308901 0.01308901
 0.01570681 0.01570681 0.02617801 0.02617801 0.03403141 0.03403141
 0.03926702 0.03926702 0.04188482 0.04188482 0.04450262 0.04450262
 0.04712042 0.04712042 0.04973822 0.04973822 0.05235602 0.05235602
 0.05497382 0.05497382 0.06020942 0.06020942 0.06544503 0.06544503
 0.07329843 0.07329843 0.08376963 0.08376963 0.08638743 0.08638743
 0.09424084 0.09424084 0.09947644 0.09947644 0.10994764 0.10994764
 0.11518325 0.11518325 0.12303665 0.12303665 0.12827225 0.12827225
 0.13089005 0.13089005 0.13350785 0.13350785 0.13612565 0.13612565
 0.14136126 0.14136126 0.14659686 0.14659686 0.15183246 0.15183246
 0.15445026 0.15445026 0.15706806 0.15706806 0.15968586 0.15968586
 0.16492147 0.16492147 0.17015707 0.17015707 0.17539267 0.17539267
 0.17801047 0.17801047 0.18062827 0.18062827 0.18586387 0.18586387
 0.19895288 0.19895288 0.20418848 0.20418848 0.20680628 0.20680628
 0.21204188 0.21204188 0.21465969 0.21465969 0.21727749 0.21727749
 0.21989529 0.21989529 0.22513089 0.22513089 0.22774869 0.22774869
 0.23298429 0.23298429 0.23560209 0.23560209 0.2408377  0.2408377
 0.2460733  0.2460733  0.2539267  0.2539267  0.2617801  0.2617801
 0.26439791 0.26439791 0.26701571 0.26701571 0.26963351 0.26963351
 0.27225131 0.27225131 0.27486911 0.27486911 0.27748691 0.27748691
 0.28534031 0.28534031 0.28795812 0.28795812 0.29057592 0.29057592
 0.29319372 0.29319372 0.29581152 0.29581152 0.29842932 0.29842932
 0.30104712 0.30104712 0.30366492 0.30366492 0.30628272 0.30628272
 0.30890052 0.30890052 0.31151832 0.31151832 0.31675393 0.31675393
 0.31937173 0.31937173 0.32198953 0.32198953 0.32722513 0.32722513
 0.32984293 0.32984293 0.33246073 0.33246073 0.33507853 0.33507853
 0.33769634 0.33769634 0.34031414 0.34031414 0.34293194 0.34293194
 0.34554974 0.34554974 0.34816754 0.34816754 0.35078534 0.35078534
 0.35340314 0.35340314 0.35602094 0.35602094 0.35863874 0.35863874
 0.36125654 0.36125654 0.36387435 0.36387435 0.36910995 0.36910995
 0.37172775 0.37172775 0.37958115 0.37958115 0.38481675 0.38481675
 0.38743455 0.38743455 0.39005236 0.39005236 0.39528796 0.39528796
 0.39790576 0.39790576 0.40314136 0.40314136 0.41099476 0.41099476
 0.41361257 0.41361257 0.41623037 0.41623037 0.41884817 0.41884817
 0.42146597 0.42146597 0.42408377 0.42408377 0.42670157 0.42670157
 0.42931937 0.42931937 0.43455497 0.43455497 0.43717277 0.43717277
 0.44764398 0.44764398 0.45287958 0.45287958 0.45549738 0.45549738
 0.45811518 0.45811518 0.46335079 0.46335079 0.46596859 0.46596859
 0.46858639 0.46858639 0.47905759 0.47905759 0.48429319 0.48429319
 0.48691099 0.48691099 0.4895288  0.4895288  0.4921466  0.4921466
 0.4947644  0.4947644  0.4973822  0.4973822  0.5        0.5
 0.5026178  0.5026178  0.5052356  0.5052356  0.5078534  0.5078534
 0.5104712  0.5104712  0.51308901 0.51308901 0.51832461 0.51832461
 0.52094241 0.52094241 0.52356021 0.52356021 0.52617801 0.52617801
 0.52879581 0.52879581 0.53664921 0.53664921 0.53926702 0.53926702
 0.54188482 0.54188482 0.54450262 0.54450262 0.54712042 0.54712042
 0.54973822 0.54973822 0.55497382 0.55497382 0.55759162 0.55759162
 0.56020942 0.56020942 0.56282723 0.56282723 0.56544503 0.56544503
 0.56806283 0.56806283 0.57329843 0.57329843 0.57591623 0.57591623
 0.57853403 0.57853403 0.58115183 0.58115183 0.58376963 0.58376963
 0.58638743 0.58638743 0.59162304 0.59162304 0.59424084 0.59424084
 0.59685864 0.59685864 0.59947644 0.59947644 0.60209424 0.60209424
 0.60471204 0.60471204 0.60732984 0.60732984 0.60994764 0.60994764
 0.61256545 0.61256545 0.61518325 0.61518325 0.61780105 0.61780105
 0.62303665 0.62303665 0.62565445 0.62565445 0.62827225 0.62827225
 0.63089005 0.63089005 0.63612565 0.63612565 0.63874346 0.63874346
 0.64136126 0.64136126 0.64397906 0.64397906 0.64921466 0.64921466
 0.65183246 0.65183246 0.65968586 0.65968586 0.66230366 0.66230366
 0.66753927 0.66753927 0.67277487 0.67277487 0.67539267 0.67539267
 0.67801047 0.67801047 0.68324607 0.68324607 0.68586387 0.68586387
 0.68848168 0.68848168 0.69109948 0.69109948 0.69371728 0.69371728
 0.69633508 0.69633508 0.69895288 0.69895288 0.70157068 0.70157068
 0.70418848 0.70418848 0.70680628 0.70680628 0.70942408 0.70942408
 0.71204188 0.71204188 0.71465969 0.71465969 0.71727749 0.71727749
 0.71989529 0.71989529 0.72513089 0.72513089 0.72774869 0.72774869
 0.73036649 0.73036649 0.73560209 0.73560209 0.7382199  0.7382199
 0.7408377  0.7408377  0.7434555  0.7434555  0.7460733  0.7460733
 0.7486911  0.7486911  0.7513089  0.7513089  0.7539267  0.7539267
 0.7591623  0.7591623  0.7617801  0.7617801  0.76439791 0.76439791
 0.76701571 0.76701571 0.77225131 0.77225131 0.77486911 0.77486911
 0.77748691 0.77748691 0.78010471 0.78010471 0.78534031 0.78534031
 0.78795812 0.78795812 0.79057592 0.79057592 0.79319372 0.79319372
 0.79581152 0.79581152 0.79842932 0.79842932 0.80104712 0.80104712
 0.80366492 0.80366492 0.80890052 0.80890052 0.81151832 0.81151832
 0.81413613 0.81413613 0.81675393 0.81675393 0.81937173 0.81937173
 0.82198953 0.82198953 0.82460733 0.82460733 0.82722513 0.82722513
 0.83246073 0.83246073 0.83507853 0.83507853 0.84031414 0.84031414
 0.84816754 0.84816754 0.85602094 0.85602094 0.85863874 0.85863874
 0.86125654 0.86125654 0.86649215 0.86649215 0.86910995 0.86910995
 0.87434555 0.87434555 0.87696335 0.87696335 0.87958115 0.87958115
 0.88219895 0.88219895 0.88481675 0.88481675 0.88743455 0.88743455
 0.89005236 0.89005236 0.89267016 0.89267016 0.89528796 0.89528796
 0.89790576 0.89790576 0.90052356 0.90052356 0.90314136 0.90314136
 0.90837696 0.90837696 0.91099476 0.91099476 0.91361257 0.91361257
 0.91623037 0.91623037 0.91884817 0.91884817 0.92146597 0.92146597
 0.92408377 0.92408377 0.92670157 0.92670157 0.92931937 0.92931937
 0.93193717 0.93193717 0.93455497 0.93455497 0.93717277 0.93717277
 0.93979058 0.93979058 0.94502618 0.94502618 0.94764398 0.94764398
 0.95026178 0.95026178 0.95287958 0.95287958 0.95549738 0.95549738
 0.95811518 0.95811518 0.96073298 0.96073298 0.96335079 0.96335079
 0.96596859 0.96596859 0.96858639 0.96858639 0.97120419 0.97120419
 0.97382199 0.97382199 0.97643979 0.97643979 0.97905759 0.97905759
 0.98167539 0.98167539 0.98429319 0.98429319 0.98691099 0.98691099
 0.9895288  0.9895288  0.9921466  0.9921466  0.9947644  0.9947644
 0.9973822  0.9973822  0.9973822  0.9973822  1.         1.
 1.         1.         1.         1.         1.         1.
 1.         1.         1.         1.         1.         1.
 1.         1.        ]",0.7312081076463909
XGBoost,undersampling,0.6399026763990268,0.2553191489361702,0.6910994764397905,0.3728813559322034,"[0.00000000e+00 4.79846449e-04 9.59692898e-04 9.59692898e-04
 2.87907869e-03 2.87907869e-03 4.31861804e-03 4.31861804e-03
 5.27831094e-03 5.27831094e-03 5.75815739e-03 5.75815739e-03
 6.23800384e-03 6.23800384e-03 7.19769674e-03 7.19769674e-03
 7.67754319e-03 7.67754319e-03 8.15738964e-03 8.15738964e-03
 8.63723608e-03 8.63723608e-03 1.00767754e-02 1.00767754e-02
 1.05566219e-02 1.05566219e-02 1.15163148e-02 1.15163148e-02
 1.24760077e-02 1.24760077e-02 1.29558541e-02 1.29558541e-02
 1.39155470e-02 1.39155470e-02 1.43953935e-02 1.43953935e-02
 1.48752399e-02 1.48752399e-02 1.63147793e-02 1.63147793e-02
 1.67946257e-02 1.67946257e-02 1.72744722e-02 1.72744722e-02
 1.91938580e-02 1.91938580e-02 2.01535509e-02 2.01535509e-02
 2.06333973e-02 2.06333973e-02 2.20729367e-02 2.20729367e-02
 2.35124760e-02 2.35124760e-02 2.54318618e-02 2.54318618e-02
 2.68714012e-02 2.68714012e-02 2.73512476e-02 2.73512476e-02
 2.97504798e-02 2.97504798e-02 3.07101727e-02 3.07101727e-02
 3.11900192e-02 3.11900192e-02 3.31094050e-02 3.31094050e-02
 3.59884837e-02 3.59884837e-02 3.74280230e-02 3.74280230e-02
 3.93474088e-02 3.93474088e-02 3.98272553e-02 3.98272553e-02
 4.17466411e-02 4.17466411e-02 4.27063340e-02 4.27063340e-02
 4.41458733e-02 4.41458733e-02 4.75047985e-02 4.75047985e-02
 4.84644914e-02 4.84644914e-02 4.89443378e-02 4.89443378e-02
 5.37428023e-02 5.37428023e-02 5.61420345e-02 5.61420345e-02
 5.85412668e-02 5.85412668e-02 5.95009597e-02 5.95009597e-02
 6.23800384e-02 6.23800384e-02 6.47792706e-02 6.47792706e-02
 6.66986564e-02 6.66986564e-02 6.71785029e-02 6.71785029e-02
 6.81381958e-02 6.81381958e-02 7.00575816e-02 7.00575816e-02
 7.05374280e-02 7.05374280e-02 7.14971209e-02 7.14971209e-02
 7.38963532e-02 7.38963532e-02 7.48560461e-02 7.48560461e-02
 7.53358925e-02 7.53358925e-02 7.72552783e-02 7.72552783e-02
 7.86948177e-02 7.86948177e-02 7.96545106e-02 7.96545106e-02
 8.20537428e-02 8.20537428e-02 8.58925144e-02 8.58925144e-02
 8.78119002e-02 8.78119002e-02 9.30902111e-02 9.30902111e-02
 9.50095969e-02 9.50095969e-02 9.64491363e-02 9.64491363e-02
 9.88483685e-02 9.88483685e-02 1.00767754e-01 1.00767754e-01
 1.01247601e-01 1.01247601e-01 1.01727447e-01 1.01727447e-01
 1.02207294e-01 1.02207294e-01 1.04126679e-01 1.04126679e-01
 1.05566219e-01 1.05566219e-01 1.06046065e-01 1.06046065e-01
 1.08445298e-01 1.08445298e-01 1.08925144e-01 1.08925144e-01
 1.12284069e-01 1.12284069e-01 1.12763916e-01 1.12763916e-01
 1.15163148e-01 1.15163148e-01 1.19481766e-01 1.19481766e-01
 1.21401152e-01 1.21401152e-01 1.21880998e-01 1.21880998e-01
 1.24760077e-01 1.24760077e-01 1.27159309e-01 1.27159309e-01
 1.27639155e-01 1.27639155e-01 1.28598848e-01 1.28598848e-01
 1.30038388e-01 1.30038388e-01 1.30518234e-01 1.30518234e-01
 1.31957774e-01 1.31957774e-01 1.38675624e-01 1.38675624e-01
 1.42034549e-01 1.42034549e-01 1.43474088e-01 1.43474088e-01
 1.44433781e-01 1.44433781e-01 1.45393474e-01 1.45393474e-01
 1.46353167e-01 1.46353167e-01 1.46833013e-01 1.46833013e-01
 1.49232246e-01 1.49232246e-01 1.54990403e-01 1.54990403e-01
 1.57389635e-01 1.57389635e-01 1.60268714e-01 1.60268714e-01
 1.61228407e-01 1.61228407e-01 1.72264875e-01 1.72264875e-01
 1.73704415e-01 1.73704415e-01 1.74664107e-01 1.74664107e-01
 1.77543186e-01 1.77543186e-01 1.81381958e-01 1.81381958e-01
 1.84740883e-01 1.84740883e-01 1.85700576e-01 1.85700576e-01
 1.86660269e-01 1.86660269e-01 1.89539347e-01 1.89539347e-01
 1.91938580e-01 1.91938580e-01 1.93378119e-01 1.93378119e-01
 1.94817658e-01 1.94817658e-01 1.99616123e-01 1.99616123e-01
 2.00575816e-01 2.00575816e-01 2.09692898e-01 2.09692898e-01
 2.11132438e-01 2.11132438e-01 2.19769674e-01 2.19769674e-01
 2.22168906e-01 2.22168906e-01 2.23128599e-01 2.23128599e-01
 2.26007678e-01 2.26007678e-01 2.29846449e-01 2.29846449e-01
 2.31285988e-01 2.31285988e-01 2.31765835e-01 2.31765835e-01
 2.34644914e-01 2.34644914e-01 2.35124760e-01 2.35124760e-01
 2.37044146e-01 2.37044146e-01 2.38963532e-01 2.38963532e-01
 2.39923225e-01 2.39923225e-01 2.42322457e-01 2.42322457e-01
 2.42802303e-01 2.42802303e-01 2.43282150e-01 2.43282150e-01
 2.44241843e-01 2.44241843e-01 2.45681382e-01 2.45681382e-01
 2.46161228e-01 2.46161228e-01 2.47120921e-01 2.47120921e-01
 2.54318618e-01 2.54318618e-01 2.55278311e-01 2.55278311e-01
 2.55758157e-01 2.55758157e-01 2.56238004e-01 2.56238004e-01
 2.58637236e-01 2.58637236e-01 2.59117083e-01 2.59117083e-01
 2.63915547e-01 2.63915547e-01 2.64395393e-01 2.64395393e-01
 2.66794626e-01 2.66794626e-01 2.72072937e-01 2.72072937e-01
 2.72552783e-01 2.72552783e-01 2.75911708e-01 2.75911708e-01
 2.82149712e-01 2.82149712e-01 2.84069098e-01 2.84069098e-01
 2.85028791e-01 2.85028791e-01 2.94145873e-01 2.94145873e-01
 2.94625720e-01 2.94625720e-01 2.99424184e-01 2.99424184e-01
 3.01343570e-01 3.01343570e-01 3.04222649e-01 3.04222649e-01
 3.06142035e-01 3.06142035e-01 3.07101727e-01 3.07101727e-01
 3.08061420e-01 3.08061420e-01 3.13819578e-01 3.13819578e-01
 3.17178503e-01 3.17178503e-01 3.18138196e-01 3.18138196e-01
 3.20057582e-01 3.20057582e-01 3.26775432e-01 3.26775432e-01
 3.33973129e-01 3.33973129e-01 3.35412668e-01 3.35412668e-01
 3.35892514e-01 3.35892514e-01 3.40690979e-01 3.40690979e-01
 3.41650672e-01 3.41650672e-01 3.42610365e-01 3.42610365e-01
 3.44529750e-01 3.44529750e-01 3.45009597e-01 3.45009597e-01
 3.45489443e-01 3.45489443e-01 3.46928983e-01 3.46928983e-01
 3.48368522e-01 3.48368522e-01 3.51247601e-01 3.51247601e-01
 3.52207294e-01 3.52207294e-01 3.59884837e-01 3.59884837e-01
 3.60844530e-01 3.60844530e-01 3.61804223e-01 3.61804223e-01
 3.65163148e-01 3.65163148e-01 3.68042226e-01 3.68042226e-01
 3.68522073e-01 3.68522073e-01 3.72360845e-01 3.72360845e-01
 3.79558541e-01 3.79558541e-01 3.86756238e-01 3.86756238e-01
 3.87715931e-01 3.87715931e-01 3.90595010e-01 3.90595010e-01
 3.91554702e-01 3.91554702e-01 3.94433781e-01 3.94433781e-01
 3.99712092e-01 3.99712092e-01 4.00191939e-01 4.00191939e-01
 4.02111324e-01 4.02111324e-01 4.09309021e-01 4.09309021e-01
 4.09788868e-01 4.09788868e-01 4.16026871e-01 4.16026871e-01
 4.16506718e-01 4.16506718e-01 4.19865643e-01 4.19865643e-01
 4.26103647e-01 4.26103647e-01 4.28023033e-01 4.28023033e-01
 4.31381958e-01 4.31381958e-01 4.31861804e-01 4.31861804e-01
 4.32821497e-01 4.32821497e-01 4.33781190e-01 4.33781190e-01
 4.35700576e-01 4.35700576e-01 4.39059501e-01 4.39059501e-01
 4.42898273e-01 4.42898273e-01 4.44337812e-01 4.44337812e-01
 4.47216891e-01 4.47216891e-01 4.47696737e-01 4.47696737e-01
 4.50575816e-01 4.50575816e-01 4.51535509e-01 4.51535509e-01
 4.55854127e-01 4.55854127e-01 4.61612284e-01 4.61612284e-01
 4.68330134e-01 4.68330134e-01 4.73128599e-01 4.73128599e-01
 4.83205374e-01 4.83205374e-01 4.84165067e-01 4.84165067e-01
 4.87523992e-01 4.87523992e-01 4.88963532e-01 4.88963532e-01
 4.90403071e-01 4.90403071e-01 4.93761996e-01 4.93761996e-01
 5.06238004e-01 5.06238004e-01 5.08157390e-01 5.08157390e-01
 5.11036468e-01 5.11036468e-01 5.12476008e-01 5.12476008e-01
 5.18234165e-01 5.18234165e-01 5.18714012e-01 5.18714012e-01
 5.22072937e-01 5.22072937e-01 5.31669866e-01 5.31669866e-01
 5.33589251e-01 5.33589251e-01 5.35508637e-01 5.35508637e-01
 5.35988484e-01 5.35988484e-01 5.36468330e-01 5.36468330e-01
 5.43186180e-01 5.43186180e-01 5.46065259e-01 5.46065259e-01
 5.47024952e-01 5.47024952e-01 5.49424184e-01 5.49424184e-01
 5.50863724e-01 5.50863724e-01 5.53262956e-01 5.53262956e-01
 5.59021113e-01 5.59021113e-01 5.60460653e-01 5.60460653e-01
 5.65259117e-01 5.65259117e-01 5.66218810e-01 5.66218810e-01
 5.70057582e-01 5.70057582e-01 5.77735125e-01 5.77735125e-01
 5.79654511e-01 5.79654511e-01 5.83013436e-01 5.83013436e-01
 5.83493282e-01 5.83493282e-01 5.86852207e-01 5.86852207e-01
 5.88771593e-01 5.88771593e-01 5.89731286e-01 5.89731286e-01
 5.94049904e-01 5.94049904e-01 5.95009597e-01 5.95009597e-01
 5.99808061e-01 5.99808061e-01 6.00767754e-01 6.00767754e-01
 6.05566219e-01 6.05566219e-01 6.11804223e-01 6.11804223e-01
 6.17082534e-01 6.17082534e-01 6.19481766e-01 6.19481766e-01
 6.19961612e-01 6.19961612e-01 6.20921305e-01 6.20921305e-01
 6.21880998e-01 6.21880998e-01 6.25719770e-01 6.25719770e-01
 6.33877159e-01 6.33877159e-01 6.37715931e-01 6.37715931e-01
 6.56429942e-01 6.56429942e-01 6.62667946e-01 6.62667946e-01
 6.69385797e-01 6.69385797e-01 6.71785029e-01 6.71785029e-01
 6.74664107e-01 6.74664107e-01 6.83301344e-01 6.83301344e-01
 6.87619962e-01 6.87619962e-01 6.92898273e-01 6.92898273e-01
 7.05854127e-01 7.05854127e-01 7.08733205e-01 7.08733205e-01
 7.11132438e-01 7.11132438e-01 7.12092131e-01 7.12092131e-01
 7.12571977e-01 7.12571977e-01 7.16890595e-01 7.16890595e-01
 7.39443378e-01 7.39443378e-01 7.49040307e-01 7.49040307e-01
 7.51439539e-01 7.51439539e-01 7.58637236e-01 7.58637236e-01
 7.64875240e-01 7.64875240e-01 7.70633397e-01 7.70633397e-01
 7.71113244e-01 7.71113244e-01 7.91746641e-01 7.91746641e-01
 8.17658349e-01 8.17658349e-01 8.33493282e-01 8.33493282e-01
 8.42610365e-01 8.42610365e-01 9.23224568e-01 9.23224568e-01
 9.30422265e-01 9.31861804e-01 9.67850288e-01 9.69289827e-01
 9.72168906e-01 9.73128599e-01 9.76007678e-01 9.76967370e-01
 9.78886756e-01 9.79846449e-01 9.88963532e-01 9.89923225e-01
 9.92802303e-01 9.96161228e-01 9.98560461e-01 9.99520154e-01
 1.00000000e+00]","[0.         0.         0.         0.0026178  0.0026178  0.0078534
 0.0078534  0.0104712  0.0104712  0.02094241 0.02094241 0.02356021
 0.02356021 0.02879581 0.02879581 0.03141361 0.03141361 0.03664921
 0.03664921 0.03926702 0.03926702 0.04188482 0.04188482 0.04450262
 0.04450262 0.04712042 0.04712042 0.04973822 0.04973822 0.05235602
 0.05235602 0.06282723 0.06282723 0.07068063 0.07068063 0.07329843
 0.07329843 0.07853403 0.07853403 0.08115183 0.08115183 0.08900524
 0.08900524 0.09162304 0.09162304 0.09424084 0.09424084 0.09685864
 0.09685864 0.10209424 0.10209424 0.10994764 0.10994764 0.11256545
 0.11256545 0.12303665 0.12303665 0.12565445 0.12565445 0.13350785
 0.13350785 0.13612565 0.13612565 0.13874346 0.13874346 0.14136126
 0.14136126 0.14659686 0.14659686 0.15968586 0.15968586 0.16230366
 0.16230366 0.17015707 0.17015707 0.17801047 0.17801047 0.18324607
 0.18324607 0.18586387 0.18586387 0.18848168 0.18848168 0.19371728
 0.19371728 0.19633508 0.19633508 0.19895288 0.19895288 0.20157068
 0.20157068 0.20680628 0.20680628 0.20942408 0.20942408 0.21204188
 0.21204188 0.21727749 0.21727749 0.22251309 0.22251309 0.22513089
 0.22513089 0.22774869 0.22774869 0.23036649 0.23036649 0.23298429
 0.23298429 0.2382199  0.2382199  0.2434555  0.2434555  0.2513089
 0.2513089  0.2539267  0.2539267  0.2617801  0.2617801  0.26439791
 0.26439791 0.26701571 0.26701571 0.28010471 0.28010471 0.28272251
 0.28272251 0.28534031 0.28534031 0.28795812 0.28795812 0.29842932
 0.29842932 0.30104712 0.30104712 0.30366492 0.30366492 0.30890052
 0.30890052 0.31151832 0.31151832 0.31413613 0.31413613 0.31675393
 0.31675393 0.32198953 0.32198953 0.32722513 0.32722513 0.32984293
 0.32984293 0.33246073 0.33246073 0.33507853 0.33507853 0.33769634
 0.33769634 0.34031414 0.34031414 0.34293194 0.34293194 0.34816754
 0.34816754 0.35340314 0.35340314 0.36125654 0.36125654 0.36387435
 0.36387435 0.36649215 0.36649215 0.36910995 0.36910995 0.37434555
 0.37434555 0.37696335 0.37696335 0.38219895 0.38219895 0.38481675
 0.38481675 0.38743455 0.38743455 0.39005236 0.39005236 0.39267016
 0.39267016 0.40052356 0.40052356 0.40314136 0.40314136 0.40837696
 0.40837696 0.41361257 0.41361257 0.41623037 0.41623037 0.42146597
 0.42146597 0.42408377 0.42408377 0.42670157 0.42670157 0.43193717
 0.43193717 0.43455497 0.43455497 0.43717277 0.43717277 0.43979058
 0.43979058 0.44240838 0.44240838 0.44502618 0.44502618 0.44764398
 0.44764398 0.45287958 0.45287958 0.45549738 0.45549738 0.45811518
 0.45811518 0.46073298 0.46073298 0.46335079 0.46335079 0.46596859
 0.46596859 0.46858639 0.46858639 0.47120419 0.47120419 0.47382199
 0.47382199 0.47643979 0.47643979 0.47905759 0.47905759 0.48167539
 0.48167539 0.48429319 0.48429319 0.48691099 0.48691099 0.4895288
 0.4895288  0.4921466  0.4921466  0.4947644  0.4947644  0.4973822
 0.4973822  0.5        0.5        0.5026178  0.5026178  0.5052356
 0.5052356  0.5078534  0.5078534  0.51570681 0.51570681 0.51832461
 0.51832461 0.52094241 0.52094241 0.52356021 0.52356021 0.52617801
 0.52617801 0.52879581 0.52879581 0.53403141 0.53403141 0.53664921
 0.53664921 0.53926702 0.53926702 0.54188482 0.54188482 0.54712042
 0.54712042 0.54973822 0.54973822 0.55497382 0.55497382 0.55759162
 0.55759162 0.56020942 0.56020942 0.56282723 0.56282723 0.57329843
 0.57329843 0.57591623 0.57591623 0.57853403 0.57853403 0.58115183
 0.58115183 0.58638743 0.58638743 0.58900524 0.58900524 0.59162304
 0.59162304 0.59424084 0.59424084 0.59685864 0.59685864 0.59947644
 0.59947644 0.60471204 0.60471204 0.60732984 0.60732984 0.60994764
 0.60994764 0.61256545 0.61256545 0.61518325 0.61518325 0.61780105
 0.61780105 0.62041885 0.62041885 0.62303665 0.62303665 0.63089005
 0.63089005 0.63350785 0.63350785 0.63612565 0.63612565 0.63874346
 0.63874346 0.64136126 0.64136126 0.64397906 0.64397906 0.64659686
 0.64659686 0.64921466 0.64921466 0.65445026 0.65445026 0.65706806
 0.65706806 0.65968586 0.65968586 0.66753927 0.66753927 0.67015707
 0.67015707 0.67277487 0.67277487 0.67539267 0.67539267 0.67801047
 0.67801047 0.68062827 0.68062827 0.68324607 0.68324607 0.68586387
 0.68586387 0.68848168 0.68848168 0.69109948 0.69109948 0.69371728
 0.69371728 0.69633508 0.69633508 0.70157068 0.70157068 0.70418848
 0.70418848 0.70680628 0.70680628 0.70942408 0.70942408 0.71204188
 0.71204188 0.71465969 0.71465969 0.71727749 0.71727749 0.71989529
 0.71989529 0.72251309 0.72251309 0.72513089 0.72513089 0.72774869
 0.72774869 0.73036649 0.73036649 0.73298429 0.73298429 0.73560209
 0.73560209 0.7382199  0.7382199  0.7408377  0.7408377  0.7434555
 0.7434555  0.7460733  0.7460733  0.7486911  0.7486911  0.7513089
 0.7513089  0.7539267  0.7539267  0.7565445  0.7565445  0.7591623
 0.7591623  0.7617801  0.7617801  0.76439791 0.76439791 0.76701571
 0.76701571 0.76963351 0.76963351 0.77486911 0.77486911 0.78010471
 0.78010471 0.78272251 0.78272251 0.78534031 0.78534031 0.78795812
 0.78795812 0.79057592 0.79057592 0.79319372 0.79319372 0.79581152
 0.79581152 0.79842932 0.79842932 0.80366492 0.80366492 0.80628272
 0.80628272 0.80890052 0.80890052 0.81151832 0.81151832 0.81413613
 0.81413613 0.81675393 0.81675393 0.81937173 0.81937173 0.82198953
 0.82198953 0.82460733 0.82460733 0.82984293 0.82984293 0.83246073
 0.83246073 0.83507853 0.83507853 0.84031414 0.84031414 0.84293194
 0.84293194 0.84554974 0.84554974 0.84816754 0.84816754 0.85078534
 0.85078534 0.85340314 0.85340314 0.85602094 0.85602094 0.85863874
 0.85863874 0.86125654 0.86125654 0.86387435 0.86387435 0.86910995
 0.86910995 0.87172775 0.87172775 0.87434555 0.87434555 0.87696335
 0.87696335 0.87958115 0.87958115 0.88219895 0.88219895 0.88481675
 0.88481675 0.88743455 0.88743455 0.89005236 0.89005236 0.89267016
 0.89267016 0.89528796 0.89528796 0.89790576 0.89790576 0.90052356
 0.90052356 0.90314136 0.90314136 0.90575916 0.90575916 0.90837696
 0.90837696 0.91099476 0.91099476 0.91361257 0.91361257 0.91623037
 0.91623037 0.91884817 0.91884817 0.92146597 0.92146597 0.92408377
 0.92408377 0.92670157 0.92670157 0.92931937 0.92931937 0.93193717
 0.93193717 0.93455497 0.93455497 0.93717277 0.93717277 0.93979058
 0.93979058 0.94240838 0.94240838 0.94502618 0.94502618 0.94764398
 0.94764398 0.95026178 0.95026178 0.95287958 0.95287958 0.95549738
 0.95549738 0.95811518 0.95811518 0.96073298 0.96073298 0.96335079
 0.96335079 0.96596859 0.96596859 0.97120419 0.97120419 0.97382199
 0.97382199 0.97643979 0.97643979 0.97905759 0.97905759 0.98167539
 0.98167539 0.98691099 0.98691099 0.9895288  0.9895288  0.9921466
 0.9921466  0.9947644  0.9947644  0.9973822  0.9973822  1.
 1.         1.         1.         1.         1.         1.
 1.         1.         1.         1.         1.         1.
 1.         1.         1.         1.         1.        ]",0.7281669865642995
XGBoost,class_weighted,0.7575020275750203,0.3193979933110368,0.5,0.38979591836734695,"[0.00000000e+00 0.00000000e+00 0.00000000e+00 9.59692898e-04
 9.59692898e-04 1.43953935e-03 1.43953935e-03 3.35892514e-03
 3.35892514e-03 3.83877159e-03 3.83877159e-03 4.31861804e-03
 4.31861804e-03 5.27831094e-03 5.27831094e-03 5.75815739e-03
 5.75815739e-03 7.19769674e-03 7.19769674e-03 7.67754319e-03
 7.67754319e-03 8.15738964e-03 8.15738964e-03 8.63723608e-03
 8.63723608e-03 9.11708253e-03 9.11708253e-03 9.59692898e-03
 9.59692898e-03 1.00767754e-02 1.00767754e-02 1.10364683e-02
 1.10364683e-02 1.19961612e-02 1.19961612e-02 1.24760077e-02
 1.24760077e-02 1.29558541e-02 1.29558541e-02 1.43953935e-02
 1.43953935e-02 1.77543186e-02 1.77543186e-02 1.87140115e-02
 1.87140115e-02 2.01535509e-02 2.01535509e-02 2.11132438e-02
 2.11132438e-02 2.25527831e-02 2.25527831e-02 2.30326296e-02
 2.30326296e-02 2.44721689e-02 2.44721689e-02 2.63915547e-02
 2.63915547e-02 2.68714012e-02 2.68714012e-02 2.78310940e-02
 2.78310940e-02 2.92706334e-02 2.92706334e-02 3.16698656e-02
 3.16698656e-02 3.26295585e-02 3.26295585e-02 3.45489443e-02
 3.45489443e-02 3.55086372e-02 3.55086372e-02 3.64683301e-02
 3.64683301e-02 3.69481766e-02 3.69481766e-02 3.79078695e-02
 3.79078695e-02 3.93474088e-02 3.93474088e-02 4.12667946e-02
 4.12667946e-02 4.27063340e-02 4.27063340e-02 4.31861804e-02
 4.31861804e-02 4.41458733e-02 4.41458733e-02 4.51055662e-02
 4.51055662e-02 4.60652591e-02 4.60652591e-02 4.70249520e-02
 4.70249520e-02 4.79846449e-02 4.79846449e-02 4.89443378e-02
 4.89443378e-02 5.03838772e-02 5.03838772e-02 5.42226488e-02
 5.42226488e-02 5.61420345e-02 5.61420345e-02 5.71017274e-02
 5.71017274e-02 5.75815739e-02 5.75815739e-02 5.95009597e-02
 5.95009597e-02 6.09404990e-02 6.09404990e-02 6.14203455e-02
 6.14203455e-02 6.19001919e-02 6.19001919e-02 6.23800384e-02
 6.23800384e-02 6.28598848e-02 6.28598848e-02 6.33397313e-02
 6.33397313e-02 6.42994242e-02 6.42994242e-02 6.90978887e-02
 6.90978887e-02 7.10172745e-02 7.10172745e-02 7.24568138e-02
 7.24568138e-02 7.29366603e-02 7.29366603e-02 7.43761996e-02
 7.43761996e-02 7.58157390e-02 7.58157390e-02 7.62955854e-02
 7.62955854e-02 7.91746641e-02 7.91746641e-02 8.15738964e-02
 8.15738964e-02 8.25335893e-02 8.25335893e-02 8.30134357e-02
 8.30134357e-02 8.34932821e-02 8.34932821e-02 8.49328215e-02
 8.49328215e-02 8.73320537e-02 8.73320537e-02 8.92514395e-02
 8.92514395e-02 9.45297505e-02 9.45297505e-02 9.69289827e-02
 9.69289827e-02 1.01247601e-01 1.01247601e-01 1.02207294e-01
 1.02207294e-01 1.04606526e-01 1.04606526e-01 1.05566219e-01
 1.05566219e-01 1.07485605e-01 1.07485605e-01 1.09404990e-01
 1.09404990e-01 1.09884837e-01 1.09884837e-01 1.12763916e-01
 1.12763916e-01 1.13723608e-01 1.13723608e-01 1.14203455e-01
 1.14203455e-01 1.14683301e-01 1.14683301e-01 1.15163148e-01
 1.15163148e-01 1.16122841e-01 1.16122841e-01 1.18042226e-01
 1.18042226e-01 1.18522073e-01 1.18522073e-01 1.19961612e-01
 1.19961612e-01 1.22840691e-01 1.22840691e-01 1.23320537e-01
 1.23320537e-01 1.25239923e-01 1.25239923e-01 1.26679463e-01
 1.26679463e-01 1.28598848e-01 1.28598848e-01 1.29078695e-01
 1.29078695e-01 1.31957774e-01 1.31957774e-01 1.37715931e-01
 1.37715931e-01 1.38675624e-01 1.38675624e-01 1.39155470e-01
 1.39155470e-01 1.39635317e-01 1.39635317e-01 1.40115163e-01
 1.40115163e-01 1.44913628e-01 1.44913628e-01 1.46353167e-01
 1.46353167e-01 1.47312860e-01 1.47312860e-01 1.48752399e-01
 1.48752399e-01 1.49712092e-01 1.49712092e-01 1.50671785e-01
 1.50671785e-01 1.57389635e-01 1.57389635e-01 1.57869482e-01
 1.57869482e-01 1.58349328e-01 1.58349328e-01 1.60748560e-01
 1.60748560e-01 1.62667946e-01 1.62667946e-01 1.63147793e-01
 1.63147793e-01 1.64587332e-01 1.64587332e-01 1.65067179e-01
 1.65067179e-01 1.65547025e-01 1.65547025e-01 1.72264875e-01
 1.72264875e-01 1.76103647e-01 1.76103647e-01 1.79462572e-01
 1.79462572e-01 1.79942418e-01 1.79942418e-01 1.80902111e-01
 1.80902111e-01 1.81381958e-01 1.81381958e-01 1.86660269e-01
 1.86660269e-01 1.87619962e-01 1.88579655e-01 1.90978887e-01
 1.90978887e-01 1.91458733e-01 1.91458733e-01 1.93857965e-01
 1.93857965e-01 2.01055662e-01 2.01055662e-01 2.06333973e-01
 2.06333973e-01 2.08253359e-01 2.08253359e-01 2.09692898e-01
 2.09692898e-01 2.12571977e-01 2.12571977e-01 2.17370441e-01
 2.17370441e-01 2.19289827e-01 2.19289827e-01 2.20249520e-01
 2.20249520e-01 2.27927063e-01 2.27927063e-01 2.28886756e-01
 2.28886756e-01 2.32725528e-01 2.32725528e-01 2.36084453e-01
 2.36084453e-01 2.40403071e-01 2.40403071e-01 2.40882917e-01
 2.40882917e-01 2.41362764e-01 2.41362764e-01 2.47120921e-01
 2.47120921e-01 2.51919386e-01 2.51919386e-01 2.53838772e-01
 2.53838772e-01 2.62955854e-01 2.62955854e-01 2.63915547e-01
 2.63915547e-01 2.64395393e-01 2.64395393e-01 2.66314779e-01
 2.66314779e-01 2.69193858e-01 2.69193858e-01 2.69673704e-01
 2.69673704e-01 2.72072937e-01 2.72072937e-01 2.74952015e-01
 2.74952015e-01 2.79750480e-01 2.79750480e-01 2.86468330e-01
 2.86468330e-01 2.86948177e-01 2.86948177e-01 2.89347409e-01
 2.89347409e-01 2.96065259e-01 2.96065259e-01 3.01343570e-01
 3.01343570e-01 3.04222649e-01 3.04222649e-01 3.06142035e-01
 3.06142035e-01 3.11420345e-01 3.11420345e-01 3.13819578e-01
 3.13819578e-01 3.23896353e-01 3.23896353e-01 3.26295585e-01
 3.26295585e-01 3.28214971e-01 3.28214971e-01 3.28694818e-01
 3.28694818e-01 3.29174664e-01 3.29174664e-01 3.31573896e-01
 3.31573896e-01 3.37332054e-01 3.37332054e-01 3.37811900e-01
 3.37811900e-01 3.39731286e-01 3.39731286e-01 3.43090211e-01
 3.43090211e-01 3.45969290e-01 3.45969290e-01 3.47888676e-01
 3.47888676e-01 3.57485605e-01 3.57485605e-01 3.60364683e-01
 3.60364683e-01 3.63723608e-01 3.63723608e-01 3.66122841e-01
 3.66122841e-01 3.67082534e-01 3.67082534e-01 3.72360845e-01
 3.72360845e-01 3.73320537e-01 3.73320537e-01 3.76679463e-01
 3.76679463e-01 3.87236084e-01 3.87236084e-01 3.88675624e-01
 3.88675624e-01 3.89155470e-01 3.89155470e-01 3.89635317e-01
 3.89635317e-01 3.94913628e-01 3.94913628e-01 3.96353167e-01
 3.96353167e-01 3.97312860e-01 3.97312860e-01 3.99712092e-01
 3.99712092e-01 4.00671785e-01 4.00671785e-01 4.05950096e-01
 4.05950096e-01 4.08349328e-01 4.08349328e-01 4.11228407e-01
 4.11228407e-01 4.18426104e-01 4.18426104e-01 4.20825336e-01
 4.20825336e-01 4.24184261e-01 4.24184261e-01 4.25623800e-01
 4.25623800e-01 4.27063340e-01 4.27063340e-01 4.28982726e-01
 4.28982726e-01 4.37619962e-01 4.37619962e-01 4.40499040e-01
 4.40499040e-01 4.41458733e-01 4.41458733e-01 4.48176583e-01
 4.48176583e-01 4.51055662e-01 4.51055662e-01 4.52495202e-01
 4.52495202e-01 4.54414587e-01 4.54414587e-01 4.55854127e-01
 4.55854127e-01 4.62092131e-01 4.62092131e-01 4.63051823e-01
 4.63051823e-01 4.68330134e-01 4.68330134e-01 4.71209213e-01
 4.71209213e-01 4.76487524e-01 4.76487524e-01 4.79846449e-01
 4.79846449e-01 4.82245681e-01 4.82245681e-01 4.88003839e-01
 4.88003839e-01 4.96161228e-01 4.96161228e-01 5.04318618e-01
 5.04318618e-01 5.05758157e-01 5.05758157e-01 5.06717850e-01
 5.06717850e-01 5.10076775e-01 5.10076775e-01 5.12955854e-01
 5.12955854e-01 5.14395393e-01 5.14395393e-01 5.24952015e-01
 5.24952015e-01 5.29270633e-01 5.29270633e-01 5.34069098e-01
 5.34069098e-01 5.36948177e-01 5.36948177e-01 5.38387716e-01
 5.38387716e-01 5.52783109e-01 5.52783109e-01 5.56621881e-01
 5.56621881e-01 5.57101727e-01 5.57101727e-01 5.65259117e-01
 5.65259117e-01 5.69097889e-01 5.69097889e-01 5.74376200e-01
 5.74376200e-01 5.75815739e-01 5.75815739e-01 5.76775432e-01
 5.76775432e-01 5.77255278e-01 5.77255278e-01 5.77735125e-01
 5.77735125e-01 5.78214971e-01 5.78214971e-01 5.79654511e-01
 5.79654511e-01 5.80614203e-01 5.80614203e-01 5.83013436e-01
 5.83013436e-01 5.85412668e-01 5.85412668e-01 5.86852207e-01
 5.86852207e-01 5.88291747e-01 5.88291747e-01 5.90211132e-01
 5.90211132e-01 5.92130518e-01 5.92130518e-01 5.94049904e-01
 5.94049904e-01 6.00287908e-01 6.00287908e-01 6.02687140e-01
 6.02687140e-01 6.04606526e-01 6.04606526e-01 6.08925144e-01
 6.08925144e-01 6.11324376e-01 6.11324376e-01 6.15163148e-01
 6.15163148e-01 6.24280230e-01 6.24280230e-01 6.26679463e-01
 6.26679463e-01 6.30518234e-01 6.30518234e-01 6.33397313e-01
 6.33397313e-01 6.33877159e-01 6.33877159e-01 6.34357006e-01
 6.34357006e-01 6.36276392e-01 6.36276392e-01 6.48272553e-01
 6.48272553e-01 6.48752399e-01 6.48752399e-01 6.54510557e-01
 6.54510557e-01 6.55950096e-01 6.55950096e-01 6.56429942e-01
 6.56429942e-01 6.61708253e-01 6.61708253e-01 6.63147793e-01
 6.63147793e-01 6.66506718e-01 6.66506718e-01 6.69385797e-01
 6.69385797e-01 6.76103647e-01 6.76103647e-01 6.77543186e-01
 6.77543186e-01 6.82341651e-01 6.82341651e-01 6.85220729e-01
 6.85220729e-01 6.95777351e-01 6.95777351e-01 7.01535509e-01
 7.01535509e-01 7.19289827e-01 7.19289827e-01 7.24568138e-01
 7.24568138e-01 7.28406910e-01 7.28406910e-01 7.36564299e-01
 7.36564299e-01 7.40882917e-01 7.40882917e-01 7.68234165e-01
 7.68234165e-01 7.75911708e-01 7.75911708e-01 7.78790787e-01
 7.78790787e-01 7.82629559e-01 7.82629559e-01 8.20537428e-01
 8.20537428e-01 8.35892514e-01 8.35892514e-01 8.42610365e-01
 8.42610365e-01 8.72360845e-01 8.72360845e-01 9.10268714e-01
 9.10268714e-01 9.11228407e-01 9.11228407e-01 9.29942418e-01
 9.30902111e-01 9.32341651e-01 9.33781190e-01 9.35220729e-01
 9.36180422e-01 9.37140115e-01 9.40019194e-01 9.40978887e-01
 9.55854127e-01 9.59213052e-01 9.68809981e-01 9.69769674e-01
 9.87044146e-01 9.88003839e-01 1.00000000e+00]","[0.         0.0026178  0.0052356  0.0052356  0.0078534  0.0078534
 0.0104712  0.0104712  0.01570681 0.01570681 0.01832461 0.01832461
 0.02356021 0.02356021 0.02617801 0.02617801 0.02879581 0.02879581
 0.03141361 0.03141361 0.03403141 0.03403141 0.03926702 0.03926702
 0.04450262 0.04450262 0.04712042 0.04712042 0.05235602 0.05235602
 0.05497382 0.05497382 0.06020942 0.06020942 0.06544503 0.06544503
 0.06806283 0.06806283 0.07068063 0.07068063 0.07329843 0.07329843
 0.07591623 0.07591623 0.08638743 0.08638743 0.08900524 0.08900524
 0.09424084 0.09424084 0.09685864 0.09685864 0.09947644 0.09947644
 0.10209424 0.10209424 0.10471204 0.10471204 0.10732984 0.10732984
 0.10994764 0.10994764 0.11256545 0.11256545 0.12303665 0.12303665
 0.13089005 0.13089005 0.13874346 0.13874346 0.14397906 0.14397906
 0.14659686 0.14659686 0.15183246 0.15183246 0.15445026 0.15445026
 0.15968586 0.15968586 0.16230366 0.16230366 0.16492147 0.16492147
 0.16753927 0.16753927 0.17015707 0.17015707 0.17277487 0.17277487
 0.17539267 0.17539267 0.18062827 0.18062827 0.18586387 0.18586387
 0.19633508 0.19633508 0.20157068 0.20157068 0.20418848 0.20418848
 0.20680628 0.20680628 0.20942408 0.20942408 0.21204188 0.21204188
 0.21727749 0.21727749 0.22251309 0.22251309 0.22513089 0.22513089
 0.23036649 0.23036649 0.23298429 0.23298429 0.23560209 0.23560209
 0.2382199  0.2382199  0.2434555  0.2434555  0.2460733  0.2460733
 0.2486911  0.2486911  0.2539267  0.2539267  0.26701571 0.26701571
 0.26963351 0.26963351 0.27225131 0.27225131 0.27486911 0.27486911
 0.27748691 0.27748691 0.28272251 0.28272251 0.28534031 0.28534031
 0.28795812 0.28795812 0.29057592 0.29057592 0.29581152 0.29581152
 0.30104712 0.30104712 0.30366492 0.30366492 0.30628272 0.30628272
 0.30890052 0.30890052 0.31413613 0.31413613 0.31675393 0.31675393
 0.31937173 0.31937173 0.32198953 0.32198953 0.32460733 0.32460733
 0.33507853 0.33507853 0.33769634 0.33769634 0.34031414 0.34031414
 0.34293194 0.34293194 0.34554974 0.34554974 0.34816754 0.34816754
 0.35078534 0.35078534 0.35602094 0.35602094 0.35863874 0.35863874
 0.36125654 0.36125654 0.36387435 0.36387435 0.36910995 0.36910995
 0.37172775 0.37172775 0.37434555 0.37434555 0.37696335 0.37696335
 0.37958115 0.37958115 0.38481675 0.38481675 0.38743455 0.38743455
 0.39005236 0.39005236 0.39267016 0.39267016 0.39528796 0.39528796
 0.39790576 0.39790576 0.40052356 0.40052356 0.40314136 0.40314136
 0.40575916 0.40575916 0.40837696 0.40837696 0.41884817 0.41884817
 0.42146597 0.42146597 0.42931937 0.42931937 0.43193717 0.43193717
 0.43455497 0.43455497 0.43717277 0.43717277 0.44502618 0.44502618
 0.45026178 0.45026178 0.45287958 0.45287958 0.45811518 0.45811518
 0.46073298 0.46073298 0.46596859 0.46596859 0.47120419 0.47120419
 0.47382199 0.47382199 0.47643979 0.47643979 0.47905759 0.47905759
 0.48167539 0.48167539 0.48691099 0.48691099 0.4895288  0.4895288
 0.4895288  0.4895288  0.4921466  0.4921466  0.4947644  0.4947644
 0.5        0.5        0.5026178  0.5026178  0.5052356  0.5052356
 0.5104712  0.5104712  0.51308901 0.51308901 0.51570681 0.51570681
 0.52356021 0.52356021 0.52617801 0.52617801 0.52879581 0.52879581
 0.53141361 0.53141361 0.53403141 0.53403141 0.53664921 0.53664921
 0.53926702 0.53926702 0.54188482 0.54188482 0.54450262 0.54450262
 0.54712042 0.54712042 0.54973822 0.54973822 0.55235602 0.55235602
 0.55759162 0.55759162 0.56020942 0.56020942 0.56282723 0.56282723
 0.56806283 0.56806283 0.57068063 0.57068063 0.57591623 0.57591623
 0.57853403 0.57853403 0.58115183 0.58115183 0.58638743 0.58638743
 0.58900524 0.58900524 0.59424084 0.59424084 0.59685864 0.59685864
 0.59947644 0.59947644 0.60471204 0.60471204 0.60732984 0.60732984
 0.60994764 0.60994764 0.61256545 0.61256545 0.61518325 0.61518325
 0.61780105 0.61780105 0.62041885 0.62041885 0.62303665 0.62303665
 0.62565445 0.62565445 0.62827225 0.62827225 0.63089005 0.63089005
 0.63350785 0.63350785 0.63612565 0.63612565 0.63874346 0.63874346
 0.64136126 0.64136126 0.64659686 0.64659686 0.64921466 0.64921466
 0.65183246 0.65183246 0.65706806 0.65706806 0.65968586 0.65968586
 0.66492147 0.66492147 0.66753927 0.66753927 0.67015707 0.67015707
 0.67277487 0.67277487 0.67539267 0.67539267 0.67801047 0.67801047
 0.68062827 0.68062827 0.68586387 0.68586387 0.69109948 0.69109948
 0.69371728 0.69371728 0.69633508 0.69633508 0.70157068 0.70157068
 0.70418848 0.70418848 0.70942408 0.70942408 0.71204188 0.71204188
 0.72251309 0.72251309 0.72513089 0.72513089 0.72774869 0.72774869
 0.73036649 0.73036649 0.73560209 0.73560209 0.7382199  0.7382199
 0.7408377  0.7408377  0.7434555  0.7434555  0.7460733  0.7460733
 0.7486911  0.7486911  0.7513089  0.7513089  0.7539267  0.7539267
 0.7591623  0.7591623  0.7617801  0.7617801  0.76701571 0.76701571
 0.76963351 0.76963351 0.77225131 0.77225131 0.77486911 0.77486911
 0.77748691 0.77748691 0.78010471 0.78010471 0.78272251 0.78272251
 0.78534031 0.78534031 0.78795812 0.78795812 0.79057592 0.79057592
 0.79581152 0.79581152 0.79842932 0.79842932 0.80104712 0.80104712
 0.80366492 0.80366492 0.80628272 0.80628272 0.80890052 0.80890052
 0.81151832 0.81151832 0.81413613 0.81413613 0.81675393 0.81675393
 0.82198953 0.82198953 0.82460733 0.82460733 0.82722513 0.82722513
 0.82984293 0.82984293 0.83246073 0.83246073 0.83507853 0.83507853
 0.83769634 0.83769634 0.84031414 0.84031414 0.84293194 0.84293194
 0.84816754 0.84816754 0.85078534 0.85078534 0.85340314 0.85340314
 0.85602094 0.85602094 0.85863874 0.85863874 0.86125654 0.86125654
 0.86387435 0.86387435 0.86649215 0.86649215 0.86910995 0.86910995
 0.87172775 0.87172775 0.87434555 0.87434555 0.87696335 0.87696335
 0.87958115 0.87958115 0.88219895 0.88219895 0.88481675 0.88481675
 0.88743455 0.88743455 0.89005236 0.89005236 0.89267016 0.89267016
 0.89528796 0.89528796 0.89790576 0.89790576 0.90052356 0.90052356
 0.90314136 0.90314136 0.90575916 0.90575916 0.90837696 0.90837696
 0.91099476 0.91099476 0.91361257 0.91361257 0.91623037 0.91623037
 0.91884817 0.91884817 0.92146597 0.92146597 0.92408377 0.92408377
 0.92670157 0.92670157 0.92931937 0.92931937 0.93455497 0.93455497
 0.93717277 0.93717277 0.93979058 0.93979058 0.94240838 0.94240838
 0.94502618 0.94502618 0.94764398 0.94764398 0.95026178 0.95026178
 0.95287958 0.95287958 0.95549738 0.95549738 0.95811518 0.95811518
 0.96073298 0.96073298 0.96335079 0.96335079 0.96596859 0.96596859
 0.96858639 0.96858639 0.97120419 0.97120419 0.97382199 0.97382199
 0.97643979 0.97643979 0.97905759 0.97905759 0.98167539 0.98167539
 0.98429319 0.98429319 0.98691099 0.98691099 0.9895288  0.9895288
 0.9921466  0.9921466  0.9947644  0.9947644  0.9973822  0.9973822
 1.         1.         1.         1.         1.         1.
 1.         1.         1.         1.         1.         1.
 1.         1.         1.         1.         1.        ]",0.7285124257619761
