Model,SamplingTechnique,Accuracy,Precision,Recall,F1-Score,FPR,TPR,AUC
KNN,base,0.8227899432278994,0.3391812865497076,0.1518324607329843,0.20976491862567812,"[0.00000000e+00 9.59692898e-04 1.48752399e-02 5.42226488e-02
 1.95777351e-01 4.52495202e-01 1.00000000e+00]","[0.         0.         0.06020942 0.15183246 0.37172775 0.68586387
 1.        ]",0.6389073820984615
KNN,oversampling,0.6524736415247364,0.2304199772985244,0.5314136125654451,0.32145684877276326,"[0.         0.10460653 0.22024952 0.32533589 0.40690979 0.45441459
 1.        ]","[0.         0.19895288 0.39005236 0.53141361 0.61780105 0.68848168
 1.        ]",0.6313856005868698
KNN,undersampling,0.5932684509326845,0.224977856510186,0.6649214659685864,0.33620119126406356,"[0.         0.06285988 0.21209213 0.41986564 0.61228407 0.7975048
 1.        ]","[0.         0.14921466 0.39267016 0.66492147 0.86910995 0.95287958
 1.        ]",0.669040357347429
SVM,base,0.8438767234387672,0.2857142857142857,0.005235602094240838,0.010282776349614395,"[0.00000000e+00 4.79846449e-04 1.91938580e-03 1.91938580e-03
 2.39923225e-03 2.39923225e-03 4.31861804e-03 4.31861804e-03
 4.79846449e-03 4.79846449e-03 5.75815739e-03 5.75815739e-03
 6.71785029e-03 6.71785029e-03 7.67754319e-03 7.67754319e-03
 8.15738964e-03 8.15738964e-03 8.63723608e-03 8.63723608e-03
 9.59692898e-03 9.59692898e-03 1.00767754e-02 1.00767754e-02
 1.10364683e-02 1.10364683e-02 1.19961612e-02 1.19961612e-02
 1.39155470e-02 1.39155470e-02 1.63147793e-02 1.63147793e-02
 1.67946257e-02 1.67946257e-02 1.72744722e-02 1.72744722e-02
 1.87140115e-02 1.87140115e-02 2.11132438e-02 2.11132438e-02
 2.15930902e-02 2.15930902e-02 2.25527831e-02 2.25527831e-02
 2.44721689e-02 2.44721689e-02 2.49520154e-02 2.49520154e-02
 2.54318618e-02 2.54318618e-02 2.63915547e-02 2.63915547e-02
 2.68714012e-02 2.68714012e-02 2.78310940e-02 2.78310940e-02
 2.92706334e-02 2.92706334e-02 3.07101727e-02 3.07101727e-02
 3.16698656e-02 3.16698656e-02 3.35892514e-02 3.35892514e-02
 3.40690979e-02 3.40690979e-02 3.50287908e-02 3.50287908e-02
 3.64683301e-02 3.64683301e-02 3.69481766e-02 3.69481766e-02
 3.79078695e-02 3.79078695e-02 3.83877159e-02 3.83877159e-02
 3.98272553e-02 3.98272553e-02 4.03071017e-02 4.03071017e-02
 4.31861804e-02 4.31861804e-02 4.41458733e-02 4.41458733e-02
 4.55854127e-02 4.55854127e-02 4.60652591e-02 4.60652591e-02
 4.65451056e-02 4.65451056e-02 4.89443378e-02 4.89443378e-02
 5.03838772e-02 5.03838772e-02 5.08637236e-02 5.08637236e-02
 5.23032630e-02 5.23032630e-02 5.42226488e-02 5.42226488e-02
 5.51823417e-02 5.51823417e-02 5.61420345e-02 5.61420345e-02
 5.66218810e-02 5.66218810e-02 5.71017274e-02 5.71017274e-02
 5.85412668e-02 5.85412668e-02 5.90211132e-02 5.90211132e-02
 5.99808061e-02 5.99808061e-02 6.19001919e-02 6.19001919e-02
 6.23800384e-02 6.23800384e-02 6.33397313e-02 6.33397313e-02
 6.42994242e-02 6.42994242e-02 6.57389635e-02 6.57389635e-02
 6.86180422e-02 6.86180422e-02 6.90978887e-02 6.90978887e-02
 7.00575816e-02 7.00575816e-02 7.14971209e-02 7.14971209e-02
 7.62955854e-02 7.62955854e-02 7.91746641e-02 7.91746641e-02
 8.06142035e-02 8.06142035e-02 8.34932821e-02 8.34932821e-02
 8.39731286e-02 8.39731286e-02 8.82917466e-02 8.82917466e-02
 9.02111324e-02 9.02111324e-02 9.16506718e-02 9.16506718e-02
 9.35700576e-02 9.35700576e-02 9.50095969e-02 9.50095969e-02
 9.83685221e-02 9.83685221e-02 1.00287908e-01 1.00287908e-01
 1.03646833e-01 1.03646833e-01 1.04606526e-01 1.04606526e-01
 1.05086372e-01 1.05086372e-01 1.06525912e-01 1.06525912e-01
 1.11324376e-01 1.11324376e-01 1.13723608e-01 1.13723608e-01
 1.21880998e-01 1.21880998e-01 1.24280230e-01 1.24280230e-01
 1.26199616e-01 1.26199616e-01 1.34357006e-01 1.34357006e-01
 1.35796545e-01 1.36756238e-01 1.36756238e-01 1.38675624e-01
 1.38675624e-01 1.45873321e-01 1.45873321e-01 1.49712092e-01
 1.49712092e-01 1.61708253e-01 1.61708253e-01 1.69385797e-01
 1.69385797e-01 1.73704415e-01 1.73704415e-01 1.79942418e-01
 1.79942418e-01 1.81381958e-01 1.81381958e-01 1.82341651e-01
 1.82341651e-01 1.82821497e-01 1.82821497e-01 1.85220729e-01
 1.85220729e-01 1.87619962e-01 1.89059501e-01 1.92418426e-01
 1.92418426e-01 1.95297505e-01 1.95297505e-01 1.95777351e-01
 1.95777351e-01 1.97216891e-01 2.00575816e-01 2.00575816e-01
 2.11132438e-01 2.11132438e-01 2.14491363e-01 2.14491363e-01
 2.15451056e-01 2.15451056e-01 2.15930902e-01 2.15930902e-01
 2.18330134e-01 2.18330134e-01 2.21209213e-01 2.21209213e-01
 2.27447217e-01 2.28886756e-01 2.28886756e-01 2.32245681e-01
 2.32245681e-01 2.32725528e-01 2.32725528e-01 2.34165067e-01
 2.34165067e-01 2.41362764e-01 2.41362764e-01 2.41842610e-01
 2.41842610e-01 2.43282150e-01 2.43282150e-01 2.44721689e-01
 2.44721689e-01 2.45201536e-01 2.45201536e-01 2.47120921e-01
 2.47120921e-01 2.50959693e-01 2.50959693e-01 2.53358925e-01
 2.53358925e-01 2.54318618e-01 2.54318618e-01 2.57197697e-01
 2.61036468e-01 2.65355086e-01 2.65355086e-01 2.66794626e-01
 2.66794626e-01 2.68714012e-01 2.68714012e-01 2.69193858e-01
 2.69193858e-01 2.70153551e-01 2.70153551e-01 2.72072937e-01
 2.72072937e-01 2.72552783e-01 2.72552783e-01 2.73032630e-01
 2.75431862e-01 2.76391555e-01 2.76391555e-01 2.76871401e-01
 2.76871401e-01 2.77351248e-01 2.77351248e-01 2.79270633e-01
 2.79270633e-01 2.81669866e-01 2.81669866e-01 2.84548944e-01
 2.84548944e-01 2.91266795e-01 2.91266795e-01 2.95585413e-01
 2.95585413e-01 2.96065259e-01 2.96065259e-01 2.98944338e-01
 2.98944338e-01 2.99424184e-01 2.99424184e-01 3.03742802e-01
 3.03742802e-01 3.04222649e-01 3.04222649e-01 3.05182342e-01
 3.05182342e-01 3.06621881e-01 3.06621881e-01 3.11420345e-01
 3.11420345e-01 3.15259117e-01 3.15259117e-01 3.17178503e-01
 3.17178503e-01 3.17658349e-01 3.33493282e-01 3.34932821e-01
 3.34932821e-01 3.39731286e-01 3.39731286e-01 3.40211132e-01
 3.40211132e-01 3.40690979e-01 3.40690979e-01 3.43090211e-01
 3.43090211e-01 3.47888676e-01 3.47888676e-01 3.54606526e-01
 3.54606526e-01 3.57485605e-01 3.57485605e-01 3.57965451e-01
 3.57965451e-01 3.58925144e-01 3.58925144e-01 3.62284069e-01
 3.62284069e-01 3.63723608e-01 3.63723608e-01 3.66122841e-01
 3.66122841e-01 3.69001919e-01 3.69001919e-01 3.72840691e-01
 3.74760077e-01 3.81957774e-01 3.81957774e-01 3.83877159e-01
 3.83877159e-01 3.84357006e-01 3.85316699e-01 3.85796545e-01
 3.86276392e-01 3.89155470e-01 3.89155470e-01 3.91074856e-01
 3.91074856e-01 3.99232246e-01 3.99232246e-01 4.02111324e-01
 4.02111324e-01 4.05470250e-01 4.05470250e-01 4.07869482e-01
 4.07869482e-01 4.09788868e-01 4.09788868e-01 4.12667946e-01
 4.13627639e-01 4.17946257e-01 4.17946257e-01 4.18905950e-01
 4.18905950e-01 4.19865643e-01 4.19865643e-01 4.28023033e-01
 4.28982726e-01 4.28982726e-01 4.38579655e-01 4.38579655e-01
 4.40019194e-01 4.40019194e-01 4.42418426e-01 4.42418426e-01
 4.43378119e-01 4.43378119e-01 4.45297505e-01 4.45297505e-01
 4.51055662e-01 4.51055662e-01 4.51535509e-01 4.51535509e-01
 4.52015355e-01 4.52015355e-01 4.55374280e-01 4.55374280e-01
 4.56333973e-01 4.56333973e-01 4.59213052e-01 4.59213052e-01
 4.63531670e-01 4.69289827e-01 4.73128599e-01 4.73128599e-01
 4.75047985e-01 4.75047985e-01 4.77447217e-01 4.77447217e-01
 4.82725528e-01 4.82725528e-01 4.84165067e-01 4.85124760e-01
 4.87044146e-01 4.87044146e-01 4.89443378e-01 4.89443378e-01
 4.90403071e-01 4.90403071e-01 4.91362764e-01 4.91362764e-01
 4.94241843e-01 4.94241843e-01 5.02879079e-01 5.02879079e-01
 5.05758157e-01 5.05758157e-01 5.11516315e-01 5.11516315e-01
 5.12955854e-01 5.12955854e-01 5.14875240e-01 5.14875240e-01
 5.15834933e-01 5.15834933e-01 5.20633397e-01 5.20633397e-01
 5.22552783e-01 5.22552783e-01 5.27351248e-01 5.27351248e-01
 5.29270633e-01 5.29270633e-01 5.35988484e-01 5.35988484e-01
 5.39827255e-01 5.39827255e-01 5.40307102e-01 5.40307102e-01
 5.41746641e-01 5.41746641e-01 5.44625720e-01 5.44625720e-01
 5.45105566e-01 5.45105566e-01 5.49424184e-01 5.49424184e-01
 5.51823417e-01 5.51823417e-01 5.53262956e-01 5.53262956e-01
 5.57581574e-01 5.57581574e-01 5.65259117e-01 5.65259117e-01
 5.66218810e-01 5.66218810e-01 5.66698656e-01 5.66698656e-01
 5.67178503e-01 5.67178503e-01 5.67658349e-01 5.67658349e-01
 5.68138196e-01 5.68138196e-01 5.84932821e-01 5.84932821e-01
 5.87811900e-01 5.87811900e-01 5.93090211e-01 5.93090211e-01
 6.00287908e-01 6.00287908e-01 6.00767754e-01 6.00767754e-01
 6.03646833e-01 6.03646833e-01 6.06525912e-01 6.06525912e-01
 6.14203455e-01 6.14203455e-01 6.17562380e-01 6.17562380e-01
 6.18522073e-01 6.18522073e-01 6.20441459e-01 6.20441459e-01
 6.32917466e-01 6.32917466e-01 6.35316699e-01 6.35316699e-01
 6.40595010e-01 6.40595010e-01 6.47312860e-01 6.47312860e-01
 6.48752399e-01 6.48752399e-01 6.49712092e-01 6.49712092e-01
 6.51631478e-01 6.52591171e-01 6.53550864e-01 6.54510557e-01
 6.66026871e-01 6.66026871e-01 6.66986564e-01 6.66986564e-01
 6.70825336e-01 6.70825336e-01 6.74184261e-01 6.74184261e-01
 6.78023033e-01 6.78023033e-01 6.78502879e-01 6.78502879e-01
 6.91458733e-01 6.91458733e-01 6.96257198e-01 6.96257198e-01
 7.10172745e-01 7.10172745e-01 7.11132438e-01 7.11132438e-01
 7.15930902e-01 7.15930902e-01 7.17370441e-01 7.17370441e-01
 7.41842610e-01 7.41842610e-01 7.42802303e-01 7.43761996e-01
 7.49520154e-01 7.49520154e-01 7.50000000e-01 7.50000000e-01
 7.51439539e-01 7.51439539e-01 7.52879079e-01 7.52879079e-01
 7.56717850e-01 7.56717850e-01 7.57677543e-01 7.57677543e-01
 7.60556622e-01 7.60556622e-01 7.61996161e-01 7.61996161e-01
 7.63915547e-01 7.63915547e-01 7.73512476e-01 7.73512476e-01
 7.74472169e-01 7.74472169e-01 7.76871401e-01 7.76871401e-01
 7.80230326e-01 7.81190019e-01 7.83589251e-01 7.84548944e-01
 7.86948177e-01 7.88387716e-01 7.89347409e-01 7.90786948e-01
 7.92226488e-01 7.92226488e-01 7.92706334e-01 7.92706334e-01
 7.93666027e-01 7.93666027e-01 8.10460653e-01 8.10460653e-01
 8.11900192e-01 8.11900192e-01 8.12380038e-01 8.12380038e-01
 8.21497121e-01 8.21497121e-01 8.22936660e-01 8.22936660e-01
 8.25815739e-01 8.25815739e-01 8.30614203e-01 8.35892514e-01
 8.40211132e-01 8.40211132e-01 8.42130518e-01 8.43570058e-01
 8.43570058e-01 8.44529750e-01 8.44529750e-01 8.45969290e-01
 8.45969290e-01 8.47408829e-01 8.47408829e-01 8.53646833e-01
 8.53646833e-01 8.63243762e-01 8.63243762e-01 8.66602687e-01
 8.66602687e-01 8.68522073e-01 8.68522073e-01 8.72360845e-01
 8.73800384e-01 8.74280230e-01 8.74280230e-01 8.78598848e-01
 8.78598848e-01 8.93953935e-01 8.93953935e-01 8.97312860e-01
 8.97312860e-01 8.97792706e-01 8.97792706e-01 9.03550864e-01
 9.03550864e-01 9.11708253e-01 9.11708253e-01 9.12667946e-01
 9.12667946e-01 9.14107486e-01 9.14107486e-01 9.21785029e-01
 9.21785029e-01 9.24184261e-01 9.24184261e-01 9.37619962e-01
 9.37619962e-01 9.38099808e-01 9.38099808e-01 9.38579655e-01
 9.38579655e-01 9.64491363e-01 9.64491363e-01 9.73608445e-01
 9.73608445e-01 9.78406910e-01 9.78406910e-01 9.87044146e-01
 9.87044146e-01 9.90403071e-01 9.90403071e-01 9.95201536e-01
 9.95201536e-01 9.95681382e-01 9.95681382e-01 1.00000000e+00
 1.00000000e+00]","[0.         0.         0.         0.0052356  0.0052356  0.0078534
 0.0078534  0.01308901 0.01308901 0.01570681 0.01570681 0.02094241
 0.02094241 0.02356021 0.02356021 0.02879581 0.02879581 0.03664921
 0.03664921 0.04450262 0.04450262 0.04712042 0.04712042 0.04973822
 0.04973822 0.05235602 0.05235602 0.05497382 0.05497382 0.06544503
 0.06544503 0.07329843 0.07329843 0.07591623 0.07591623 0.08115183
 0.08115183 0.08376963 0.08376963 0.08638743 0.08638743 0.08900524
 0.08900524 0.09162304 0.09162304 0.09424084 0.09424084 0.09947644
 0.09947644 0.10471204 0.10471204 0.12041885 0.12041885 0.12565445
 0.12565445 0.12827225 0.12827225 0.13089005 0.13089005 0.13350785
 0.13350785 0.13612565 0.13612565 0.13874346 0.13874346 0.14136126
 0.14136126 0.14397906 0.14397906 0.14659686 0.14659686 0.14921466
 0.14921466 0.15183246 0.15183246 0.15445026 0.15445026 0.16230366
 0.16230366 0.16492147 0.16492147 0.17015707 0.17015707 0.17539267
 0.17539267 0.17801047 0.17801047 0.18062827 0.18062827 0.18324607
 0.18324607 0.18586387 0.18586387 0.18848168 0.18848168 0.19109948
 0.19109948 0.19371728 0.19371728 0.19633508 0.19633508 0.19895288
 0.19895288 0.20418848 0.20418848 0.20942408 0.20942408 0.21727749
 0.21727749 0.21989529 0.21989529 0.22251309 0.22251309 0.22513089
 0.22513089 0.22774869 0.22774869 0.23036649 0.23036649 0.23298429
 0.23298429 0.23560209 0.23560209 0.2382199  0.2382199  0.2434555
 0.2434555  0.2460733  0.2460733  0.2486911  0.2486911  0.2565445
 0.2565445  0.2591623  0.2591623  0.2617801  0.2617801  0.26439791
 0.26439791 0.26963351 0.26963351 0.27225131 0.27225131 0.28010471
 0.28010471 0.28534031 0.28534031 0.28795812 0.28795812 0.29057592
 0.29057592 0.29319372 0.29319372 0.29581152 0.29581152 0.29842932
 0.29842932 0.30104712 0.30104712 0.30366492 0.30366492 0.31151832
 0.31151832 0.31413613 0.31413613 0.31675393 0.31675393 0.31937173
 0.31937173 0.32198953 0.32198953 0.32460733 0.32460733 0.33246073
 0.33246073 0.34031414 0.34031414 0.34031414 0.34293194 0.34293194
 0.34816754 0.34816754 0.35078534 0.35078534 0.35602094 0.35602094
 0.35863874 0.35863874 0.36125654 0.36125654 0.36387435 0.36387435
 0.36649215 0.36649215 0.36910995 0.36910995 0.37696335 0.37696335
 0.38219895 0.38219895 0.38743455 0.38743455 0.38743455 0.38743455
 0.39005236 0.39005236 0.39267016 0.39267016 0.39528796 0.39528796
 0.39528796 0.39790576 0.39790576 0.40314136 0.40314136 0.40575916
 0.40575916 0.40837696 0.40837696 0.41099476 0.41099476 0.41361257
 0.41361257 0.41623037 0.41623037 0.41623037 0.41884817 0.41884817
 0.42146597 0.42146597 0.42670157 0.42670157 0.42931937 0.42931937
 0.43193717 0.43193717 0.43455497 0.43455497 0.43717277 0.43717277
 0.44502618 0.44502618 0.45287958 0.45287958 0.45549738 0.45549738
 0.45811518 0.45811518 0.46073298 0.46073298 0.46335079 0.46335079
 0.46335079 0.46335079 0.46596859 0.46596859 0.46858639 0.46858639
 0.47120419 0.47120419 0.47382199 0.47382199 0.47643979 0.47643979
 0.47905759 0.47905759 0.48167539 0.48167539 0.48167539 0.48167539
 0.48429319 0.48429319 0.4895288  0.4895288  0.4921466  0.4921466
 0.4947644  0.4947644  0.4973822  0.4973822  0.5        0.5
 0.5026178  0.5026178  0.5078534  0.5078534  0.5104712  0.5104712
 0.51570681 0.51570681 0.51832461 0.51832461 0.52094241 0.52094241
 0.52356021 0.52356021 0.53403141 0.53403141 0.53664921 0.53664921
 0.53926702 0.53926702 0.54188482 0.54188482 0.54450262 0.54450262
 0.54450262 0.54450262 0.54973822 0.54973822 0.55235602 0.55235602
 0.55497382 0.55497382 0.55759162 0.55759162 0.56020942 0.56020942
 0.56282723 0.56282723 0.56544503 0.56544503 0.56806283 0.56806283
 0.57329843 0.57329843 0.57591623 0.57591623 0.57853403 0.57853403
 0.58115183 0.58115183 0.58376963 0.58376963 0.58638743 0.58638743
 0.58900524 0.58900524 0.59162304 0.59162304 0.59424084 0.59424084
 0.59424084 0.59424084 0.59685864 0.59685864 0.59947644 0.59947644
 0.60209424 0.60209424 0.60471204 0.60471204 0.60732984 0.60732984
 0.60994764 0.60994764 0.61256545 0.61256545 0.61518325 0.61518325
 0.61518325 0.61518325 0.61780105 0.61780105 0.62041885 0.62041885
 0.62303665 0.62303665 0.62303665 0.62565445 0.62565445 0.62827225
 0.62827225 0.63089005 0.63089005 0.63350785 0.63350785 0.63612565
 0.63612565 0.63874346 0.63874346 0.64136126 0.64136126 0.64397906
 0.64397906 0.64659686 0.64659686 0.64921466 0.64921466 0.65183246
 0.65183246 0.65445026 0.65445026 0.65445026 0.65445026 0.65706806
 0.65706806 0.65968586 0.65968586 0.66230366 0.66230366 0.66492147
 0.66492147 0.66492147 0.66492147 0.67539267 0.67539267 0.67801047
 0.67801047 0.68062827 0.68062827 0.68324607 0.68324607 0.68848168
 0.68848168 0.69109948 0.69109948 0.69371728 0.69371728 0.69633508
 0.69633508 0.70157068 0.70157068 0.70418848 0.70418848 0.70680628
 0.70680628 0.71204188 0.71204188 0.71465969 0.71465969 0.71727749
 0.71727749 0.71989529 0.71989529 0.72251309 0.72251309 0.72513089
 0.72513089 0.72774869 0.72774869 0.73298429 0.73298429 0.73560209
 0.73560209 0.7382199  0.7382199  0.7408377  0.7408377  0.7434555
 0.7434555  0.7460733  0.7460733  0.7486911  0.7486911  0.7513089
 0.7513089  0.7539267  0.7539267  0.7565445  0.7565445  0.7591623
 0.7591623  0.7617801  0.7617801  0.76439791 0.76439791 0.76701571
 0.76701571 0.76963351 0.76963351 0.77225131 0.77225131 0.77748691
 0.77748691 0.78010471 0.78010471 0.78534031 0.78534031 0.78795812
 0.78795812 0.79057592 0.79057592 0.79319372 0.79319372 0.79581152
 0.79581152 0.79842932 0.79842932 0.80104712 0.80104712 0.80366492
 0.80366492 0.80628272 0.80628272 0.80890052 0.80890052 0.81151832
 0.81151832 0.81413613 0.81413613 0.81413613 0.81413613 0.81413613
 0.81413613 0.81675393 0.81675393 0.81937173 0.81937173 0.82198953
 0.82198953 0.82460733 0.82460733 0.82722513 0.82722513 0.82984293
 0.82984293 0.83246073 0.83246073 0.83507853 0.83507853 0.84031414
 0.84031414 0.84554974 0.84554974 0.85078534 0.85078534 0.85340314
 0.85340314 0.85602094 0.85602094 0.85602094 0.85602094 0.85863874
 0.85863874 0.86125654 0.86125654 0.86387435 0.86387435 0.86649215
 0.86649215 0.86910995 0.86910995 0.87172775 0.87172775 0.87434555
 0.87434555 0.87696335 0.87696335 0.87958115 0.87958115 0.88219895
 0.88219895 0.88481675 0.88481675 0.88743455 0.88743455 0.88743455
 0.88743455 0.88743455 0.88743455 0.88743455 0.88743455 0.88743455
 0.88743455 0.89005236 0.89005236 0.89267016 0.89267016 0.89528796
 0.89528796 0.90052356 0.90052356 0.90314136 0.90314136 0.90575916
 0.90575916 0.90837696 0.90837696 0.91361257 0.91361257 0.91623037
 0.91623037 0.91623037 0.91623037 0.91884817 0.91884817 0.91884817
 0.92146597 0.92146597 0.92408377 0.92408377 0.92670157 0.92670157
 0.92931937 0.92931937 0.93193717 0.93193717 0.93455497 0.93455497
 0.93717277 0.93717277 0.94240838 0.94240838 0.94240838 0.94240838
 0.94502618 0.94502618 0.94764398 0.94764398 0.95026178 0.95026178
 0.95287958 0.95287958 0.95549738 0.95549738 0.95811518 0.95811518
 0.96073298 0.96073298 0.96335079 0.96335079 0.96596859 0.96596859
 0.96858639 0.96858639 0.97120419 0.97120419 0.97382199 0.97382199
 0.97643979 0.97643979 0.97905759 0.97905759 0.98167539 0.98167539
 0.98429319 0.98429319 0.98691099 0.98691099 0.9895288  0.9895288
 0.9921466  0.9921466  0.9947644  0.9947644  0.9973822  0.9973822
 1.        ]",0.6497642220458041
SVM,oversampling,0.6459854014598541,0.2571711177052423,0.680628272251309,0.37329504666188085,"[0.00000000e+00 0.00000000e+00 0.00000000e+00 9.59692898e-04
 9.59692898e-04 1.91938580e-03 1.91938580e-03 3.35892514e-03
 3.35892514e-03 3.83877159e-03 3.83877159e-03 4.79846449e-03
 4.79846449e-03 5.75815739e-03 5.75815739e-03 6.23800384e-03
 6.23800384e-03 6.71785029e-03 6.71785029e-03 1.00767754e-02
 1.00767754e-02 1.05566219e-02 1.05566219e-02 1.19961612e-02
 1.19961612e-02 1.24760077e-02 1.24760077e-02 1.43953935e-02
 1.43953935e-02 1.53550864e-02 1.53550864e-02 1.67946257e-02
 1.67946257e-02 1.77543186e-02 1.77543186e-02 1.91938580e-02
 1.91938580e-02 1.96737044e-02 1.96737044e-02 2.15930902e-02
 2.15930902e-02 2.30326296e-02 2.30326296e-02 2.39923225e-02
 2.39923225e-02 2.44721689e-02 2.44721689e-02 2.54318618e-02
 2.54318618e-02 2.59117083e-02 2.59117083e-02 2.63915547e-02
 2.63915547e-02 2.78310940e-02 2.78310940e-02 2.83109405e-02
 2.83109405e-02 2.87907869e-02 2.87907869e-02 2.97504798e-02
 2.97504798e-02 3.02303263e-02 3.02303263e-02 3.16698656e-02
 3.16698656e-02 3.26295585e-02 3.26295585e-02 3.45489443e-02
 3.45489443e-02 4.03071017e-02 4.03071017e-02 4.07869482e-02
 4.07869482e-02 4.41458733e-02 4.41458733e-02 4.65451056e-02
 4.65451056e-02 4.75047985e-02 4.75047985e-02 4.79846449e-02
 4.79846449e-02 4.99040307e-02 4.99040307e-02 5.03838772e-02
 5.03838772e-02 5.32629559e-02 5.32629559e-02 5.37428023e-02
 5.37428023e-02 5.47024952e-02 5.47024952e-02 5.71017274e-02
 5.71017274e-02 5.75815739e-02 5.75815739e-02 5.80614203e-02
 5.80614203e-02 6.04606526e-02 6.04606526e-02 6.19001919e-02
 6.19001919e-02 6.47792706e-02 6.47792706e-02 6.52591171e-02
 6.52591171e-02 6.66986564e-02 6.66986564e-02 6.81381958e-02
 6.81381958e-02 7.10172745e-02 7.10172745e-02 7.14971209e-02
 7.14971209e-02 7.24568138e-02 7.24568138e-02 7.43761996e-02
 7.43761996e-02 7.62955854e-02 7.62955854e-02 7.72552783e-02
 7.72552783e-02 7.77351248e-02 7.77351248e-02 7.96545106e-02
 7.96545106e-02 8.01343570e-02 8.01343570e-02 8.06142035e-02
 8.06142035e-02 8.25335893e-02 8.25335893e-02 8.34932821e-02
 8.34932821e-02 8.44529750e-02 8.44529750e-02 8.49328215e-02
 8.49328215e-02 8.54126679e-02 8.54126679e-02 8.82917466e-02
 8.82917466e-02 8.97312860e-02 8.97312860e-02 9.06909789e-02
 9.06909789e-02 9.26103647e-02 9.26103647e-02 9.54894434e-02
 9.54894434e-02 9.69289827e-02 9.69289827e-02 9.74088292e-02
 9.74088292e-02 9.78886756e-02 9.78886756e-02 9.93282150e-02
 9.93282150e-02 1.04126679e-01 1.04126679e-01 1.05086372e-01
 1.05086372e-01 1.06046065e-01 1.06046065e-01 1.07005758e-01
 1.07005758e-01 1.07485605e-01 1.07485605e-01 1.09404990e-01
 1.09404990e-01 1.09884837e-01 1.09884837e-01 1.10844530e-01
 1.10844530e-01 1.11804223e-01 1.11804223e-01 1.14683301e-01
 1.14683301e-01 1.15642994e-01 1.15642994e-01 1.24280230e-01
 1.24280230e-01 1.26199616e-01 1.26199616e-01 1.27159309e-01
 1.27159309e-01 1.29078695e-01 1.29078695e-01 1.31477927e-01
 1.31477927e-01 1.34836852e-01 1.34836852e-01 1.35796545e-01
 1.35796545e-01 1.37715931e-01 1.37715931e-01 1.40115163e-01
 1.40115163e-01 1.42514395e-01 1.42514395e-01 1.44433781e-01
 1.44433781e-01 1.46833013e-01 1.46833013e-01 1.48752399e-01
 1.48752399e-01 1.49232246e-01 1.49232246e-01 1.50671785e-01
 1.50671785e-01 1.51151631e-01 1.51151631e-01 1.51631478e-01
 1.51631478e-01 1.52591171e-01 1.52591171e-01 1.57869482e-01
 1.57869482e-01 1.60268714e-01 1.60268714e-01 1.70825336e-01
 1.70825336e-01 1.72264875e-01 1.72264875e-01 1.75623800e-01
 1.75623800e-01 1.76583493e-01 1.76583493e-01 1.78982726e-01
 1.78982726e-01 1.79942418e-01 1.79942418e-01 1.82821497e-01
 1.82821497e-01 1.90978887e-01 1.90978887e-01 1.92418426e-01
 1.92418426e-01 1.92898273e-01 1.92898273e-01 1.94817658e-01
 1.94817658e-01 1.95297505e-01 1.95297505e-01 2.02015355e-01
 2.02015355e-01 2.05374280e-01 2.05374280e-01 2.05854127e-01
 2.05854127e-01 2.10652591e-01 2.10652591e-01 2.16410749e-01
 2.16410749e-01 2.20249520e-01 2.20249520e-01 2.24568138e-01
 2.24568138e-01 2.25047985e-01 2.25047985e-01 2.28406910e-01
 2.28406910e-01 2.30806142e-01 2.30806142e-01 2.31285988e-01
 2.31285988e-01 2.35124760e-01 2.35124760e-01 2.38003839e-01
 2.38003839e-01 2.40882917e-01 2.40882917e-01 2.41842610e-01
 2.41842610e-01 2.43761996e-01 2.43761996e-01 2.45681382e-01
 2.45681382e-01 2.51919386e-01 2.51919386e-01 2.52879079e-01
 2.52879079e-01 2.53358925e-01 2.53358925e-01 2.59596929e-01
 2.59596929e-01 2.61996161e-01 2.61996161e-01 2.69193858e-01
 2.69193858e-01 2.71593090e-01 2.71593090e-01 2.75911708e-01
 2.75911708e-01 2.77351248e-01 2.77351248e-01 2.79750480e-01
 2.79750480e-01 2.80710173e-01 2.80710173e-01 2.83589251e-01
 2.83589251e-01 2.90307102e-01 2.90307102e-01 2.98464491e-01
 2.98464491e-01 2.99424184e-01 2.99424184e-01 3.03262956e-01
 3.03262956e-01 3.04222649e-01 3.04222649e-01 3.04702495e-01
 3.04702495e-01 3.06142035e-01 3.06142035e-01 3.11420345e-01
 3.11420345e-01 3.15259117e-01 3.15259117e-01 3.16218810e-01
 3.16218810e-01 3.18618042e-01 3.18618042e-01 3.21017274e-01
 3.21017274e-01 3.22936660e-01 3.22936660e-01 3.23896353e-01
 3.23896353e-01 3.24856046e-01 3.24856046e-01 3.25335893e-01
 3.25335893e-01 3.28694818e-01 3.28694818e-01 3.30134357e-01
 3.30134357e-01 3.32053743e-01 3.32053743e-01 3.33493282e-01
 3.33493282e-01 3.38771593e-01 3.38771593e-01 3.40690979e-01
 3.40690979e-01 3.42130518e-01 3.42130518e-01 3.44529750e-01
 3.44529750e-01 3.46928983e-01 3.46928983e-01 3.47408829e-01
 3.47408829e-01 3.52207294e-01 3.52207294e-01 3.57005758e-01
 3.57005758e-01 3.60844530e-01 3.60844530e-01 3.70921305e-01
 3.70921305e-01 3.71401152e-01 3.71401152e-01 3.73320537e-01
 3.73320537e-01 3.80998081e-01 3.80998081e-01 3.87236084e-01
 3.87236084e-01 3.88195777e-01 3.88195777e-01 3.90115163e-01
 3.90115163e-01 3.92034549e-01 3.92034549e-01 3.94433781e-01
 3.94433781e-01 3.95393474e-01 3.95393474e-01 4.02591171e-01
 4.02591171e-01 4.06909789e-01 4.06909789e-01 4.10748560e-01
 4.10748560e-01 4.11708253e-01 4.12667946e-01 4.14587332e-01
 4.14587332e-01 4.19385797e-01 4.19385797e-01 4.19865643e-01
 4.19865643e-01 4.20345489e-01 4.20345489e-01 4.21785029e-01
 4.21785029e-01 4.24184261e-01 4.24184261e-01 4.26103647e-01
 4.26103647e-01 4.29462572e-01 4.29462572e-01 4.31381958e-01
 4.31381958e-01 4.63531670e-01 4.63531670e-01 4.67370441e-01
 4.67370441e-01 4.70729367e-01 4.70729367e-01 4.71689060e-01
 4.71689060e-01 4.74088292e-01 4.74088292e-01 4.76487524e-01
 4.76487524e-01 4.81285988e-01 4.81285988e-01 4.83205374e-01
 4.83205374e-01 4.86084453e-01 4.86084453e-01 4.92802303e-01
 4.92802303e-01 4.93282150e-01 4.93282150e-01 4.94721689e-01
 4.94721689e-01 4.97120921e-01 4.97120921e-01 4.98560461e-01
 4.98560461e-01 5.00959693e-01 5.00959693e-01 5.14395393e-01
 5.14395393e-01 5.15355086e-01 5.15355086e-01 5.18234165e-01
 5.18234165e-01 5.19193858e-01 5.19193858e-01 5.24952015e-01
 5.24952015e-01 5.25431862e-01 5.25431862e-01 5.25911708e-01
 5.25911708e-01 5.29750480e-01 5.29750480e-01 5.36468330e-01
 5.36468330e-01 5.36948177e-01 5.36948177e-01 5.38867562e-01
 5.38867562e-01 5.46065259e-01 5.46065259e-01 5.54702495e-01
 5.54702495e-01 5.57581574e-01 5.57581574e-01 5.65738964e-01
 5.65738964e-01 5.74376200e-01 5.74376200e-01 5.75335893e-01
 5.75335893e-01 5.87811900e-01 5.87811900e-01 5.96449136e-01
 5.96449136e-01 6.03646833e-01 6.03646833e-01 6.04126679e-01
 6.04126679e-01 6.09884837e-01 6.09884837e-01 6.11324376e-01
 6.11324376e-01 6.23320537e-01 6.23320537e-01 6.26199616e-01
 6.26199616e-01 6.28119002e-01 6.28598848e-01 6.29078695e-01
 6.29078695e-01 6.30038388e-01 6.30998081e-01 6.31477927e-01
 6.31477927e-01 6.43953935e-01 6.43953935e-01 6.71785029e-01
 6.71785029e-01 6.74184261e-01 6.74184261e-01 6.83301344e-01
 6.83301344e-01 6.84261036e-01 6.84261036e-01 6.85220729e-01
 6.85220729e-01 6.91938580e-01 6.91938580e-01 6.92898273e-01
 6.93857965e-01 6.95777351e-01 6.95777351e-01 6.98176583e-01
 7.03934741e-01 7.05854127e-01 7.07293666e-01 7.08253359e-01
 7.24088292e-01 7.24568138e-01 7.26487524e-01 7.30326296e-01
 7.36564299e-01 7.37044146e-01 7.38483685e-01 7.41842610e-01
 7.44241843e-01 7.45681382e-01 7.45681382e-01 7.46641075e-01
 7.46641075e-01 7.49520154e-01 7.53358925e-01 7.55278311e-01
 7.56238004e-01 7.60076775e-01 7.60076775e-01 7.63435701e-01
 7.63435701e-01 7.68234165e-01 7.73512476e-01 7.76391555e-01
 7.76391555e-01 7.78310940e-01 7.78310940e-01 7.81669866e-01
 7.81669866e-01 7.85028791e-01 7.85028791e-01 7.87428023e-01
 7.88387716e-01 7.91746641e-01 7.93186180e-01 7.95585413e-01
 7.97024952e-01 8.03262956e-01 8.03262956e-01 8.09980806e-01
 8.10940499e-01 8.12380038e-01 8.13819578e-01 8.26775432e-01
 8.27735125e-01 8.34452975e-01 8.35412668e-01 8.46928983e-01
 8.46928983e-01 8.53166987e-01 8.53166987e-01 8.55566219e-01
 8.55566219e-01 8.59884837e-01 8.59884837e-01 8.63243762e-01
 8.63243762e-01 8.67082534e-01 8.67082534e-01 8.71401152e-01
 8.71401152e-01 8.75239923e-01 8.75239923e-01 8.86756238e-01
 8.86756238e-01 8.89635317e-01 8.89635317e-01 8.90595010e-01
 8.90595010e-01 8.94913628e-01 8.95873321e-01 9.02591171e-01
 9.02591171e-01 9.03550864e-01 9.03550864e-01 9.10748560e-01
 9.10748560e-01 9.34261036e-01 9.34261036e-01 9.34740883e-01
 9.34740883e-01 9.52015355e-01 9.52015355e-01 9.63051823e-01
 9.63051823e-01 9.67850288e-01 9.67850288e-01 1.00000000e+00]","[0.         0.0026178  0.0104712  0.0104712  0.01308901 0.01308901
 0.01832461 0.01832461 0.02094241 0.02094241 0.02356021 0.02356021
 0.02617801 0.02617801 0.02879581 0.02879581 0.03141361 0.03141361
 0.03403141 0.03403141 0.03926702 0.03926702 0.04188482 0.04188482
 0.04450262 0.04450262 0.04712042 0.04712042 0.04973822 0.04973822
 0.05497382 0.05497382 0.06020942 0.06020942 0.06282723 0.06282723
 0.06544503 0.06544503 0.06806283 0.06806283 0.07853403 0.07853403
 0.08115183 0.08115183 0.08900524 0.08900524 0.09685864 0.09685864
 0.10732984 0.10732984 0.10994764 0.10994764 0.11256545 0.11256545
 0.11780105 0.11780105 0.12041885 0.12041885 0.12303665 0.12303665
 0.12827225 0.12827225 0.13089005 0.13089005 0.13350785 0.13350785
 0.13874346 0.13874346 0.14136126 0.14136126 0.14659686 0.14659686
 0.15183246 0.15183246 0.15445026 0.15445026 0.15706806 0.15706806
 0.15968586 0.15968586 0.16753927 0.16753927 0.17277487 0.17277487
 0.17801047 0.17801047 0.18062827 0.18062827 0.18586387 0.18586387
 0.18848168 0.18848168 0.19371728 0.19371728 0.20157068 0.20157068
 0.20680628 0.20680628 0.21465969 0.21465969 0.21727749 0.21727749
 0.22251309 0.22251309 0.22513089 0.22513089 0.23036649 0.23036649
 0.23298429 0.23298429 0.2382199  0.2382199  0.2434555  0.2434555
 0.2513089  0.2513089  0.2565445  0.2565445  0.2591623  0.2591623
 0.2617801  0.2617801  0.26701571 0.26701571 0.27486911 0.27486911
 0.27748691 0.27748691 0.28272251 0.28272251 0.28534031 0.28534031
 0.29057592 0.29057592 0.30104712 0.30104712 0.30366492 0.30366492
 0.30628272 0.30628272 0.30890052 0.30890052 0.31151832 0.31151832
 0.31413613 0.31413613 0.31675393 0.31675393 0.31937173 0.31937173
 0.32984293 0.32984293 0.34031414 0.34031414 0.34293194 0.34293194
 0.34554974 0.34554974 0.34816754 0.34816754 0.35340314 0.35340314
 0.35602094 0.35602094 0.35863874 0.35863874 0.36387435 0.36387435
 0.37434555 0.37434555 0.37696335 0.37696335 0.38219895 0.38219895
 0.38481675 0.38481675 0.39005236 0.39005236 0.39267016 0.39267016
 0.39528796 0.39528796 0.39790576 0.39790576 0.40052356 0.40052356
 0.40314136 0.40314136 0.41099476 0.41099476 0.41361257 0.41361257
 0.42146597 0.42146597 0.42670157 0.42670157 0.43193717 0.43193717
 0.43717277 0.43717277 0.43979058 0.43979058 0.44240838 0.44240838
 0.44502618 0.44502618 0.45026178 0.45026178 0.45549738 0.45549738
 0.45811518 0.45811518 0.46073298 0.46073298 0.46335079 0.46335079
 0.46858639 0.46858639 0.47120419 0.47120419 0.47382199 0.47382199
 0.47643979 0.47643979 0.47905759 0.47905759 0.48167539 0.48167539
 0.48429319 0.48429319 0.48691099 0.48691099 0.4895288  0.4895288
 0.4921466  0.4921466  0.4947644  0.4947644  0.4973822  0.4973822
 0.5052356  0.5052356  0.5078534  0.5078534  0.51308901 0.51308901
 0.51570681 0.51570681 0.51832461 0.51832461 0.52094241 0.52094241
 0.52356021 0.52356021 0.52879581 0.52879581 0.53403141 0.53403141
 0.53664921 0.53664921 0.53926702 0.53926702 0.54188482 0.54188482
 0.54450262 0.54450262 0.54712042 0.54712042 0.54973822 0.54973822
 0.55235602 0.55235602 0.55497382 0.55497382 0.56020942 0.56020942
 0.56282723 0.56282723 0.56544503 0.56544503 0.56806283 0.56806283
 0.57068063 0.57068063 0.57329843 0.57329843 0.57591623 0.57591623
 0.57853403 0.57853403 0.58115183 0.58115183 0.58376963 0.58376963
 0.58638743 0.58638743 0.58900524 0.58900524 0.59162304 0.59162304
 0.59424084 0.59424084 0.59685864 0.59685864 0.59947644 0.59947644
 0.60209424 0.60209424 0.60732984 0.60732984 0.61518325 0.61518325
 0.61780105 0.61780105 0.62041885 0.62041885 0.62303665 0.62303665
 0.62565445 0.62565445 0.62827225 0.62827225 0.63350785 0.63350785
 0.63612565 0.63612565 0.63874346 0.63874346 0.64136126 0.64136126
 0.64397906 0.64397906 0.64659686 0.64659686 0.64921466 0.64921466
 0.65183246 0.65183246 0.65706806 0.65706806 0.65968586 0.65968586
 0.66230366 0.66230366 0.66492147 0.66492147 0.66753927 0.66753927
 0.67015707 0.67015707 0.67277487 0.67277487 0.67539267 0.67539267
 0.67801047 0.67801047 0.68062827 0.68062827 0.68324607 0.68324607
 0.68586387 0.68586387 0.68848168 0.68848168 0.69633508 0.69633508
 0.70157068 0.70157068 0.70418848 0.70418848 0.70680628 0.70680628
 0.70942408 0.70942408 0.71204188 0.71204188 0.71465969 0.71465969
 0.71727749 0.71727749 0.71989529 0.71989529 0.72513089 0.72513089
 0.72774869 0.72774869 0.72774869 0.72774869 0.73298429 0.73298429
 0.73560209 0.73560209 0.7408377  0.7408377  0.7434555  0.7434555
 0.7460733  0.7460733  0.7486911  0.7486911  0.7539267  0.7539267
 0.7591623  0.7591623  0.7617801  0.7617801  0.76439791 0.76439791
 0.76701571 0.76701571 0.76963351 0.76963351 0.77225131 0.77225131
 0.77486911 0.77486911 0.78010471 0.78010471 0.78272251 0.78272251
 0.78534031 0.78534031 0.78795812 0.78795812 0.79057592 0.79057592
 0.79319372 0.79319372 0.79581152 0.79581152 0.80366492 0.80366492
 0.80628272 0.80628272 0.80890052 0.80890052 0.81151832 0.81151832
 0.81675393 0.81675393 0.82198953 0.82198953 0.82460733 0.82460733
 0.82984293 0.82984293 0.83246073 0.83246073 0.83507853 0.83507853
 0.83769634 0.83769634 0.84031414 0.84031414 0.84293194 0.84293194
 0.84554974 0.84554974 0.85340314 0.85340314 0.85602094 0.85602094
 0.85863874 0.85863874 0.86125654 0.86125654 0.86649215 0.86649215
 0.86910995 0.86910995 0.87172775 0.87172775 0.87434555 0.87434555
 0.87696335 0.87696335 0.87958115 0.87958115 0.88219895 0.88219895
 0.88481675 0.88481675 0.88743455 0.88743455 0.89005236 0.89005236
 0.89267016 0.89267016 0.89528796 0.89528796 0.89528796 0.89528796
 0.90052356 0.90052356 0.90314136 0.90314136 0.90575916 0.90575916
 0.90837696 0.90837696 0.91099476 0.91099476 0.91361257 0.91361257
 0.91623037 0.91623037 0.91884817 0.91884817 0.91884817 0.91884817
 0.92146597 0.92146597 0.92146597 0.92146597 0.92146597 0.92146597
 0.92146597 0.92146597 0.92408377 0.92408377 0.92408377 0.92408377
 0.92408377 0.92408377 0.92408377 0.92408377 0.92670157 0.92670157
 0.92931937 0.92931937 0.92931937 0.92931937 0.92931937 0.92931937
 0.93193717 0.93193717 0.93455497 0.93455497 0.93455497 0.93455497
 0.93717277 0.93717277 0.93979058 0.93979058 0.94240838 0.94240838
 0.94502618 0.94502618 0.94502618 0.94502618 0.94502618 0.94502618
 0.94502618 0.94502618 0.94764398 0.94764398 0.94764398 0.94764398
 0.94764398 0.94764398 0.94764398 0.94764398 0.94764398 0.94764398
 0.95026178 0.95026178 0.95287958 0.95287958 0.95549738 0.95549738
 0.96073298 0.96073298 0.96335079 0.96335079 0.96596859 0.96596859
 0.96858639 0.96858639 0.97120419 0.97120419 0.97382199 0.97382199
 0.97643979 0.97643979 0.97905759 0.97905759 0.97905759 0.97905759
 0.98167539 0.98167539 0.98429319 0.98429319 0.98691099 0.98691099
 0.9895288  0.9895288  0.9921466  0.9921466  0.9947644  0.9947644
 0.9973822  0.9973822  1.         1.        ]",0.7229144265458091
SVM,undersampling,0.6313868613138686,0.25258215962441316,0.7041884816753927,0.37180373185901866,"[0.00000000e+00 4.79846449e-04 1.43953935e-03 1.43953935e-03
 1.91938580e-03 1.91938580e-03 2.87907869e-03 2.87907869e-03
 3.35892514e-03 3.35892514e-03 6.23800384e-03 6.23800384e-03
 7.19769674e-03 7.19769674e-03 7.67754319e-03 7.67754319e-03
 8.15738964e-03 8.15738964e-03 8.63723608e-03 8.63723608e-03
 9.11708253e-03 9.11708253e-03 9.59692898e-03 9.59692898e-03
 1.29558541e-02 1.29558541e-02 1.63147793e-02 1.63147793e-02
 1.67946257e-02 1.67946257e-02 1.77543186e-02 1.77543186e-02
 1.82341651e-02 1.82341651e-02 1.91938580e-02 1.91938580e-02
 1.96737044e-02 1.96737044e-02 2.01535509e-02 2.01535509e-02
 2.11132438e-02 2.11132438e-02 2.15930902e-02 2.15930902e-02
 2.30326296e-02 2.30326296e-02 2.39923225e-02 2.39923225e-02
 2.49520154e-02 2.49520154e-02 2.54318618e-02 2.54318618e-02
 2.68714012e-02 2.68714012e-02 2.73512476e-02 2.73512476e-02
 2.78310940e-02 2.78310940e-02 2.83109405e-02 2.83109405e-02
 2.92706334e-02 2.92706334e-02 3.07101727e-02 3.07101727e-02
 3.11900192e-02 3.11900192e-02 3.16698656e-02 3.16698656e-02
 3.21497121e-02 3.21497121e-02 3.35892514e-02 3.35892514e-02
 3.40690979e-02 3.40690979e-02 3.45489443e-02 3.45489443e-02
 3.50287908e-02 3.50287908e-02 3.59884837e-02 3.59884837e-02
 3.74280230e-02 3.74280230e-02 4.03071017e-02 4.03071017e-02
 4.07869482e-02 4.07869482e-02 4.12667946e-02 4.12667946e-02
 4.17466411e-02 4.17466411e-02 4.22264875e-02 4.22264875e-02
 4.41458733e-02 4.41458733e-02 4.70249520e-02 4.70249520e-02
 4.84644914e-02 4.84644914e-02 5.08637236e-02 5.08637236e-02
 5.32629559e-02 5.32629559e-02 5.37428023e-02 5.37428023e-02
 5.42226488e-02 5.42226488e-02 5.56621881e-02 5.56621881e-02
 5.85412668e-02 5.85412668e-02 5.90211132e-02 5.90211132e-02
 5.95009597e-02 5.95009597e-02 5.99808061e-02 5.99808061e-02
 6.04606526e-02 6.04606526e-02 6.09404990e-02 6.09404990e-02
 6.14203455e-02 6.14203455e-02 6.23800384e-02 6.23800384e-02
 6.28598848e-02 6.28598848e-02 6.38195777e-02 6.38195777e-02
 6.52591171e-02 6.52591171e-02 6.71785029e-02 6.71785029e-02
 6.76583493e-02 6.76583493e-02 6.90978887e-02 6.90978887e-02
 6.95777351e-02 6.95777351e-02 7.05374280e-02 7.05374280e-02
 7.29366603e-02 7.29366603e-02 7.34165067e-02 7.34165067e-02
 7.43761996e-02 7.43761996e-02 7.72552783e-02 7.72552783e-02
 7.96545106e-02 7.96545106e-02 8.06142035e-02 8.06142035e-02
 8.39731286e-02 8.39731286e-02 8.49328215e-02 8.49328215e-02
 8.97312860e-02 8.97312860e-02 9.06909789e-02 9.06909789e-02
 9.26103647e-02 9.26103647e-02 9.30902111e-02 9.30902111e-02
 9.40499040e-02 9.40499040e-02 9.45297505e-02 9.45297505e-02
 9.50095969e-02 9.50095969e-02 9.54894434e-02 9.54894434e-02
 9.88483685e-02 9.88483685e-02 9.98080614e-02 9.98080614e-02
 1.02687140e-01 1.02687140e-01 1.03646833e-01 1.03646833e-01
 1.05086372e-01 1.05086372e-01 1.06046065e-01 1.06046065e-01
 1.07005758e-01 1.07005758e-01 1.07485605e-01 1.07485605e-01
 1.09884837e-01 1.09884837e-01 1.11324376e-01 1.11324376e-01
 1.12284069e-01 1.12284069e-01 1.14203455e-01 1.14203455e-01
 1.15642994e-01 1.15642994e-01 1.16122841e-01 1.16122841e-01
 1.18042226e-01 1.18042226e-01 1.21401152e-01 1.21401152e-01
 1.22360845e-01 1.22360845e-01 1.23320537e-01 1.23320537e-01
 1.24760077e-01 1.24760077e-01 1.32917466e-01 1.32917466e-01
 1.33877159e-01 1.33877159e-01 1.37236084e-01 1.37236084e-01
 1.41074856e-01 1.41074856e-01 1.42514395e-01 1.42514395e-01
 1.45393474e-01 1.45393474e-01 1.48752399e-01 1.48752399e-01
 1.49232246e-01 1.49232246e-01 1.54510557e-01 1.54510557e-01
 1.59309021e-01 1.59309021e-01 1.59788868e-01 1.59788868e-01
 1.60268714e-01 1.60268714e-01 1.61228407e-01 1.61228407e-01
 1.63627639e-01 1.63627639e-01 1.64107486e-01 1.64107486e-01
 1.67946257e-01 1.67946257e-01 1.72744722e-01 1.72744722e-01
 1.73224568e-01 1.73224568e-01 1.79462572e-01 1.79462572e-01
 1.82821497e-01 1.82821497e-01 1.84261036e-01 1.84261036e-01
 1.87619962e-01 1.87619962e-01 1.88099808e-01 1.88099808e-01
 1.90019194e-01 1.90019194e-01 1.91458733e-01 1.91458733e-01
 1.91938580e-01 1.91938580e-01 1.93857965e-01 1.93857965e-01
 2.00095969e-01 2.00095969e-01 2.02015355e-01 2.02015355e-01
 2.03454894e-01 2.03454894e-01 2.10172745e-01 2.10172745e-01
 2.13051823e-01 2.13051823e-01 2.15451056e-01 2.15451056e-01
 2.16410749e-01 2.16410749e-01 2.18809981e-01 2.18809981e-01
 2.21689060e-01 2.21689060e-01 2.24568138e-01 2.24568138e-01
 2.27447217e-01 2.27447217e-01 2.29846449e-01 2.29846449e-01
 2.36084453e-01 2.36084453e-01 2.36564299e-01 2.36564299e-01
 2.45681382e-01 2.45681382e-01 2.50479846e-01 2.50479846e-01
 2.53358925e-01 2.53358925e-01 2.53838772e-01 2.53838772e-01
 2.62476008e-01 2.62476008e-01 2.64395393e-01 2.64395393e-01
 2.65355086e-01 2.65355086e-01 2.69673704e-01 2.69673704e-01
 2.73032630e-01 2.73032630e-01 2.74472169e-01 2.74472169e-01
 2.76871401e-01 2.76871401e-01 2.82629559e-01 2.82629559e-01
 2.84548944e-01 2.84548944e-01 2.86468330e-01 2.86468330e-01
 2.87428023e-01 2.87428023e-01 2.87907869e-01 2.87907869e-01
 2.91266795e-01 2.91266795e-01 2.94625720e-01 2.94625720e-01
 2.96065259e-01 2.96065259e-01 2.97024952e-01 2.97024952e-01
 2.97504798e-01 2.97504798e-01 3.00383877e-01 3.00383877e-01
 3.03262956e-01 3.03262956e-01 3.04222649e-01 3.04222649e-01
 3.07101727e-01 3.07101727e-01 3.09021113e-01 3.09021113e-01
 3.19577735e-01 3.19577735e-01 3.23416507e-01 3.23416507e-01
 3.28214971e-01 3.28214971e-01 3.31094050e-01 3.31094050e-01
 3.32053743e-01 3.32053743e-01 3.33493282e-01 3.33493282e-01
 3.42130518e-01 3.42130518e-01 3.45489443e-01 3.45489443e-01
 3.45969290e-01 3.45969290e-01 3.47888676e-01 3.47888676e-01
 3.51247601e-01 3.51247601e-01 3.54126679e-01 3.54126679e-01
 3.55086372e-01 3.55086372e-01 3.57005758e-01 3.57005758e-01
 3.59404990e-01 3.59404990e-01 3.62763916e-01 3.62763916e-01
 3.64683301e-01 3.64683301e-01 3.65163148e-01 3.65163148e-01
 3.65642994e-01 3.65642994e-01 3.66122841e-01 3.66122841e-01
 3.67082534e-01 3.67082534e-01 3.68522073e-01 3.68522073e-01
 3.69481766e-01 3.69481766e-01 3.79558541e-01 3.79558541e-01
 3.80518234e-01 3.80518234e-01 3.84836852e-01 3.84836852e-01
 3.91074856e-01 3.91074856e-01 3.92034549e-01 3.92034549e-01
 3.96353167e-01 3.96353167e-01 4.02111324e-01 4.02111324e-01
 4.04510557e-01 4.04510557e-01 4.06429942e-01 4.06429942e-01
 4.06909789e-01 4.06909789e-01 4.09788868e-01 4.09788868e-01
 4.13627639e-01 4.13627639e-01 4.16506718e-01 4.16506718e-01
 4.17946257e-01 4.17946257e-01 4.19865643e-01 4.19865643e-01
 4.28023033e-01 4.28982726e-01 4.30902111e-01 4.30902111e-01
 4.35220729e-01 4.35220729e-01 4.38579655e-01 4.38579655e-01
 4.39059501e-01 4.39059501e-01 4.39539347e-01 4.39539347e-01
 4.56813820e-01 4.56813820e-01 4.58253359e-01 4.58253359e-01
 4.65451056e-01 4.65451056e-01 4.65930902e-01 4.65930902e-01
 4.66410749e-01 4.66410749e-01 4.66890595e-01 4.66890595e-01
 4.68809981e-01 4.68809981e-01 4.75527831e-01 4.75527831e-01
 4.78406910e-01 4.78406910e-01 4.79366603e-01 4.79366603e-01
 4.83685221e-01 4.83685221e-01 4.84165067e-01 4.84165067e-01
 4.85604607e-01 4.85604607e-01 4.86564299e-01 4.86564299e-01
 4.90403071e-01 4.90403071e-01 4.92322457e-01 4.92322457e-01
 4.97600768e-01 4.97600768e-01 4.98080614e-01 4.98080614e-01
 4.99040307e-01 4.99040307e-01 5.02879079e-01 5.02879079e-01
 5.17274472e-01 5.17274472e-01 5.18714012e-01 5.18714012e-01
 5.21113244e-01 5.21113244e-01 5.31669866e-01 5.31669866e-01
 5.37428023e-01 5.37428023e-01 5.37907869e-01 5.37907869e-01
 5.41746641e-01 5.41746641e-01 5.46065259e-01 5.46065259e-01
 5.49424184e-01 5.49424184e-01 5.56142035e-01 5.56142035e-01
 5.59980806e-01 5.59980806e-01 5.66218810e-01 5.66218810e-01
 5.68618042e-01 5.68618042e-01 5.72456814e-01 5.72456814e-01
 5.76295585e-01 5.76295585e-01 5.76775432e-01 5.76775432e-01
 5.83493282e-01 5.83493282e-01 5.90690979e-01 5.90690979e-01
 5.93090211e-01 5.93090211e-01 5.94529750e-01 5.94529750e-01
 5.95969290e-01 5.95969290e-01 6.01727447e-01 6.01727447e-01
 6.04606526e-01 6.04606526e-01 6.09884837e-01 6.09884837e-01
 6.19481766e-01 6.19481766e-01 6.21401152e-01 6.21401152e-01
 6.33397313e-01 6.33397313e-01 6.46833013e-01 6.46833013e-01
 6.54030710e-01 6.54030710e-01 6.55470250e-01 6.55470250e-01
 6.62667946e-01 6.62667946e-01 6.63147793e-01 6.63147793e-01
 6.67466411e-01 6.67466411e-01 6.72744722e-01 6.72744722e-01
 6.79942418e-01 6.80422265e-01 6.81381958e-01 6.82341651e-01
 6.91458733e-01 6.91458733e-01 6.91938580e-01 6.92898273e-01
 6.96257198e-01 6.96257198e-01 7.19289827e-01 7.19289827e-01
 7.25527831e-01 7.26487524e-01 7.29366603e-01 7.30326296e-01
 7.30326296e-01 7.38003839e-01 7.38963532e-01 7.39923225e-01
 7.39923225e-01 7.42802303e-01 7.42802303e-01 7.45201536e-01
 7.45201536e-01 7.53358925e-01 7.59117083e-01 7.61516315e-01
 7.62476008e-01 7.66314779e-01 7.66794626e-01 7.68234165e-01
 7.70153551e-01 7.85988484e-01 7.87907869e-01 7.89347409e-01
 7.95585413e-01 7.96545106e-01 8.01823417e-01 8.05182342e-01
 8.06621881e-01 8.07101727e-01 8.08541267e-01 8.11420345e-01
 8.13339731e-01 8.13819578e-01 8.15259117e-01 8.17658349e-01
 8.19097889e-01 8.21017274e-01 8.21017274e-01 8.38291747e-01
 8.38291747e-01 8.39251440e-01 8.42130518e-01 8.42130518e-01
 8.50287908e-01 8.50287908e-01 8.67082534e-01 8.67082534e-01
 8.73320537e-01 8.73320537e-01 8.75719770e-01 8.75719770e-01
 8.79078695e-01 8.79078695e-01 8.86276392e-01 8.86276392e-01
 8.94913628e-01 8.94913628e-01 8.95393474e-01 8.96353167e-01
 8.97312860e-01 8.97312860e-01 9.04030710e-01 9.04030710e-01
 9.19385797e-01 9.19385797e-01 9.27543186e-01 9.27543186e-01
 9.33781190e-01 9.33781190e-01 9.46257198e-01 9.46257198e-01
 9.55374280e-01 9.55374280e-01 9.56813820e-01 9.56813820e-01
 9.58253359e-01 9.58253359e-01 9.64491363e-01 9.64491363e-01
 1.00000000e+00]","[0.         0.         0.         0.0052356  0.0052356  0.0078534
 0.0078534  0.01308901 0.01308901 0.02094241 0.02094241 0.02617801
 0.02617801 0.02879581 0.02879581 0.03141361 0.03141361 0.03664921
 0.03664921 0.03926702 0.03926702 0.04188482 0.04188482 0.04450262
 0.04450262 0.04712042 0.04712042 0.04973822 0.04973822 0.05235602
 0.05235602 0.05497382 0.05497382 0.06282723 0.06282723 0.06806283
 0.06806283 0.07068063 0.07068063 0.07329843 0.07329843 0.08638743
 0.08638743 0.08900524 0.08900524 0.09162304 0.09162304 0.09424084
 0.09424084 0.10209424 0.10209424 0.10994764 0.10994764 0.11256545
 0.11256545 0.11518325 0.11518325 0.11780105 0.11780105 0.12041885
 0.12041885 0.12303665 0.12303665 0.12565445 0.12565445 0.13089005
 0.13089005 0.13350785 0.13350785 0.13612565 0.13612565 0.13874346
 0.13874346 0.14136126 0.14136126 0.14659686 0.14659686 0.14921466
 0.14921466 0.15183246 0.15183246 0.15445026 0.15445026 0.15706806
 0.15706806 0.15968586 0.15968586 0.16230366 0.16230366 0.16492147
 0.16492147 0.16753927 0.16753927 0.17277487 0.17277487 0.18062827
 0.18062827 0.18848168 0.18848168 0.19109948 0.19109948 0.19371728
 0.19371728 0.19633508 0.19633508 0.19895288 0.19895288 0.20418848
 0.20418848 0.20680628 0.20680628 0.21204188 0.21204188 0.21465969
 0.21465969 0.21727749 0.21727749 0.22513089 0.22513089 0.22774869
 0.22774869 0.23298429 0.23298429 0.23560209 0.23560209 0.2382199
 0.2382199  0.2408377  0.2408377  0.2434555  0.2434555  0.2486911
 0.2486911  0.2539267  0.2539267  0.2565445  0.2565445  0.2591623
 0.2591623  0.2617801  0.2617801  0.26701571 0.26701571 0.26963351
 0.26963351 0.27225131 0.27225131 0.27486911 0.27486911 0.27748691
 0.27748691 0.28010471 0.28010471 0.28272251 0.28272251 0.28534031
 0.28534031 0.29581152 0.29581152 0.29842932 0.29842932 0.30366492
 0.30366492 0.30890052 0.30890052 0.31413613 0.31413613 0.32198953
 0.32198953 0.32460733 0.32460733 0.32722513 0.32722513 0.33507853
 0.33507853 0.33769634 0.33769634 0.34031414 0.34031414 0.34293194
 0.34293194 0.34554974 0.34554974 0.34816754 0.34816754 0.35078534
 0.35078534 0.35340314 0.35340314 0.35602094 0.35602094 0.35863874
 0.35863874 0.36125654 0.36125654 0.36649215 0.36649215 0.37172775
 0.37172775 0.37434555 0.37434555 0.37696335 0.37696335 0.37958115
 0.37958115 0.38219895 0.38219895 0.38481675 0.38481675 0.39005236
 0.39005236 0.39267016 0.39267016 0.39790576 0.39790576 0.40052356
 0.40052356 0.40575916 0.40575916 0.41099476 0.41099476 0.41361257
 0.41361257 0.41884817 0.41884817 0.42408377 0.42408377 0.43193717
 0.43193717 0.43455497 0.43455497 0.43717277 0.43717277 0.44240838
 0.44240838 0.44502618 0.44502618 0.44764398 0.44764398 0.45026178
 0.45026178 0.45287958 0.45287958 0.45549738 0.45549738 0.45811518
 0.45811518 0.46335079 0.46335079 0.46596859 0.46596859 0.46858639
 0.46858639 0.47120419 0.47120419 0.47643979 0.47643979 0.48429319
 0.48429319 0.48691099 0.48691099 0.4895288  0.4895288  0.4921466
 0.4921466  0.5        0.5        0.5026178  0.5026178  0.5052356
 0.5052356  0.5078534  0.5078534  0.51308901 0.51308901 0.51570681
 0.51570681 0.52094241 0.52094241 0.52617801 0.52617801 0.52879581
 0.52879581 0.53141361 0.53141361 0.53403141 0.53403141 0.53664921
 0.53664921 0.53926702 0.53926702 0.54188482 0.54188482 0.54450262
 0.54450262 0.54712042 0.54712042 0.54973822 0.54973822 0.55235602
 0.55235602 0.55497382 0.55497382 0.56020942 0.56020942 0.56282723
 0.56282723 0.56544503 0.56544503 0.56806283 0.56806283 0.57068063
 0.57068063 0.57329843 0.57329843 0.57853403 0.57853403 0.58115183
 0.58115183 0.58376963 0.58376963 0.58638743 0.58638743 0.58900524
 0.58900524 0.59162304 0.59162304 0.59424084 0.59424084 0.59947644
 0.59947644 0.60209424 0.60209424 0.60732984 0.60732984 0.60994764
 0.60994764 0.61518325 0.61518325 0.61780105 0.61780105 0.62041885
 0.62041885 0.62303665 0.62303665 0.62565445 0.62565445 0.62827225
 0.62827225 0.63089005 0.63089005 0.63350785 0.63350785 0.63612565
 0.63612565 0.63874346 0.63874346 0.64397906 0.64397906 0.64659686
 0.64659686 0.64921466 0.64921466 0.65183246 0.65183246 0.65445026
 0.65445026 0.65706806 0.65706806 0.65968586 0.65968586 0.66230366
 0.66230366 0.66492147 0.66492147 0.67015707 0.67015707 0.67277487
 0.67277487 0.67539267 0.67539267 0.67801047 0.67801047 0.68062827
 0.68062827 0.68324607 0.68324607 0.68848168 0.68848168 0.69371728
 0.69371728 0.69895288 0.69895288 0.70418848 0.70418848 0.70680628
 0.70680628 0.70942408 0.70942408 0.71204188 0.71204188 0.71465969
 0.71465969 0.71727749 0.71727749 0.72251309 0.72251309 0.72513089
 0.72513089 0.72774869 0.72774869 0.73036649 0.73036649 0.73298429
 0.73298429 0.73560209 0.73560209 0.7382199  0.7382199  0.7408377
 0.7408377  0.7408377  0.7408377  0.7434555  0.7434555  0.7460733
 0.7460733  0.7486911  0.7486911  0.7539267  0.7539267  0.7565445
 0.7565445  0.7591623  0.7591623  0.7617801  0.7617801  0.76439791
 0.76439791 0.77225131 0.77225131 0.77486911 0.77486911 0.78010471
 0.78010471 0.78272251 0.78272251 0.78534031 0.78534031 0.78795812
 0.78795812 0.79057592 0.79057592 0.79319372 0.79319372 0.79581152
 0.79581152 0.80104712 0.80104712 0.80366492 0.80366492 0.80628272
 0.80628272 0.80890052 0.80890052 0.81151832 0.81151832 0.81413613
 0.81413613 0.81675393 0.81675393 0.81937173 0.81937173 0.82198953
 0.82198953 0.82984293 0.82984293 0.83246073 0.83246073 0.83507853
 0.83507853 0.83769634 0.83769634 0.84031414 0.84031414 0.84293194
 0.84293194 0.84554974 0.84554974 0.84816754 0.84816754 0.85078534
 0.85078534 0.85340314 0.85340314 0.85602094 0.85602094 0.85863874
 0.85863874 0.86125654 0.86125654 0.86387435 0.86387435 0.86649215
 0.86649215 0.86910995 0.86910995 0.87434555 0.87434555 0.87696335
 0.87696335 0.87958115 0.87958115 0.88219895 0.88219895 0.88481675
 0.88481675 0.88743455 0.88743455 0.89005236 0.89005236 0.89267016
 0.89267016 0.89528796 0.89528796 0.89790576 0.89790576 0.90052356
 0.90052356 0.90314136 0.90314136 0.90575916 0.90575916 0.91099476
 0.91099476 0.91623037 0.91623037 0.91884817 0.91884817 0.92146597
 0.92146597 0.92408377 0.92408377 0.92408377 0.92408377 0.92931937
 0.92931937 0.92931937 0.92931937 0.93193717 0.93193717 0.93455497
 0.93455497 0.93455497 0.93455497 0.93455497 0.93717277 0.93717277
 0.93717277 0.93717277 0.93979058 0.93979058 0.94240838 0.94240838
 0.94502618 0.94502618 0.94502618 0.94502618 0.94502618 0.94502618
 0.94502618 0.94502618 0.94764398 0.94764398 0.94764398 0.94764398
 0.94764398 0.94764398 0.94764398 0.94764398 0.94764398 0.94764398
 0.94764398 0.94764398 0.94764398 0.94764398 0.94764398 0.94764398
 0.94764398 0.94764398 0.95026178 0.95026178 0.95287958 0.95287958
 0.95287958 0.95549738 0.95549738 0.95811518 0.95811518 0.96073298
 0.96073298 0.96335079 0.96335079 0.96596859 0.96596859 0.96858639
 0.96858639 0.97120419 0.97120419 0.97382199 0.97382199 0.97382199
 0.97382199 0.97643979 0.97643979 0.97905759 0.97905759 0.98167539
 0.98167539 0.98429319 0.98429319 0.98691099 0.98691099 0.9895288
 0.9895288  0.9921466  0.9921466  0.9947644  0.9947644  0.9973822
 0.9973822  1.         1.        ]",0.7210452864507442
SVM,class_weighted,0.8450932684509327,0.0,0.0,0.0,"[0.00000000e+00 4.79846449e-04 1.43953935e-03 1.43953935e-03
 1.91938580e-03 1.91938580e-03 4.31861804e-03 4.31861804e-03
 5.75815739e-03 5.75815739e-03 6.71785029e-03 6.71785029e-03
 7.19769674e-03 7.19769674e-03 7.67754319e-03 7.67754319e-03
 8.15738964e-03 8.15738964e-03 9.11708253e-03 9.11708253e-03
 1.00767754e-02 1.00767754e-02 1.05566219e-02 1.05566219e-02
 1.10364683e-02 1.10364683e-02 1.19961612e-02 1.19961612e-02
 1.24760077e-02 1.24760077e-02 1.43953935e-02 1.43953935e-02
 1.48752399e-02 1.48752399e-02 1.53550864e-02 1.53550864e-02
 1.67946257e-02 1.67946257e-02 1.72744722e-02 1.72744722e-02
 2.01535509e-02 2.01535509e-02 2.20729367e-02 2.20729367e-02
 2.35124760e-02 2.35124760e-02 2.44721689e-02 2.44721689e-02
 2.73512476e-02 2.73512476e-02 2.83109405e-02 2.83109405e-02
 2.97504798e-02 2.97504798e-02 3.31094050e-02 3.31094050e-02
 3.40690979e-02 3.40690979e-02 3.50287908e-02 3.50287908e-02
 3.74280230e-02 3.74280230e-02 3.79078695e-02 3.79078695e-02
 3.83877159e-02 3.83877159e-02 3.93474088e-02 3.93474088e-02
 4.12667946e-02 4.12667946e-02 4.27063340e-02 4.27063340e-02
 4.31861804e-02 4.31861804e-02 4.36660269e-02 4.36660269e-02
 4.46257198e-02 4.46257198e-02 4.55854127e-02 4.55854127e-02
 4.65451056e-02 4.65451056e-02 5.08637236e-02 5.08637236e-02
 5.18234165e-02 5.18234165e-02 5.23032630e-02 5.23032630e-02
 5.27831094e-02 5.27831094e-02 5.32629559e-02 5.32629559e-02
 5.42226488e-02 5.42226488e-02 5.47024952e-02 5.47024952e-02
 5.61420345e-02 5.61420345e-02 5.66218810e-02 5.66218810e-02
 5.75815739e-02 5.75815739e-02 5.90211132e-02 5.90211132e-02
 5.95009597e-02 5.95009597e-02 5.99808061e-02 5.99808061e-02
 6.19001919e-02 6.19001919e-02 6.23800384e-02 6.23800384e-02
 6.62188100e-02 6.62188100e-02 6.76583493e-02 6.76583493e-02
 6.81381958e-02 6.81381958e-02 7.24568138e-02 7.24568138e-02
 7.29366603e-02 7.29366603e-02 7.53358925e-02 7.53358925e-02
 7.62955854e-02 7.62955854e-02 7.86948177e-02 7.86948177e-02
 8.06142035e-02 8.06142035e-02 8.10940499e-02 8.10940499e-02
 8.15738964e-02 8.15738964e-02 8.39731286e-02 8.39731286e-02
 8.44529750e-02 8.44529750e-02 8.68522073e-02 8.68522073e-02
 8.73320537e-02 8.73320537e-02 8.97312860e-02 8.97312860e-02
 9.06909789e-02 9.06909789e-02 9.16506718e-02 9.16506718e-02
 9.35700576e-02 9.35700576e-02 9.50095969e-02 9.50095969e-02
 9.54894434e-02 9.54894434e-02 9.64491363e-02 9.64491363e-02
 9.69289827e-02 9.69289827e-02 9.74088292e-02 9.74088292e-02
 9.78886756e-02 9.78886756e-02 9.88483685e-02 9.88483685e-02
 9.98080614e-02 9.98080614e-02 1.02687140e-01 1.02687140e-01
 1.04126679e-01 1.04126679e-01 1.05086372e-01 1.05086372e-01
 1.07965451e-01 1.07965451e-01 1.09884837e-01 1.09884837e-01
 1.14683301e-01 1.14683301e-01 1.15642994e-01 1.15642994e-01
 1.19961612e-01 1.19961612e-01 1.22840691e-01 1.22840691e-01
 1.23800384e-01 1.23800384e-01 1.30518234e-01 1.30518234e-01
 1.31957774e-01 1.31957774e-01 1.34357006e-01 1.34357006e-01
 1.35316699e-01 1.35316699e-01 1.36756238e-01 1.36756238e-01
 1.38195777e-01 1.38195777e-01 1.39635317e-01 1.39635317e-01
 1.42994242e-01 1.42994242e-01 1.45873321e-01 1.45873321e-01
 1.50671785e-01 1.50671785e-01 1.52591171e-01 1.52591171e-01
 1.53071017e-01 1.53071017e-01 1.54510557e-01 1.54510557e-01
 1.56909789e-01 1.56909789e-01 1.59788868e-01 1.59788868e-01
 1.61228407e-01 1.61228407e-01 1.62667946e-01 1.62667946e-01
 1.63147793e-01 1.63147793e-01 1.63627639e-01 1.63627639e-01
 1.66026871e-01 1.66026871e-01 1.66986564e-01 1.66986564e-01
 1.67466411e-01 1.67466411e-01 1.72264875e-01 1.72264875e-01
 1.73224568e-01 1.73224568e-01 1.75143954e-01 1.75143954e-01
 1.80422265e-01 1.80422265e-01 1.80902111e-01 1.80902111e-01
 1.84261036e-01 1.84261036e-01 1.86180422e-01 1.86180422e-01
 1.87140115e-01 1.87140115e-01 1.90019194e-01 1.90019194e-01
 1.91938580e-01 1.91938580e-01 2.00095969e-01 2.00095969e-01
 2.02015355e-01 2.02015355e-01 2.06333973e-01 2.06333973e-01
 2.07773512e-01 2.07773512e-01 2.09692898e-01 2.09692898e-01
 2.11132438e-01 2.11132438e-01 2.12571977e-01 2.12571977e-01
 2.15451056e-01 2.15451056e-01 2.16410749e-01 2.16410749e-01
 2.17850288e-01 2.17850288e-01 2.18809981e-01 2.18809981e-01
 2.19769674e-01 2.19769674e-01 2.20729367e-01 2.20729367e-01
 2.21689060e-01 2.21689060e-01 2.24088292e-01 2.24088292e-01
 2.36084453e-01 2.36084453e-01 2.45681382e-01 2.45681382e-01
 2.47120921e-01 2.47120921e-01 2.48560461e-01 2.48560461e-01
 2.54798464e-01 2.54798464e-01 2.55758157e-01 2.55758157e-01
 2.56717850e-01 2.56717850e-01 2.61996161e-01 2.61996161e-01
 2.64395393e-01 2.64395393e-01 2.65355086e-01 2.65355086e-01
 2.66314779e-01 2.66314779e-01 2.71113244e-01 2.71113244e-01
 2.71593090e-01 2.71593090e-01 2.77351248e-01 2.77351248e-01
 2.78790787e-01 2.78790787e-01 2.79750480e-01 2.79750480e-01
 2.91746641e-01 2.91746641e-01 2.92706334e-01 2.92706334e-01
 2.97024952e-01 2.97024952e-01 3.03742802e-01 3.03742802e-01
 3.07581574e-01 3.07581574e-01 3.13819578e-01 3.13819578e-01
 3.14299424e-01 3.14299424e-01 3.16698656e-01 3.16698656e-01
 3.17658349e-01 3.17658349e-01 3.25335893e-01 3.25335893e-01
 3.26295585e-01 3.26295585e-01 3.28214971e-01 3.28214971e-01
 3.32533589e-01 3.32533589e-01 3.36372361e-01 3.36372361e-01
 3.38291747e-01 3.38291747e-01 3.39251440e-01 3.39251440e-01
 3.41170825e-01 3.41170825e-01 3.42130518e-01 3.42130518e-01
 3.44529750e-01 3.44529750e-01 3.46928983e-01 3.46928983e-01
 3.50767754e-01 3.50767754e-01 3.51727447e-01 3.51727447e-01
 3.54126679e-01 3.54126679e-01 3.55566219e-01 3.55566219e-01
 3.59404990e-01 3.59404990e-01 3.62284069e-01 3.62284069e-01
 3.62763916e-01 3.62763916e-01 3.63243762e-01 3.63243762e-01
 3.64203455e-01 3.64203455e-01 3.71880998e-01 3.71880998e-01
 3.75719770e-01 3.75719770e-01 3.76679463e-01 3.76679463e-01
 3.77159309e-01 3.77159309e-01 3.80998081e-01 3.80998081e-01
 3.86756238e-01 3.86756238e-01 3.88195777e-01 3.88195777e-01
 3.88675624e-01 3.88675624e-01 3.90595010e-01 3.90595010e-01
 3.91554702e-01 3.91554702e-01 3.96833013e-01 3.96833013e-01
 4.00191939e-01 4.00191939e-01 4.02591171e-01 4.02591171e-01
 4.12667946e-01 4.12667946e-01 4.16506718e-01 4.16506718e-01
 4.17466411e-01 4.17466411e-01 4.18426104e-01 4.18426104e-01
 4.21305182e-01 4.21305182e-01 4.22744722e-01 4.22744722e-01
 4.26103647e-01 4.26103647e-01 4.30422265e-01 4.30422265e-01
 4.32821497e-01 4.32821497e-01 4.34261036e-01 4.34261036e-01
 4.34740883e-01 4.34740883e-01 4.36660269e-01 4.36660269e-01
 4.41938580e-01 4.41938580e-01 4.42418426e-01 4.42418426e-01
 4.42898273e-01 4.42898273e-01 4.43857965e-01 4.43857965e-01
 4.44817658e-01 4.50095969e-01 4.50095969e-01 4.51535509e-01
 4.51535509e-01 4.53454894e-01 4.53454894e-01 4.63051823e-01
 4.63051823e-01 4.68809981e-01 4.68809981e-01 4.70729367e-01
 4.70729367e-01 4.86564299e-01 4.86564299e-01 5.00000000e-01
 5.00000000e-01 5.08157390e-01 5.08157390e-01 5.09117083e-01
 5.09117083e-01 5.10556622e-01 5.10556622e-01 5.11996161e-01
 5.11996161e-01 5.14395393e-01 5.14395393e-01 5.14875240e-01
 5.14875240e-01 5.16314779e-01 5.16314779e-01 5.18714012e-01
 5.18714012e-01 5.19193858e-01 5.19193858e-01 5.19673704e-01
 5.19673704e-01 5.21113244e-01 5.21113244e-01 5.22072937e-01
 5.22072937e-01 5.23992322e-01 5.23992322e-01 5.39827255e-01
 5.39827255e-01 5.58061420e-01 5.58061420e-01 5.58541267e-01
 5.58541267e-01 5.64299424e-01 5.64299424e-01 5.68138196e-01
 5.68138196e-01 5.72456814e-01 5.72456814e-01 5.72936660e-01
 5.72936660e-01 5.77255278e-01 5.77255278e-01 5.80134357e-01
 5.80134357e-01 5.87811900e-01 5.87811900e-01 5.93090211e-01
 5.93090211e-01 5.95969290e-01 5.95969290e-01 6.12284069e-01
 6.12284069e-01 6.20441459e-01 6.20441459e-01 6.20921305e-01
 6.20921305e-01 6.22840691e-01 6.22840691e-01 6.39155470e-01
 6.39635317e-01 6.40595010e-01 6.51151631e-01 6.51151631e-01
 6.53071017e-01 6.53071017e-01 6.54510557e-01 6.54510557e-01
 6.69865643e-01 6.69865643e-01 6.78502879e-01 6.78502879e-01
 6.84261036e-01 6.84261036e-01 6.85220729e-01 6.85220729e-01
 6.95297505e-01 6.95297505e-01 7.04414587e-01 7.05374280e-01
 7.05374280e-01 7.06333973e-01 7.12092131e-01 7.15930902e-01
 7.16410749e-01 7.18330134e-01 7.34165067e-01 7.35604607e-01
 7.37044146e-01 7.38483685e-01 7.39443378e-01 7.42322457e-01
 7.43761996e-01 7.46641075e-01 7.47600768e-01 7.51919386e-01
 7.53838772e-01 7.54318618e-01 7.56717850e-01 7.61036468e-01
 7.67274472e-01 7.72072937e-01 7.77351248e-01 7.81190019e-01
 7.81190019e-01 7.84069098e-01 7.85508637e-01 7.85988484e-01
 7.85988484e-01 7.90786948e-01 7.90786948e-01 7.92226488e-01
 8.03262956e-01 8.03262956e-01 8.08541267e-01 8.09980806e-01
 8.20537428e-01 8.21497121e-01 8.22456814e-01 8.22456814e-01
 8.22936660e-01 8.23896353e-01 8.28694818e-01 8.29654511e-01
 8.30614203e-01 8.31573896e-01 8.37332054e-01 8.37332054e-01
 8.39251440e-01 8.39251440e-01 8.46928983e-01 8.46928983e-01
 8.49808061e-01 8.49808061e-01 8.68042226e-01 8.68042226e-01
 8.69961612e-01 8.69961612e-01 8.77159309e-01 8.77159309e-01
 8.81477927e-01 8.81477927e-01 8.89155470e-01 8.89155470e-01
 8.92994242e-01 8.92994242e-01 9.01631478e-01 9.01631478e-01
 9.04990403e-01 9.04990403e-01 9.12667946e-01 9.12667946e-01
 9.18905950e-01 9.18905950e-01 9.22264875e-01 9.22264875e-01
 9.25623800e-01 9.25623800e-01 9.29462572e-01 9.30422265e-01
 9.50095969e-01 9.50095969e-01 9.52015355e-01 9.52015355e-01
 9.66410749e-01 9.66410749e-01 9.81285988e-01 9.81285988e-01
 1.00000000e+00]","[0.         0.         0.         0.0078534  0.0078534  0.01832461
 0.01832461 0.02094241 0.02094241 0.02879581 0.02879581 0.03403141
 0.03403141 0.03926702 0.03926702 0.04188482 0.04188482 0.04712042
 0.04712042 0.04973822 0.04973822 0.05235602 0.05235602 0.06020942
 0.06020942 0.07068063 0.07068063 0.07329843 0.07329843 0.07591623
 0.07591623 0.07853403 0.07853403 0.08376963 0.08376963 0.08638743
 0.08638743 0.08900524 0.08900524 0.09424084 0.09424084 0.09685864
 0.09685864 0.09947644 0.09947644 0.10209424 0.10209424 0.10732984
 0.10732984 0.11518325 0.11518325 0.12041885 0.12041885 0.12565445
 0.12565445 0.12827225 0.12827225 0.13089005 0.13089005 0.13350785
 0.13350785 0.14921466 0.14921466 0.15445026 0.15445026 0.15706806
 0.15706806 0.16230366 0.16230366 0.16492147 0.16492147 0.17277487
 0.17277487 0.17539267 0.17539267 0.18062827 0.18062827 0.18848168
 0.18848168 0.19109948 0.19109948 0.19633508 0.19633508 0.19895288
 0.19895288 0.20418848 0.20418848 0.20680628 0.20680628 0.20942408
 0.20942408 0.21465969 0.21465969 0.21727749 0.21727749 0.22251309
 0.22251309 0.22513089 0.22513089 0.22774869 0.22774869 0.23036649
 0.23036649 0.23560209 0.23560209 0.2382199  0.2382199  0.2408377
 0.2408377  0.2460733  0.2460733  0.2486911  0.2486911  0.2513089
 0.2513089  0.2539267  0.2539267  0.2617801  0.2617801  0.26439791
 0.26439791 0.26701571 0.26701571 0.27225131 0.27225131 0.28010471
 0.28010471 0.28534031 0.28534031 0.28795812 0.28795812 0.29319372
 0.29319372 0.29842932 0.29842932 0.30104712 0.30104712 0.30366492
 0.30366492 0.30628272 0.30628272 0.31151832 0.31151832 0.31413613
 0.31413613 0.31675393 0.31675393 0.31937173 0.31937173 0.32460733
 0.32460733 0.32722513 0.32722513 0.32984293 0.32984293 0.33246073
 0.33246073 0.33507853 0.33507853 0.33769634 0.33769634 0.34293194
 0.34293194 0.34554974 0.34554974 0.34816754 0.34816754 0.35340314
 0.35340314 0.35602094 0.35602094 0.36125654 0.36125654 0.36387435
 0.36387435 0.36649215 0.36649215 0.36910995 0.36910995 0.37172775
 0.37172775 0.37958115 0.37958115 0.38481675 0.38481675 0.39267016
 0.39267016 0.39528796 0.39528796 0.40052356 0.40052356 0.40575916
 0.40575916 0.40837696 0.40837696 0.41099476 0.41099476 0.41361257
 0.41361257 0.41623037 0.41623037 0.42146597 0.42146597 0.42670157
 0.42670157 0.42931937 0.42931937 0.43193717 0.43193717 0.43455497
 0.43455497 0.43979058 0.43979058 0.44502618 0.44502618 0.44764398
 0.44764398 0.45026178 0.45026178 0.45287958 0.45287958 0.45811518
 0.45811518 0.46073298 0.46073298 0.46335079 0.46335079 0.46596859
 0.46596859 0.46858639 0.46858639 0.47120419 0.47120419 0.47643979
 0.47643979 0.47905759 0.47905759 0.48167539 0.48167539 0.48429319
 0.48429319 0.4895288  0.4895288  0.4921466  0.4921466  0.4947644
 0.4947644  0.4973822  0.4973822  0.5        0.5        0.5026178
 0.5026178  0.5052356  0.5052356  0.5078534  0.5078534  0.5104712
 0.5104712  0.51308901 0.51308901 0.51570681 0.51570681 0.51832461
 0.51832461 0.52094241 0.52094241 0.52617801 0.52617801 0.52879581
 0.52879581 0.53141361 0.53141361 0.53403141 0.53403141 0.53664921
 0.53664921 0.53926702 0.53926702 0.54188482 0.54188482 0.54450262
 0.54450262 0.54712042 0.54712042 0.55759162 0.55759162 0.56282723
 0.56282723 0.56544503 0.56544503 0.56806283 0.56806283 0.57068063
 0.57068063 0.57329843 0.57329843 0.57591623 0.57591623 0.57853403
 0.57853403 0.58376963 0.58376963 0.58638743 0.58638743 0.58900524
 0.58900524 0.59162304 0.59162304 0.59685864 0.59685864 0.59947644
 0.59947644 0.60209424 0.60209424 0.60471204 0.60471204 0.60732984
 0.60732984 0.60994764 0.60994764 0.61256545 0.61256545 0.61518325
 0.61518325 0.61780105 0.61780105 0.62041885 0.62041885 0.62303665
 0.62303665 0.62565445 0.62565445 0.62827225 0.62827225 0.63089005
 0.63089005 0.63612565 0.63612565 0.63874346 0.63874346 0.64397906
 0.64397906 0.64659686 0.64659686 0.64921466 0.64921466 0.65183246
 0.65183246 0.65445026 0.65445026 0.65968586 0.65968586 0.66230366
 0.66230366 0.66492147 0.66492147 0.67015707 0.67015707 0.67277487
 0.67277487 0.67539267 0.67539267 0.68324607 0.68324607 0.68586387
 0.68586387 0.68848168 0.68848168 0.69109948 0.69109948 0.69371728
 0.69371728 0.69633508 0.69633508 0.70418848 0.70418848 0.70680628
 0.70680628 0.70942408 0.70942408 0.71204188 0.71204188 0.71465969
 0.71465969 0.71989529 0.71989529 0.72251309 0.72251309 0.72513089
 0.72513089 0.72774869 0.72774869 0.73036649 0.73036649 0.73298429
 0.73298429 0.73560209 0.73560209 0.7382199  0.7382199  0.7408377
 0.7408377  0.7434555  0.7434555  0.7460733  0.7460733  0.7486911
 0.7486911  0.7513089  0.7513089  0.7539267  0.7539267  0.7565445
 0.7565445  0.7591623  0.7591623  0.7617801  0.7617801  0.76439791
 0.76439791 0.76701571 0.76701571 0.77225131 0.77225131 0.77486911
 0.77486911 0.77748691 0.77748691 0.77748691 0.78010471 0.78010471
 0.78272251 0.78272251 0.78534031 0.78534031 0.78795812 0.78795812
 0.79057592 0.79057592 0.79319372 0.79319372 0.79842932 0.79842932
 0.80104712 0.80104712 0.80366492 0.80366492 0.80628272 0.80628272
 0.80890052 0.80890052 0.81151832 0.81151832 0.81675393 0.81675393
 0.81937173 0.81937173 0.82198953 0.82198953 0.82460733 0.82460733
 0.82722513 0.82722513 0.82984293 0.82984293 0.83769634 0.83769634
 0.84031414 0.84031414 0.84293194 0.84293194 0.84554974 0.84554974
 0.85340314 0.85340314 0.85602094 0.85602094 0.85863874 0.85863874
 0.86125654 0.86125654 0.86649215 0.86649215 0.86910995 0.86910995
 0.87172775 0.87172775 0.87434555 0.87434555 0.87958115 0.87958115
 0.88219895 0.88219895 0.88481675 0.88481675 0.88743455 0.88743455
 0.89267016 0.89267016 0.89528796 0.89528796 0.89790576 0.89790576
 0.90052356 0.90052356 0.90052356 0.90314136 0.90314136 0.90575916
 0.90575916 0.91099476 0.91099476 0.91361257 0.91361257 0.91623037
 0.91623037 0.91884817 0.91884817 0.92146597 0.92146597 0.92670157
 0.92670157 0.92670157 0.92931937 0.92931937 0.92931937 0.92931937
 0.92931937 0.93193717 0.93193717 0.93193717 0.93193717 0.93193717
 0.93193717 0.93193717 0.93193717 0.93193717 0.93193717 0.93193717
 0.93193717 0.93193717 0.93193717 0.93193717 0.93193717 0.93193717
 0.93193717 0.93193717 0.93455497 0.93455497 0.93455497 0.93455497
 0.93717277 0.93717277 0.93979058 0.93979058 0.93979058 0.94240838
 0.94240838 0.94240838 0.94240838 0.94240838 0.94240838 0.94502618
 0.94502618 0.94502618 0.94502618 0.94502618 0.94502618 0.94502618
 0.94502618 0.94764398 0.94764398 0.95026178 0.95026178 0.95287958
 0.95287958 0.95549738 0.95549738 0.95811518 0.95811518 0.96073298
 0.96073298 0.96335079 0.96335079 0.96596859 0.96596859 0.96858639
 0.96858639 0.97120419 0.97120419 0.97643979 0.97643979 0.97905759
 0.97905759 0.98167539 0.98167539 0.98429319 0.98429319 0.98691099
 0.98691099 0.9895288  0.9895288  0.9895288  0.9895288  0.9921466
 0.9921466  0.9947644  0.9947644  0.9973822  0.9973822  1.
 1.        ]",0.7243401483253108
LogisticRegression,base,0.8454987834549879,0.5263157894736842,0.02617801047120419,0.04987531172069826,"[0.         0.         0.00143954 0.00143954 0.00191939 0.00191939
 0.00239923 0.00239923 0.00335893 0.00335893 0.00383877 0.00383877
 0.00479846 0.00479846 0.00767754 0.00767754 0.00815739 0.00815739
 0.00863724 0.00863724 0.00959693 0.00959693 0.01055662 0.01055662
 0.01103647 0.01103647 0.01199616 0.01199616 0.01439539 0.01439539
 0.01487524 0.01487524 0.01583493 0.01583493 0.01631478 0.01631478
 0.01679463 0.01679463 0.01871401 0.01871401 0.01919386 0.01919386
 0.02015355 0.02015355 0.02495202 0.02495202 0.02543186 0.02543186
 0.02591171 0.02591171 0.0268714  0.0268714  0.02735125 0.02735125
 0.02831094 0.02831094 0.03071017 0.03071017 0.03214971 0.03214971
 0.03262956 0.03262956 0.0331094  0.0331094  0.03358925 0.03358925
 0.03838772 0.03838772 0.0403071  0.0403071  0.04078695 0.04078695
 0.04126679 0.04126679 0.04366603 0.04366603 0.04414587 0.04414587
 0.04510557 0.04510557 0.04654511 0.04654511 0.04846449 0.04846449
 0.04894434 0.04894434 0.05038388 0.05038388 0.05182342 0.05182342
 0.05278311 0.05278311 0.05422265 0.05422265 0.05566219 0.05566219
 0.05662188 0.05662188 0.05758157 0.05758157 0.05806142 0.05806142
 0.05902111 0.05902111 0.0609405  0.0609405  0.06142035 0.06142035
 0.06238004 0.06238004 0.06333973 0.06333973 0.06381958 0.06381958
 0.06477927 0.06477927 0.06525912 0.06525912 0.07101727 0.07101727
 0.07341651 0.07341651 0.07485605 0.07485605 0.07581574 0.07581574
 0.07773512 0.07773512 0.07821497 0.07821497 0.0806142  0.0806142
 0.08493282 0.08493282 0.0878119  0.0878119  0.08829175 0.08829175
 0.08877159 0.08877159 0.09117083 0.09117083 0.09213052 0.09213052
 0.09261036 0.09261036 0.09644914 0.09644914 0.1012476  0.1012476
 0.10172745 0.10172745 0.10412668 0.10412668 0.10508637 0.10508637
 0.10556622 0.10556622 0.10604607 0.10604607 0.10700576 0.10700576
 0.1074856  0.1074856  0.1084453  0.1084453  0.11228407 0.11228407
 0.11324376 0.11324376 0.11420345 0.11420345 0.11756238 0.11756238
 0.11852207 0.11852207 0.12044146 0.12044146 0.12140115 0.12140115
 0.12428023 0.12428023 0.12715931 0.12715931 0.12859885 0.12859885
 0.13099808 0.13099808 0.13147793 0.13147793 0.13915547 0.13915547
 0.13963532 0.13963532 0.14107486 0.14107486 0.14203455 0.14203455
 0.14779271 0.14779271 0.1549904  0.1549904  0.1621881  0.1621881
 0.16458733 0.16458733 0.16650672 0.16650672 0.16890595 0.16890595
 0.17178503 0.17178503 0.17370441 0.17370441 0.17418426 0.17418426
 0.17610365 0.17610365 0.17946257 0.17946257 0.18138196 0.18138196
 0.1818618  0.1818618  0.18234165 0.18234165 0.1828215  0.1828215
 0.18330134 0.18330134 0.18666027 0.18666027 0.18809981 0.18809981
 0.1890595  0.1890595  0.19289827 0.19289827 0.19481766 0.19481766
 0.19577735 0.19577735 0.20057582 0.20057582 0.20345489 0.20345489
 0.20585413 0.20585413 0.20825336 0.20825336 0.20921305 0.20921305
 0.2096929  0.2096929  0.21161228 0.21161228 0.21257198 0.21257198
 0.21401152 0.21401152 0.21545106 0.21545106 0.21976967 0.21976967
 0.22072937 0.22072937 0.22120921 0.22120921 0.22600768 0.22600768
 0.22648752 0.22648752 0.22792706 0.22792706 0.22840691 0.22840691
 0.23176583 0.23176583 0.23224568 0.23224568 0.23272553 0.23272553
 0.23368522 0.23368522 0.23992322 0.23992322 0.24232246 0.24232246
 0.24472169 0.24472169 0.24616123 0.24616123 0.25335893 0.25335893
 0.25527831 0.25527831 0.2571977  0.2571977  0.26151631 0.26151631
 0.2634357  0.2634357  0.26535509 0.26535509 0.26919386 0.26919386
 0.27111324 0.27111324 0.27975048 0.27975048 0.28071017 0.28071017
 0.29078695 0.29078695 0.29126679 0.29126679 0.29510557 0.29510557
 0.29606526 0.29606526 0.29942418 0.29942418 0.30086372 0.30086372
 0.30278311 0.30278311 0.30950096 0.30950096 0.31621881 0.31621881
 0.32197697 0.32197697 0.32533589 0.32533589 0.32965451 0.32965451
 0.33493282 0.33493282 0.33541267 0.33541267 0.33733205 0.33733205
 0.33925144 0.33925144 0.34980806 0.34980806 0.35220729 0.35220729
 0.35412668 0.35412668 0.35460653 0.35460653 0.3584453  0.3584453
 0.35988484 0.35988484 0.36036468 0.36036468 0.36900192 0.36900192
 0.37284069 0.37284069 0.37332054 0.37332054 0.38243762 0.38339731
 0.40211132 0.40211132 0.40642994 0.40642994 0.40786948 0.40786948
 0.40978887 0.40978887 0.4121881  0.4121881  0.41314779 0.41314779
 0.41362764 0.41362764 0.4184261  0.4184261  0.41986564 0.41986564
 0.42130518 0.42130518 0.42514395 0.42514395 0.42706334 0.42706334
 0.42754319 0.42754319 0.43090211 0.43090211 0.43330134 0.43330134
 0.43522073 0.43522073 0.43714012 0.43714012 0.4390595  0.4390595
 0.44817658 0.44817658 0.45105566 0.45105566 0.45297505 0.45297505
 0.45633397 0.45633397 0.45921305 0.45921305 0.4596929  0.4596929
 0.46401152 0.46497121 0.46785029 0.46785029 0.47360845 0.47360845
 0.47456814 0.47456814 0.48896353 0.48896353 0.48944338 0.48944338
 0.4928023  0.4928023  0.49664107 0.49664107 0.49808061 0.49808061
 0.50335893 0.50335893 0.50431862 0.50431862 0.51103647 0.51151631
 0.51247601 0.51727447 0.51727447 0.52303263 0.52303263 0.53071017
 0.53071017 0.53262956 0.53262956 0.53358925 0.53454894 0.53646833
 0.53646833 0.53982726 0.53982726 0.54174664 0.54174664 0.54414587
 0.54510557 0.55614203 0.55614203 0.55806142 0.55806142 0.5609405
 0.5609405  0.56765835 0.56765835 0.56861804 0.56861804 0.56909789
 0.56909789 0.56957774 0.56957774 0.57629559 0.57629559 0.57677543
 0.57677543 0.5878119  0.5878119  0.59213052 0.59213052 0.59596929
 0.59596929 0.60556622 0.60556622 0.61324376 0.61324376 0.61996161
 0.61996161 0.62380038 0.62380038 0.63387716 0.63387716 0.63483685
 0.63483685 0.6353167  0.6353167  0.63819578 0.63819578 0.64923225
 0.64923225 0.6559501  0.6559501  0.66506718 0.66506718 0.66554702
 0.66554702 0.67322457 0.67322457 0.67418426 0.67418426 0.67466411
 0.67466411 0.67946257 0.67946257 0.68570058 0.68570058 0.68714012
 0.68714012 0.70393474 0.70489443 0.70729367 0.70729367 0.71497121
 0.71497121 0.71545106 0.71545106 0.72024952 0.72024952 0.72360845
 0.72360845 0.72840691 0.72840691 0.73368522 0.73368522 0.7365643
 0.7365643  0.73800384 0.73800384 0.74136276 0.74136276 0.743762
 0.743762   0.7571977  0.7571977  0.75911708 0.75911708 0.7634357
 0.7634357  0.76487524 0.76487524 0.77303263 0.77303263 0.77543186
 0.77543186 0.77591171 0.77591171 0.7768714  0.7768714  0.77927063
 0.77927063 0.77975048 0.77975048 0.7840691  0.7840691  0.79414587
 0.79414587 0.81142035 0.81142035 0.81621881 0.81621881 0.84932821
 0.84932821 0.86948177 0.86948177 0.878119   0.878119   0.88915547
 0.88915547 0.89011516 0.89011516 0.89491363 0.89491363 0.91410749
 0.91410749 0.93474088 0.93618042 0.93666027 0.94241843 0.94481766
 0.94673704 0.94865643 0.94961612 0.95009597 0.95153551 0.9524952
 0.95873321 0.9596929  0.96017274 0.97600768 0.97648752 0.97792706
 0.97840691 0.97984645 0.98368522 0.98608445 0.9865643  0.99184261
 0.9928023  0.993762   0.99520154 0.99664107 0.99808061 0.99904031
 1.        ]","[0.         0.0026178  0.0026178  0.0104712  0.0104712  0.01308901
 0.01308901 0.01570681 0.01570681 0.01832461 0.01832461 0.02617801
 0.02617801 0.03141361 0.03141361 0.03403141 0.03403141 0.03926702
 0.03926702 0.04188482 0.04188482 0.04450262 0.04450262 0.04973822
 0.04973822 0.05235602 0.05235602 0.05759162 0.05759162 0.06020942
 0.06020942 0.06282723 0.06282723 0.06806283 0.06806283 0.07068063
 0.07068063 0.07329843 0.07329843 0.08376963 0.08376963 0.08900524
 0.08900524 0.09685864 0.09685864 0.10209424 0.10209424 0.10471204
 0.10471204 0.10994764 0.10994764 0.11518325 0.11518325 0.11780105
 0.11780105 0.12303665 0.12303665 0.13089005 0.13089005 0.13350785
 0.13350785 0.13612565 0.13612565 0.15183246 0.15183246 0.15968586
 0.15968586 0.16230366 0.16230366 0.16753927 0.16753927 0.17539267
 0.17539267 0.18062827 0.18062827 0.18324607 0.18324607 0.18586387
 0.18586387 0.18848168 0.18848168 0.19109948 0.19109948 0.19633508
 0.19633508 0.20157068 0.20157068 0.20418848 0.20418848 0.20680628
 0.20680628 0.20942408 0.20942408 0.21204188 0.21204188 0.21465969
 0.21465969 0.21727749 0.21727749 0.21989529 0.21989529 0.22251309
 0.22251309 0.22774869 0.22774869 0.23036649 0.23036649 0.23298429
 0.23298429 0.23560209 0.23560209 0.2408377  0.2408377  0.2434555
 0.2434555  0.2460733  0.2460733  0.2539267  0.2539267  0.2565445
 0.2565445  0.2617801  0.2617801  0.26439791 0.26439791 0.26701571
 0.26701571 0.27486911 0.27486911 0.27748691 0.27748691 0.28010471
 0.28010471 0.28534031 0.28534031 0.29057592 0.29057592 0.29319372
 0.29319372 0.29581152 0.29581152 0.29842932 0.29842932 0.30366492
 0.30366492 0.30628272 0.30628272 0.30890052 0.30890052 0.31151832
 0.31151832 0.31675393 0.31675393 0.32198953 0.32198953 0.32722513
 0.32722513 0.32984293 0.32984293 0.33246073 0.33246073 0.33769634
 0.33769634 0.34293194 0.34293194 0.35602094 0.35602094 0.36125654
 0.36125654 0.36387435 0.36387435 0.36649215 0.36649215 0.36910995
 0.36910995 0.37434555 0.37434555 0.37696335 0.37696335 0.38481675
 0.38481675 0.38743455 0.38743455 0.39267016 0.39267016 0.39528796
 0.39528796 0.39790576 0.39790576 0.40052356 0.40052356 0.41099476
 0.41099476 0.41361257 0.41361257 0.41623037 0.41623037 0.41884817
 0.41884817 0.42146597 0.42146597 0.42670157 0.42670157 0.42931937
 0.42931937 0.43193717 0.43193717 0.43455497 0.43455497 0.43979058
 0.43979058 0.44240838 0.44240838 0.44502618 0.44502618 0.45026178
 0.45026178 0.45287958 0.45287958 0.45549738 0.45549738 0.45811518
 0.45811518 0.46073298 0.46073298 0.46335079 0.46335079 0.46858639
 0.46858639 0.47120419 0.47120419 0.47905759 0.47905759 0.48167539
 0.48167539 0.48429319 0.48429319 0.4895288  0.4895288  0.4921466
 0.4921466  0.5        0.5        0.5026178  0.5026178  0.5052356
 0.5052356  0.5104712  0.5104712  0.51308901 0.51308901 0.51570681
 0.51570681 0.51832461 0.51832461 0.52094241 0.52094241 0.52356021
 0.52356021 0.52617801 0.52617801 0.52879581 0.52879581 0.53141361
 0.53141361 0.53403141 0.53403141 0.53926702 0.53926702 0.54188482
 0.54188482 0.54973822 0.54973822 0.55235602 0.55235602 0.55497382
 0.55497382 0.55759162 0.55759162 0.56020942 0.56020942 0.56282723
 0.56282723 0.56544503 0.56544503 0.56806283 0.56806283 0.57068063
 0.57068063 0.57329843 0.57329843 0.57591623 0.57591623 0.57853403
 0.57853403 0.58115183 0.58115183 0.58376963 0.58376963 0.58638743
 0.58638743 0.58900524 0.58900524 0.59162304 0.59162304 0.59685864
 0.59685864 0.60209424 0.60209424 0.60471204 0.60471204 0.60732984
 0.60732984 0.60994764 0.60994764 0.61780105 0.61780105 0.62041885
 0.62041885 0.62303665 0.62303665 0.62565445 0.62565445 0.62827225
 0.62827225 0.63089005 0.63089005 0.63612565 0.63612565 0.63874346
 0.63874346 0.64136126 0.64136126 0.64397906 0.64397906 0.64921466
 0.64921466 0.65183246 0.65183246 0.65445026 0.65445026 0.65706806
 0.65706806 0.65968586 0.65968586 0.66230366 0.66230366 0.66492147
 0.66492147 0.66753927 0.66753927 0.67015707 0.67015707 0.67277487
 0.67277487 0.67539267 0.67539267 0.68062827 0.68062827 0.68586387
 0.68586387 0.68848168 0.68848168 0.69109948 0.69109948 0.69109948
 0.69109948 0.69371728 0.69371728 0.69633508 0.69633508 0.69895288
 0.69895288 0.70157068 0.70157068 0.70418848 0.70418848 0.70680628
 0.70680628 0.70942408 0.70942408 0.71204188 0.71204188 0.71727749
 0.71727749 0.71989529 0.71989529 0.72251309 0.72251309 0.72513089
 0.72513089 0.72774869 0.72774869 0.73298429 0.73298429 0.73560209
 0.73560209 0.7382199  0.7382199  0.7408377  0.7408377  0.7460733
 0.7460733  0.7486911  0.7486911  0.7513089  0.7513089  0.7539267
 0.7539267  0.7591623  0.7591623  0.7617801  0.7617801  0.76439791
 0.76439791 0.76439791 0.76439791 0.76701571 0.76701571 0.76963351
 0.76963351 0.77225131 0.77225131 0.77486911 0.77486911 0.77748691
 0.77748691 0.78010471 0.78010471 0.78272251 0.78272251 0.78534031
 0.78534031 0.78795812 0.78795812 0.79057592 0.79057592 0.79319372
 0.79319372 0.79319372 0.79581152 0.79581152 0.79842932 0.79842932
 0.80366492 0.80366492 0.80628272 0.80628272 0.80628272 0.80628272
 0.80890052 0.80890052 0.81413613 0.81413613 0.81675393 0.81675393
 0.81675393 0.81675393 0.81937173 0.81937173 0.82198953 0.82198953
 0.82460733 0.82460733 0.82722513 0.82722513 0.82984293 0.82984293
 0.83246073 0.83246073 0.83507853 0.83507853 0.84031414 0.84031414
 0.84293194 0.84293194 0.84554974 0.84554974 0.84816754 0.84816754
 0.85340314 0.85340314 0.85602094 0.85602094 0.85863874 0.85863874
 0.86125654 0.86125654 0.86387435 0.86387435 0.86649215 0.86649215
 0.86910995 0.86910995 0.87172775 0.87172775 0.87434555 0.87434555
 0.87696335 0.87696335 0.87958115 0.87958115 0.88219895 0.88219895
 0.88481675 0.88481675 0.88743455 0.88743455 0.89005236 0.89005236
 0.89267016 0.89267016 0.89528796 0.89528796 0.89790576 0.89790576
 0.90052356 0.90052356 0.90052356 0.90052356 0.90314136 0.90314136
 0.90575916 0.90575916 0.90837696 0.90837696 0.91099476 0.91099476
 0.91361257 0.91361257 0.91623037 0.91623037 0.91884817 0.91884817
 0.92146597 0.92146597 0.92408377 0.92408377 0.92670157 0.92670157
 0.92931937 0.92931937 0.93193717 0.93193717 0.93717277 0.93717277
 0.93979058 0.93979058 0.94502618 0.94502618 0.94764398 0.94764398
 0.95026178 0.95026178 0.95549738 0.95549738 0.96073298 0.96073298
 0.96335079 0.96335079 0.96596859 0.96596859 0.96858639 0.96858639
 0.97120419 0.97120419 0.97382199 0.97382199 0.97643979 0.97643979
 0.97905759 0.97905759 0.98167539 0.98167539 0.98429319 0.98429319
 0.9895288  0.9895288  0.9921466  0.9921466  0.9947644  0.9947644
 0.9973822  0.9973822  0.9973822  0.9973822  0.9973822  0.9973822
 1.         1.         1.         1.         1.         1.
 1.         1.         1.         1.         1.         1.
 1.         1.         1.         1.         1.         1.
 1.         1.         1.         1.         1.         1.
 1.        ]",0.7186146506416375
LogisticRegression,oversampling,0.6220600162206001,0.24862888482632542,0.7120418848167539,0.3685636856368564,"[0.         0.         0.00143954 0.00143954 0.00479846 0.00479846
 0.00527831 0.00527831 0.00575816 0.00575816 0.006238   0.006238
 0.00863724 0.00863724 0.00959693 0.00959693 0.01007678 0.01007678
 0.01055662 0.01055662 0.01151631 0.01151631 0.01439539 0.01439539
 0.01487524 0.01487524 0.01535509 0.01535509 0.01679463 0.01679463
 0.01823417 0.01823417 0.0196737  0.0196737  0.02015355 0.02015355
 0.02159309 0.02159309 0.02255278 0.02255278 0.02303263 0.02303263
 0.02447217 0.02447217 0.02495202 0.02495202 0.02639155 0.02639155
 0.02735125 0.02735125 0.02975048 0.02975048 0.03166987 0.03166987
 0.03214971 0.03214971 0.0331094  0.0331094  0.03358925 0.03358925
 0.03502879 0.03502879 0.03694818 0.03694818 0.03742802 0.03742802
 0.04174664 0.04174664 0.04270633 0.04270633 0.04366603 0.04366603
 0.04414587 0.04414587 0.04606526 0.04606526 0.04654511 0.04654511
 0.0475048  0.0475048  0.04798464 0.04798464 0.04846449 0.04846449
 0.05038388 0.05038388 0.05134357 0.05134357 0.05182342 0.05182342
 0.05278311 0.05278311 0.05566219 0.05566219 0.05614203 0.05614203
 0.05710173 0.05710173 0.05758157 0.05758157 0.05854127 0.05854127
 0.06046065 0.06046065 0.06142035 0.06142035 0.06573896 0.06573896
 0.0671785  0.0671785  0.0681382  0.0681382  0.06957774 0.06957774
 0.07101727 0.07101727 0.07725528 0.07725528 0.07917466 0.07917466
 0.08109405 0.08109405 0.0815739  0.0815739  0.08301344 0.08301344
 0.08445298 0.08445298 0.08493282 0.08493282 0.08685221 0.08685221
 0.08733205 0.08733205 0.0878119  0.0878119  0.08829175 0.08829175
 0.08973129 0.08973129 0.09309021 0.09309021 0.0950096  0.0950096
 0.09836852 0.09836852 0.10028791 0.10028791 0.10172745 0.10172745
 0.10220729 0.10220729 0.10364683 0.10364683 0.10652591 0.10652591
 0.10796545 0.10796545 0.10988484 0.10988484 0.11276392 0.11276392
 0.11324376 0.11324376 0.1146833  0.1146833  0.11516315 0.11516315
 0.11564299 0.11564299 0.11612284 0.11612284 0.12140115 0.12140115
 0.121881   0.121881   0.12380038 0.12380038 0.12907869 0.12907869
 0.13003839 0.13003839 0.13099808 0.13099808 0.13387716 0.13387716
 0.13483685 0.13483685 0.13867562 0.13867562 0.14395393 0.14395393
 0.14539347 0.14539347 0.14779271 0.14779271 0.1487524  0.1487524
 0.15019194 0.15019194 0.15115163 0.15115163 0.1549904  0.1549904
 0.1559501  0.1559501  0.15978887 0.15978887 0.16026871 0.16026871
 0.16266795 0.16266795 0.16410749 0.16410749 0.16458733 0.16458733
 0.16506718 0.16506718 0.1684261  0.1684261  0.17082534 0.17082534
 0.17418426 0.17418426 0.17610365 0.17610365 0.17658349 0.17658349
 0.1828215  0.1828215  0.18618042 0.18618042 0.18714012 0.18714012
 0.18761996 0.18761996 0.19193858 0.19193858 0.19241843 0.19241843
 0.1962572  0.1962572  0.19769674 0.19769674 0.20057582 0.20057582
 0.20345489 0.20345489 0.20873321 0.20873321 0.21401152 0.21401152
 0.21497121 0.21497121 0.21641075 0.21641075 0.21785029 0.21785029
 0.21880998 0.21880998 0.21928983 0.21928983 0.22264875 0.22264875
 0.22456814 0.22456814 0.22600768 0.22600768 0.23080614 0.23080614
 0.23272553 0.23272553 0.23368522 0.23368522 0.23464491 0.23464491
 0.24088292 0.24088292 0.24184261 0.24184261 0.24808061 0.24808061
 0.25335893 0.25335893 0.256238   0.256238   0.2634357  0.2634357
 0.26919386 0.26919386 0.2706334  0.2706334  0.27159309 0.27159309
 0.27351248 0.27351248 0.27399232 0.27399232 0.27495202 0.27495202
 0.27543186 0.27543186 0.28358925 0.28358925 0.28550864 0.28550864
 0.28646833 0.28646833 0.28838772 0.28838772 0.28982726 0.28982726
 0.29126679 0.29126679 0.29366603 0.29366603 0.2975048  0.2975048
 0.29846449 0.29846449 0.29894434 0.29894434 0.29990403 0.29990403
 0.30854127 0.30854127 0.31477927 0.31477927 0.31909789 0.31909789
 0.32005758 0.32005758 0.32629559 0.32629559 0.33013436 0.33013436
 0.33541267 0.33541267 0.33589251 0.33589251 0.34117083 0.34117083
 0.34357006 0.34357006 0.35220729 0.35220729 0.35700576 0.35700576
 0.35892514 0.35892514 0.36180422 0.36180422 0.36324376 0.36324376
 0.3646833  0.3646833  0.36804223 0.36804223 0.37044146 0.37044146
 0.37092131 0.37092131 0.37284069 0.37284069 0.37715931 0.37715931
 0.378119   0.378119   0.38291747 0.38291747 0.3853167  0.3853167
 0.38627639 0.38627639 0.38819578 0.38819578 0.38867562 0.38867562
 0.38963532 0.38963532 0.40163148 0.40163148 0.40786948 0.40786948
 0.40834933 0.40930902 0.41266795 0.41266795 0.42034549 0.42034549
 0.42850288 0.42850288 0.42898273 0.42898273 0.43330134 0.43330134
 0.43618042 0.43618042 0.43666027 0.43666027 0.43714012 0.43714012
 0.43953935 0.43953935 0.44049904 0.44049904 0.44097889 0.44097889
 0.44769674 0.44769674 0.45681382 0.45681382 0.45873321 0.45873321
 0.45921305 0.45921305 0.46353167 0.46353167 0.46545106 0.46545106
 0.46976967 0.46976967 0.47840691 0.47840691 0.48080614 0.48080614
 0.49184261 0.49184261 0.49664107 0.49664107 0.50287908 0.50287908
 0.50383877 0.50383877 0.50431862 0.50431862 0.5071977  0.5071977
 0.50863724 0.50863724 0.51247601 0.51247601 0.52111324 0.52111324
 0.52207294 0.52303263 0.52303263 0.53358925 0.5340691  0.53454894
 0.53550864 0.54078695 0.54078695 0.54126679 0.54126679 0.54174664
 0.54174664 0.54462572 0.54462572 0.55758157 0.55758157 0.55998081
 0.5609405  0.56190019 0.56190019 0.56238004 0.56238004 0.56285988
 0.56285988 0.56525912 0.56525912 0.56669866 0.56669866 0.56957774
 0.57053743 0.57581574 0.57581574 0.57917466 0.57917466 0.58013436
 0.58013436 0.5815739  0.5815739  0.58253359 0.58253359 0.59069098
 0.59069098 0.59261036 0.59261036 0.6084453  0.6084453  0.60988484
 0.60988484 0.61372361 0.61372361 0.61900192 0.61900192 0.62332054
 0.62332054 0.62476008 0.62476008 0.63147793 0.63147793 0.63915547
 0.63915547 0.63963532 0.63963532 0.6487524  0.6487524  0.65019194
 0.65019194 0.65403071 0.65403071 0.66074856 0.66074856 0.66122841
 0.66122841 0.66266795 0.66266795 0.66314779 0.66314779 0.66746641
 0.66746641 0.6684261  0.6684261  0.68809981 0.68809981 0.69385797
 0.69385797 0.70873321 0.70873321 0.71257198 0.71257198 0.71785029
 0.71880998 0.72360845 0.72360845 0.72648752 0.72648752 0.73224568
 0.73224568 0.73704415 0.73704415 0.74520154 0.74520154 0.74952015
 0.74952015 0.75       0.75       0.75239923 0.75239923 0.76007678
 0.76007678 0.76103647 0.76103647 0.76295585 0.76295585 0.76631478
 0.76631478 0.76919386 0.76919386 0.77159309 0.77159309 0.77543186
 0.77543186 0.77783109 0.77783109 0.79462572 0.79462572 0.79654511
 0.79654511 0.80422265 0.80422265 0.81142035 0.81142035 0.8181382
 0.8181382  0.84932821 0.84932821 0.86852207 0.86852207 0.88099808
 0.88099808 0.88963532 0.88963532 0.89203455 0.89203455 0.89539347
 0.89539347 0.91362764 0.91362764 0.93426104 0.93570058 0.93666027
 0.94241843 0.94481766 0.94673704 0.94865643 0.94961612 0.95105566
 0.95201536 0.95297505 0.95345489 0.9596929  0.97552783 0.97648752
 0.97792706 0.97840691 0.97984645 0.98368522 0.98608445 0.9865643
 0.99184261 0.9928023  0.993762   0.99520154 0.99664107 0.99808061
 0.99904031 1.        ]","[0.         0.0026178  0.0026178  0.01570681 0.01570681 0.02094241
 0.02094241 0.02617801 0.02617801 0.03141361 0.03141361 0.03664921
 0.03664921 0.04188482 0.04188482 0.04450262 0.04450262 0.05235602
 0.05235602 0.05497382 0.05497382 0.05759162 0.05759162 0.06282723
 0.06282723 0.06806283 0.06806283 0.07329843 0.07329843 0.07591623
 0.07591623 0.08115183 0.08115183 0.09162304 0.09162304 0.09685864
 0.09685864 0.10209424 0.10209424 0.10732984 0.10732984 0.10994764
 0.10994764 0.11256545 0.11256545 0.11780105 0.11780105 0.12041885
 0.12041885 0.12303665 0.12303665 0.13089005 0.13089005 0.13350785
 0.13350785 0.14136126 0.14136126 0.14397906 0.14397906 0.14921466
 0.14921466 0.15183246 0.15183246 0.15445026 0.15445026 0.15706806
 0.15706806 0.16492147 0.16492147 0.16753927 0.16753927 0.17539267
 0.17539267 0.17801047 0.17801047 0.18324607 0.18324607 0.18586387
 0.18586387 0.18848168 0.18848168 0.19109948 0.19109948 0.19371728
 0.19371728 0.19895288 0.19895288 0.20157068 0.20157068 0.20680628
 0.20680628 0.20942408 0.20942408 0.21204188 0.21204188 0.21465969
 0.21465969 0.21727749 0.21727749 0.21989529 0.21989529 0.22251309
 0.22251309 0.22513089 0.22513089 0.22774869 0.22774869 0.23036649
 0.23036649 0.23560209 0.23560209 0.2486911  0.2486911  0.2513089
 0.2513089  0.2617801  0.2617801  0.26701571 0.26701571 0.26963351
 0.26963351 0.27748691 0.27748691 0.28010471 0.28010471 0.28534031
 0.28534031 0.28795812 0.28795812 0.29057592 0.29057592 0.29581152
 0.29581152 0.29842932 0.29842932 0.30104712 0.30104712 0.30366492
 0.30366492 0.30628272 0.30628272 0.30890052 0.30890052 0.31413613
 0.31413613 0.31937173 0.31937173 0.32198953 0.32198953 0.32722513
 0.32722513 0.32984293 0.32984293 0.33246073 0.33246073 0.34293194
 0.34293194 0.34554974 0.34554974 0.34816754 0.34816754 0.35078534
 0.35078534 0.35602094 0.35602094 0.35863874 0.35863874 0.36125654
 0.36125654 0.36649215 0.36649215 0.37172775 0.37172775 0.37696335
 0.37696335 0.37958115 0.37958115 0.38219895 0.38219895 0.39005236
 0.39005236 0.39267016 0.39267016 0.39528796 0.39528796 0.39790576
 0.39790576 0.40052356 0.40052356 0.40314136 0.40314136 0.40575916
 0.40575916 0.40837696 0.40837696 0.41099476 0.41099476 0.41361257
 0.41361257 0.41623037 0.41623037 0.41884817 0.41884817 0.42670157
 0.42670157 0.42931937 0.42931937 0.43193717 0.43193717 0.43455497
 0.43455497 0.43979058 0.43979058 0.44240838 0.44240838 0.44502618
 0.44502618 0.44764398 0.44764398 0.45026178 0.45026178 0.45549738
 0.45549738 0.46073298 0.46073298 0.46335079 0.46335079 0.46858639
 0.46858639 0.47120419 0.47120419 0.47382199 0.47382199 0.47643979
 0.47643979 0.48167539 0.48167539 0.48429319 0.48429319 0.48691099
 0.48691099 0.4895288  0.4895288  0.4921466  0.4921466  0.4947644
 0.4947644  0.4973822  0.4973822  0.5052356  0.5052356  0.5104712
 0.5104712  0.51308901 0.51308901 0.51570681 0.51570681 0.51832461
 0.51832461 0.52879581 0.52879581 0.53141361 0.53141361 0.53403141
 0.53403141 0.53926702 0.53926702 0.54188482 0.54188482 0.54450262
 0.54450262 0.55235602 0.55235602 0.55497382 0.55497382 0.55759162
 0.55759162 0.56020942 0.56020942 0.56282723 0.56282723 0.56544503
 0.56544503 0.56806283 0.56806283 0.57068063 0.57068063 0.57329843
 0.57329843 0.57591623 0.57591623 0.57853403 0.57853403 0.58115183
 0.58115183 0.58376963 0.58376963 0.58900524 0.58900524 0.59424084
 0.59424084 0.59685864 0.59685864 0.59947644 0.59947644 0.60209424
 0.60209424 0.60471204 0.60471204 0.60732984 0.60732984 0.61256545
 0.61256545 0.61518325 0.61518325 0.61780105 0.61780105 0.62041885
 0.62041885 0.62303665 0.62303665 0.62565445 0.62565445 0.62827225
 0.62827225 0.63089005 0.63089005 0.63350785 0.63350785 0.63612565
 0.63612565 0.64136126 0.64136126 0.64397906 0.64397906 0.64659686
 0.64659686 0.64921466 0.64921466 0.65445026 0.65445026 0.65706806
 0.65706806 0.65968586 0.65968586 0.66230366 0.66230366 0.66492147
 0.66492147 0.66753927 0.66753927 0.67015707 0.67015707 0.67277487
 0.67277487 0.67539267 0.67539267 0.68062827 0.68062827 0.68324607
 0.68324607 0.68586387 0.68586387 0.68848168 0.68848168 0.69109948
 0.69109948 0.69371728 0.69371728 0.69633508 0.69633508 0.69895288
 0.69895288 0.70157068 0.70157068 0.70418848 0.70418848 0.70680628
 0.70680628 0.71204188 0.71204188 0.71465969 0.71465969 0.71727749
 0.71727749 0.71727749 0.71727749 0.71989529 0.71989529 0.72251309
 0.72251309 0.72513089 0.72513089 0.72774869 0.72774869 0.73036649
 0.73036649 0.73298429 0.73298429 0.7382199  0.7382199  0.7460733
 0.7460733  0.7486911  0.7486911  0.7513089  0.7513089  0.7539267
 0.7539267  0.7565445  0.7565445  0.7591623  0.7591623  0.7617801
 0.7617801  0.76439791 0.76439791 0.76701571 0.76701571 0.76963351
 0.76963351 0.77225131 0.77225131 0.77486911 0.77486911 0.77748691
 0.77748691 0.78010471 0.78010471 0.78272251 0.78272251 0.78534031
 0.78534031 0.78795812 0.78795812 0.79057592 0.79057592 0.79319372
 0.79319372 0.79581152 0.79581152 0.79842932 0.79842932 0.80366492
 0.80366492 0.80366492 0.80628272 0.80628272 0.80890052 0.80890052
 0.80890052 0.80890052 0.81151832 0.81151832 0.81413613 0.81413613
 0.81675393 0.81675393 0.81937173 0.81937173 0.82198953 0.82198953
 0.82198953 0.82198953 0.82460733 0.82460733 0.82722513 0.82722513
 0.82984293 0.82984293 0.83246073 0.83246073 0.83507853 0.83507853
 0.83507853 0.83507853 0.83769634 0.83769634 0.84031414 0.84031414
 0.84293194 0.84293194 0.84554974 0.84554974 0.85078534 0.85078534
 0.85340314 0.85340314 0.85863874 0.85863874 0.86125654 0.86125654
 0.86387435 0.86387435 0.86649215 0.86649215 0.86910995 0.86910995
 0.87172775 0.87172775 0.87434555 0.87434555 0.87696335 0.87696335
 0.87958115 0.87958115 0.88219895 0.88219895 0.88481675 0.88481675
 0.88743455 0.88743455 0.89005236 0.89005236 0.89267016 0.89267016
 0.89528796 0.89528796 0.89790576 0.89790576 0.90052356 0.90052356
 0.90314136 0.90314136 0.90575916 0.90575916 0.90837696 0.90837696
 0.91099476 0.91099476 0.91361257 0.91361257 0.91623037 0.91623037
 0.91623037 0.91623037 0.91884817 0.91884817 0.92146597 0.92146597
 0.92408377 0.92408377 0.92670157 0.92670157 0.92931937 0.92931937
 0.93193717 0.93193717 0.93455497 0.93455497 0.93717277 0.93717277
 0.93979058 0.93979058 0.94502618 0.94502618 0.94764398 0.94764398
 0.95287958 0.95287958 0.95549738 0.95549738 0.95811518 0.95811518
 0.96073298 0.96073298 0.96335079 0.96335079 0.96596859 0.96596859
 0.96858639 0.96858639 0.97120419 0.97120419 0.97382199 0.97382199
 0.97643979 0.97643979 0.97905759 0.97905759 0.98167539 0.98167539
 0.98429319 0.98429319 0.9895288  0.9895288  0.9921466  0.9921466
 0.9947644  0.9947644  0.9973822  0.9973822  0.9973822  0.9973822
 0.9973822  0.9973822  1.         1.         1.         1.
 1.         1.         1.         1.         1.         1.
 1.         1.         1.         1.         1.         1.
 1.         1.         1.         1.         1.         1.
 1.         1.        ]",0.7198682808935696
LogisticRegression,undersampling,0.6204379562043796,0.24818181818181817,0.7146596858638743,0.3684210526315789,"[0.00000000e+00 0.00000000e+00 9.59692898e-04 9.59692898e-04
 1.43953935e-03 1.43953935e-03 1.91938580e-03 1.91938580e-03
 2.87907869e-03 2.87907869e-03 5.75815739e-03 5.75815739e-03
 6.23800384e-03 6.23800384e-03 6.71785029e-03 6.71785029e-03
 7.67754319e-03 7.67754319e-03 8.15738964e-03 8.15738964e-03
 8.63723608e-03 8.63723608e-03 9.59692898e-03 9.59692898e-03
 1.05566219e-02 1.05566219e-02 1.24760077e-02 1.24760077e-02
 1.29558541e-02 1.29558541e-02 1.43953935e-02 1.43953935e-02
 1.63147793e-02 1.63147793e-02 1.67946257e-02 1.67946257e-02
 1.72744722e-02 1.72744722e-02 1.82341651e-02 1.82341651e-02
 1.87140115e-02 1.87140115e-02 1.96737044e-02 1.96737044e-02
 2.01535509e-02 2.01535509e-02 2.11132438e-02 2.11132438e-02
 2.15930902e-02 2.15930902e-02 2.25527831e-02 2.25527831e-02
 2.30326296e-02 2.30326296e-02 2.35124760e-02 2.35124760e-02
 2.59117083e-02 2.59117083e-02 2.63915547e-02 2.63915547e-02
 2.68714012e-02 2.68714012e-02 2.78310940e-02 2.78310940e-02
 3.11900192e-02 3.11900192e-02 3.35892514e-02 3.35892514e-02
 3.50287908e-02 3.50287908e-02 3.64683301e-02 3.64683301e-02
 3.69481766e-02 3.69481766e-02 4.03071017e-02 4.03071017e-02
 4.22264875e-02 4.22264875e-02 4.27063340e-02 4.27063340e-02
 4.55854127e-02 4.55854127e-02 4.79846449e-02 4.79846449e-02
 4.89443378e-02 4.89443378e-02 4.94241843e-02 4.94241843e-02
 4.99040307e-02 4.99040307e-02 5.03838772e-02 5.03838772e-02
 5.08637236e-02 5.08637236e-02 5.37428023e-02 5.37428023e-02
 5.42226488e-02 5.42226488e-02 5.51823417e-02 5.51823417e-02
 5.56621881e-02 5.56621881e-02 5.61420345e-02 5.61420345e-02
 5.71017274e-02 5.71017274e-02 6.04606526e-02 6.04606526e-02
 6.47792706e-02 6.47792706e-02 6.62188100e-02 6.62188100e-02
 6.76583493e-02 6.76583493e-02 6.81381958e-02 6.81381958e-02
 6.86180422e-02 6.86180422e-02 6.90978887e-02 6.90978887e-02
 6.95777351e-02 6.95777351e-02 7.00575816e-02 7.00575816e-02
 7.14971209e-02 7.14971209e-02 7.19769674e-02 7.19769674e-02
 7.58157390e-02 7.58157390e-02 7.77351248e-02 7.77351248e-02
 7.82149712e-02 7.82149712e-02 7.86948177e-02 7.86948177e-02
 8.25335893e-02 8.25335893e-02 8.30134357e-02 8.30134357e-02
 8.44529750e-02 8.44529750e-02 8.49328215e-02 8.49328215e-02
 8.82917466e-02 8.82917466e-02 8.87715931e-02 8.87715931e-02
 9.30902111e-02 9.30902111e-02 9.40499040e-02 9.40499040e-02
 9.54894434e-02 9.54894434e-02 9.74088292e-02 9.74088292e-02
 9.93282150e-02 9.93282150e-02 9.98080614e-02 9.98080614e-02
 1.00767754e-01 1.00767754e-01 1.01727447e-01 1.01727447e-01
 1.02207294e-01 1.02207294e-01 1.03646833e-01 1.03646833e-01
 1.04606526e-01 1.04606526e-01 1.05086372e-01 1.05086372e-01
 1.07005758e-01 1.07005758e-01 1.14203455e-01 1.14203455e-01
 1.16602687e-01 1.16602687e-01 1.18522073e-01 1.18522073e-01
 1.19961612e-01 1.19961612e-01 1.21880998e-01 1.21880998e-01
 1.22360845e-01 1.22360845e-01 1.29558541e-01 1.29558541e-01
 1.30518234e-01 1.30518234e-01 1.32917466e-01 1.32917466e-01
 1.33397313e-01 1.33397313e-01 1.35796545e-01 1.35796545e-01
 1.36276392e-01 1.36276392e-01 1.37715931e-01 1.37715931e-01
 1.38195777e-01 1.38195777e-01 1.40595010e-01 1.40595010e-01
 1.42034549e-01 1.42034549e-01 1.42514395e-01 1.42514395e-01
 1.43953935e-01 1.43953935e-01 1.47312860e-01 1.47312860e-01
 1.47792706e-01 1.47792706e-01 1.48752399e-01 1.48752399e-01
 1.53071017e-01 1.53071017e-01 1.53550864e-01 1.53550864e-01
 1.54030710e-01 1.54030710e-01 1.55950096e-01 1.55950096e-01
 1.62188100e-01 1.62188100e-01 1.64587332e-01 1.64587332e-01
 1.65067179e-01 1.65067179e-01 1.70345489e-01 1.70345489e-01
 1.73224568e-01 1.73224568e-01 1.81861804e-01 1.81861804e-01
 1.94817658e-01 1.94817658e-01 1.95777351e-01 1.95777351e-01
 1.96257198e-01 1.96257198e-01 2.00575816e-01 2.00575816e-01
 2.01055662e-01 2.01055662e-01 2.02495202e-01 2.02495202e-01
 2.03934741e-01 2.03934741e-01 2.04894434e-01 2.04894434e-01
 2.06813820e-01 2.06813820e-01 2.07293666e-01 2.07293666e-01
 2.08733205e-01 2.08733205e-01 2.09692898e-01 2.09692898e-01
 2.11132438e-01 2.11132438e-01 2.14971209e-01 2.14971209e-01
 2.15451056e-01 2.15451056e-01 2.18809981e-01 2.18809981e-01
 2.20729367e-01 2.20729367e-01 2.21689060e-01 2.21689060e-01
 2.22168906e-01 2.22168906e-01 2.23608445e-01 2.23608445e-01
 2.25047985e-01 2.25047985e-01 2.25527831e-01 2.25527831e-01
 2.26007678e-01 2.26007678e-01 2.28406910e-01 2.28406910e-01
 2.34165067e-01 2.34165067e-01 2.41842610e-01 2.41842610e-01
 2.44241843e-01 2.44241843e-01 2.44721689e-01 2.44721689e-01
 2.51919386e-01 2.51919386e-01 2.54798464e-01 2.54798464e-01
 2.57197697e-01 2.57197697e-01 2.58157390e-01 2.58157390e-01
 2.60076775e-01 2.60076775e-01 2.61516315e-01 2.61516315e-01
 2.62955854e-01 2.62955854e-01 2.63915547e-01 2.63915547e-01
 2.66314779e-01 2.66314779e-01 2.70633397e-01 2.70633397e-01
 2.73032630e-01 2.73032630e-01 2.85988484e-01 2.85988484e-01
 2.93186180e-01 2.93186180e-01 2.97504798e-01 2.97504798e-01
 2.98464491e-01 2.98464491e-01 3.03262956e-01 3.03262956e-01
 3.06621881e-01 3.06621881e-01 3.07101727e-01 3.07101727e-01
 3.11420345e-01 3.11420345e-01 3.13819578e-01 3.13819578e-01
 3.22456814e-01 3.22456814e-01 3.22936660e-01 3.22936660e-01
 3.23896353e-01 3.23896353e-01 3.25815739e-01 3.25815739e-01
 3.34452975e-01 3.34452975e-01 3.41170825e-01 3.41170825e-01
 3.41650672e-01 3.41650672e-01 3.42610365e-01 3.42610365e-01
 3.46928983e-01 3.46928983e-01 3.54606526e-01 3.54606526e-01
 3.55086372e-01 3.55086372e-01 3.58925144e-01 3.58925144e-01
 3.59884837e-01 3.59884837e-01 3.60844530e-01 3.60844530e-01
 3.61324376e-01 3.61324376e-01 3.63243762e-01 3.63243762e-01
 3.64683301e-01 3.64683301e-01 3.66602687e-01 3.66602687e-01
 3.67562380e-01 3.67562380e-01 3.68522073e-01 3.68522073e-01
 3.69001919e-01 3.69001919e-01 3.71401152e-01 3.71401152e-01
 3.78598848e-01 3.78598848e-01 3.80998081e-01 3.80998081e-01
 3.83397313e-01 3.83397313e-01 3.84357006e-01 3.84357006e-01
 3.85796545e-01 3.85796545e-01 3.86756238e-01 3.86756238e-01
 3.87236084e-01 3.87236084e-01 3.88195777e-01 3.88195777e-01
 4.03550864e-01 4.03550864e-01 4.04030710e-01 4.04030710e-01
 4.04990403e-01 4.04990403e-01 4.05470250e-01 4.05470250e-01
 4.05950096e-01 4.05950096e-01 4.12188100e-01 4.12188100e-01
 4.14107486e-01 4.14107486e-01 4.16026871e-01 4.16026871e-01
 4.16506718e-01 4.16506718e-01 4.22744722e-01 4.22744722e-01
 4.24184261e-01 4.24184261e-01 4.30422265e-01 4.30422265e-01
 4.30902111e-01 4.30902111e-01 4.38579655e-01 4.38579655e-01
 4.40019194e-01 4.40019194e-01 4.55374280e-01 4.56333973e-01
 4.63531670e-01 4.63531670e-01 4.71209213e-01 4.71209213e-01
 4.75047985e-01 4.75047985e-01 4.78406910e-01 4.78406910e-01
 4.79846449e-01 4.79846449e-01 4.82245681e-01 4.82245681e-01
 4.92322457e-01 4.92322457e-01 4.94721689e-01 4.94721689e-01
 5.03358925e-01 5.03358925e-01 5.06238004e-01 5.06238004e-01
 5.06717850e-01 5.06717850e-01 5.19193858e-01 5.20153551e-01
 5.24472169e-01 5.24472169e-01 5.25911708e-01 5.25911708e-01
 5.26871401e-01 5.26871401e-01 5.29270633e-01 5.29270633e-01
 5.37428023e-01 5.37428023e-01 5.38867562e-01 5.38867562e-01
 5.44145873e-01 5.44145873e-01 5.46545106e-01 5.46545106e-01
 5.47504798e-01 5.47984645e-01 5.48464491e-01 5.49424184e-01
 5.55662188e-01 5.55662188e-01 5.56621881e-01 5.56621881e-01
 5.62859885e-01 5.62859885e-01 5.67658349e-01 5.67658349e-01
 5.69097889e-01 5.70057582e-01 5.74376200e-01 5.74376200e-01
 5.74856046e-01 5.74856046e-01 5.77735125e-01 5.77735125e-01
 5.79174664e-01 5.79174664e-01 5.81573896e-01 5.82533589e-01
 6.00767754e-01 6.00767754e-01 6.04126679e-01 6.04126679e-01
 6.07485605e-01 6.07485605e-01 6.08925144e-01 6.08925144e-01
 6.10364683e-01 6.10364683e-01 6.13243762e-01 6.13243762e-01
 6.14683301e-01 6.14683301e-01 6.15642994e-01 6.15642994e-01
 6.18522073e-01 6.18522073e-01 6.23800384e-01 6.23800384e-01
 6.26199616e-01 6.26199616e-01 6.26679463e-01 6.26679463e-01
 6.33397313e-01 6.33397313e-01 6.43953935e-01 6.43953935e-01
 6.50191939e-01 6.50191939e-01 6.51631478e-01 6.51631478e-01
 6.97696737e-01 6.97696737e-01 7.00095969e-01 7.00095969e-01
 7.03934741e-01 7.03934741e-01 7.05854127e-01 7.06813820e-01
 7.12571977e-01 7.12571977e-01 7.14491363e-01 7.14491363e-01
 7.16410749e-01 7.16410749e-01 7.23128599e-01 7.23128599e-01
 7.24568138e-01 7.24568138e-01 7.25527831e-01 7.25527831e-01
 7.26007678e-01 7.26007678e-01 7.37523992e-01 7.37523992e-01
 7.38963532e-01 7.38963532e-01 7.40882917e-01 7.40882917e-01
 7.45681382e-01 7.45681382e-01 7.52879079e-01 7.52879079e-01
 7.56717850e-01 7.56717850e-01 7.60076775e-01 7.60076775e-01
 7.62955854e-01 7.62955854e-01 7.63435701e-01 7.63435701e-01
 7.73512476e-01 7.73512476e-01 7.87907869e-01 7.87907869e-01
 7.90786948e-01 7.90786948e-01 7.92226488e-01 7.92226488e-01
 7.95585413e-01 7.95585413e-01 8.03742802e-01 8.03742802e-01
 8.10460653e-01 8.10460653e-01 8.28694818e-01 8.28694818e-01
 8.30614203e-01 8.30614203e-01 8.71401152e-01 8.71401152e-01
 8.77639155e-01 8.77639155e-01 8.87236084e-01 8.87236084e-01
 8.91074856e-01 8.91074856e-01 8.92034549e-01 8.92034549e-01
 9.15547025e-01 9.15547025e-01 9.34261036e-01 9.35700576e-01
 9.36660269e-01 9.42418426e-01 9.44817658e-01 9.46737044e-01
 9.48656430e-01 9.49616123e-01 9.51535509e-01 9.52015355e-01
 9.53454894e-01 9.59692898e-01 9.60172745e-01 9.76007678e-01
 9.76487524e-01 9.79366603e-01 9.81765835e-01 9.85604607e-01
 9.86084453e-01 9.91362764e-01 9.93761996e-01 9.95201536e-01
 9.96161228e-01 9.97600768e-01 9.98560461e-01 1.00000000e+00]","[0.         0.0026178  0.0026178  0.0052356  0.0052356  0.0078534
 0.0078534  0.01308901 0.01308901 0.01832461 0.01832461 0.02356021
 0.02356021 0.02617801 0.02617801 0.03141361 0.03141361 0.03403141
 0.03403141 0.03664921 0.03664921 0.04188482 0.04188482 0.04712042
 0.04712042 0.05759162 0.05759162 0.06020942 0.06020942 0.06282723
 0.06282723 0.06544503 0.06544503 0.06806283 0.06806283 0.07068063
 0.07068063 0.07329843 0.07329843 0.07853403 0.07853403 0.08115183
 0.08115183 0.08376963 0.08376963 0.08900524 0.08900524 0.09162304
 0.09162304 0.09685864 0.09685864 0.09947644 0.09947644 0.10471204
 0.10471204 0.10732984 0.10732984 0.10994764 0.10994764 0.12041885
 0.12041885 0.12565445 0.12565445 0.13089005 0.13089005 0.13612565
 0.13612565 0.13874346 0.13874346 0.14397906 0.14397906 0.14659686
 0.14659686 0.14921466 0.14921466 0.15706806 0.15706806 0.15968586
 0.15968586 0.16230366 0.16230366 0.16492147 0.16492147 0.16753927
 0.16753927 0.17277487 0.17277487 0.18062827 0.18062827 0.18324607
 0.18324607 0.18586387 0.18586387 0.18848168 0.18848168 0.19371728
 0.19371728 0.19633508 0.19633508 0.19895288 0.19895288 0.20942408
 0.20942408 0.21204188 0.21204188 0.21465969 0.21465969 0.21727749
 0.21727749 0.22513089 0.22513089 0.22774869 0.22774869 0.23298429
 0.23298429 0.2382199  0.2382199  0.2513089  0.2513089  0.2539267
 0.2539267  0.2565445  0.2565445  0.2591623  0.2591623  0.2617801
 0.2617801  0.26439791 0.26439791 0.26701571 0.26701571 0.27486911
 0.27486911 0.27748691 0.27748691 0.28272251 0.28272251 0.28534031
 0.28534031 0.28795812 0.28795812 0.29057592 0.29057592 0.29319372
 0.29319372 0.29581152 0.29581152 0.30104712 0.30104712 0.30628272
 0.30628272 0.30890052 0.30890052 0.31151832 0.31151832 0.31413613
 0.31413613 0.32198953 0.32198953 0.33246073 0.33246073 0.33507853
 0.33507853 0.33769634 0.33769634 0.34031414 0.34031414 0.34554974
 0.34554974 0.34816754 0.34816754 0.35078534 0.35078534 0.35340314
 0.35340314 0.35863874 0.35863874 0.36125654 0.36125654 0.36649215
 0.36649215 0.36910995 0.36910995 0.37172775 0.37172775 0.37434555
 0.37434555 0.37696335 0.37696335 0.38743455 0.38743455 0.39005236
 0.39005236 0.39790576 0.39790576 0.40052356 0.40052356 0.40314136
 0.40314136 0.41099476 0.41099476 0.41361257 0.41361257 0.41623037
 0.41623037 0.41884817 0.41884817 0.42146597 0.42146597 0.42670157
 0.42670157 0.43193717 0.43193717 0.43455497 0.43455497 0.43717277
 0.43717277 0.43979058 0.43979058 0.44502618 0.44502618 0.44764398
 0.44764398 0.45026178 0.45026178 0.45549738 0.45549738 0.46073298
 0.46073298 0.46335079 0.46335079 0.46596859 0.46596859 0.46858639
 0.46858639 0.47120419 0.47120419 0.47382199 0.47382199 0.47905759
 0.47905759 0.48167539 0.48167539 0.48429319 0.48429319 0.48691099
 0.48691099 0.4895288  0.4895288  0.4921466  0.4921466  0.4947644
 0.4947644  0.4973822  0.4973822  0.5        0.5        0.5026178
 0.5026178  0.5052356  0.5052356  0.5078534  0.5078534  0.5104712
 0.5104712  0.51308901 0.51308901 0.51570681 0.51570681 0.52356021
 0.52356021 0.52617801 0.52617801 0.52879581 0.52879581 0.53141361
 0.53141361 0.53403141 0.53403141 0.53664921 0.53664921 0.53926702
 0.53926702 0.54450262 0.54450262 0.54712042 0.54712042 0.54973822
 0.54973822 0.55235602 0.55235602 0.55497382 0.55497382 0.55759162
 0.55759162 0.56282723 0.56282723 0.57329843 0.57329843 0.57853403
 0.57853403 0.58115183 0.58115183 0.58376963 0.58376963 0.58638743
 0.58638743 0.58900524 0.58900524 0.59162304 0.59162304 0.59424084
 0.59424084 0.59685864 0.59685864 0.60209424 0.60209424 0.60471204
 0.60471204 0.60994764 0.60994764 0.61256545 0.61256545 0.61780105
 0.61780105 0.62041885 0.62041885 0.62303665 0.62303665 0.62565445
 0.62565445 0.62827225 0.62827225 0.63089005 0.63089005 0.63350785
 0.63350785 0.63874346 0.63874346 0.64136126 0.64136126 0.64397906
 0.64397906 0.64659686 0.64659686 0.65183246 0.65183246 0.65445026
 0.65445026 0.65706806 0.65706806 0.65968586 0.65968586 0.66230366
 0.66230366 0.66492147 0.66492147 0.66753927 0.66753927 0.67277487
 0.67277487 0.67539267 0.67539267 0.67801047 0.67801047 0.68062827
 0.68062827 0.68324607 0.68324607 0.68586387 0.68586387 0.68848168
 0.68848168 0.69109948 0.69109948 0.69371728 0.69371728 0.69633508
 0.69633508 0.69895288 0.69895288 0.70157068 0.70157068 0.70418848
 0.70418848 0.70680628 0.70680628 0.70942408 0.70942408 0.71204188
 0.71204188 0.71465969 0.71465969 0.71727749 0.71727749 0.71989529
 0.71989529 0.72513089 0.72513089 0.72774869 0.72774869 0.73036649
 0.73036649 0.73298429 0.73298429 0.7382199  0.7382199  0.7408377
 0.7408377  0.7434555  0.7434555  0.7460733  0.7460733  0.7513089
 0.7513089  0.7539267  0.7539267  0.7565445  0.7565445  0.7591623
 0.7591623  0.7617801  0.7617801  0.7617801  0.7617801  0.76439791
 0.76439791 0.76701571 0.76701571 0.76963351 0.76963351 0.77486911
 0.77486911 0.77748691 0.77748691 0.78010471 0.78010471 0.78272251
 0.78272251 0.78534031 0.78534031 0.78795812 0.78795812 0.79319372
 0.79319372 0.79581152 0.79581152 0.79581152 0.79581152 0.79842932
 0.79842932 0.80104712 0.80104712 0.80366492 0.80366492 0.80628272
 0.80628272 0.80890052 0.80890052 0.81151832 0.81151832 0.81413613
 0.81413613 0.81675393 0.81675393 0.81937173 0.81937173 0.81937173
 0.81937173 0.82198953 0.82198953 0.82722513 0.82722513 0.82984293
 0.82984293 0.83246073 0.83246073 0.83246073 0.83246073 0.83507853
 0.83507853 0.83769634 0.83769634 0.84031414 0.84031414 0.84293194
 0.84293194 0.84293194 0.84293194 0.84554974 0.84554974 0.85078534
 0.85078534 0.85340314 0.85340314 0.85863874 0.85863874 0.86125654
 0.86125654 0.86387435 0.86387435 0.86649215 0.86649215 0.86910995
 0.86910995 0.87172775 0.87172775 0.87434555 0.87434555 0.87696335
 0.87696335 0.87958115 0.87958115 0.88219895 0.88219895 0.88481675
 0.88481675 0.89005236 0.89005236 0.89267016 0.89267016 0.89528796
 0.89528796 0.89790576 0.89790576 0.90052356 0.90052356 0.90052356
 0.90052356 0.90314136 0.90314136 0.90837696 0.90837696 0.91099476
 0.91099476 0.91361257 0.91361257 0.91623037 0.91623037 0.92146597
 0.92146597 0.92408377 0.92408377 0.92670157 0.92670157 0.92931937
 0.92931937 0.93455497 0.93455497 0.93717277 0.93717277 0.94240838
 0.94240838 0.94502618 0.94502618 0.94764398 0.94764398 0.95026178
 0.95026178 0.95287958 0.95287958 0.95549738 0.95549738 0.95811518
 0.95811518 0.96073298 0.96073298 0.96596859 0.96596859 0.96858639
 0.96858639 0.97120419 0.97120419 0.97382199 0.97382199 0.97643979
 0.97643979 0.97905759 0.97905759 0.98167539 0.98167539 0.98429319
 0.98429319 0.9895288  0.9895288  0.9921466  0.9921466  0.9947644
 0.9947644  0.9973822  0.9973822  0.9973822  0.9973822  0.9973822
 0.9973822  1.         1.         1.         1.         1.
 1.         1.         1.         1.         1.         1.
 1.         1.         1.         1.         1.         1.
 1.         1.         1.         1.        ]",0.7195090241279859
LogisticRegression,class_weighted,0.6208434712084347,0.2465627864344638,0.7041884816753927,0.3652410047522064,"[0.         0.         0.00143954 0.00143954 0.00431862 0.00431862
 0.00527831 0.00527831 0.00575816 0.00575816 0.0071977  0.0071977
 0.00911708 0.00911708 0.01007678 0.01007678 0.01055662 0.01055662
 0.01151631 0.01151631 0.01439539 0.01439539 0.01487524 0.01487524
 0.01535509 0.01535509 0.01727447 0.01727447 0.01871401 0.01871401
 0.0196737  0.0196737  0.02159309 0.02159309 0.02351248 0.02351248
 0.02399232 0.02399232 0.02447217 0.02447217 0.02591171 0.02591171
 0.02879079 0.02879079 0.02975048 0.02975048 0.03071017 0.03071017
 0.03119002 0.03119002 0.03166987 0.03166987 0.03214971 0.03214971
 0.03262956 0.03262956 0.0340691  0.0340691  0.03502879 0.03502879
 0.03838772 0.03838772 0.0403071  0.0403071  0.04078695 0.04078695
 0.04174664 0.04174664 0.04318618 0.04318618 0.04366603 0.04366603
 0.04414587 0.04414587 0.04462572 0.04462572 0.04510557 0.04510557
 0.0475048  0.0475048  0.04942418 0.04942418 0.05038388 0.05038388
 0.05134357 0.05134357 0.05230326 0.05230326 0.0537428  0.0537428
 0.05518234 0.05518234 0.05710173 0.05710173 0.06046065 0.06046065
 0.06238004 0.06238004 0.06477927 0.06477927 0.06765835 0.06765835
 0.0681382  0.0681382  0.06957774 0.06957774 0.07005758 0.07005758
 0.07053743 0.07053743 0.07149712 0.07149712 0.07197697 0.07197697
 0.07677543 0.07677543 0.07821497 0.07821497 0.07917466 0.07917466
 0.08205374 0.08205374 0.08301344 0.08301344 0.08349328 0.08349328
 0.08397313 0.08397313 0.08493282 0.08493282 0.08637236 0.08637236
 0.08973129 0.08973129 0.09213052 0.09213052 0.09309021 0.09309021
 0.0950096  0.0950096  0.09788868 0.09788868 0.10076775 0.10076775
 0.10316699 0.10316699 0.10460653 0.10460653 0.10556622 0.10556622
 0.10604607 0.10604607 0.10796545 0.10796545 0.10988484 0.10988484
 0.11036468 0.11036468 0.11084453 0.11084453 0.11180422 0.11180422
 0.11372361 0.11372361 0.1146833  0.1146833  0.11564299 0.11564299
 0.11708253 0.11708253 0.121881   0.121881   0.12236084 0.12236084
 0.12667946 0.12667946 0.12907869 0.12907869 0.13051823 0.13051823
 0.13339731 0.13339731 0.1353167  0.1353167  0.14107486 0.14107486
 0.1425144  0.1425144  0.14539347 0.14539347 0.14731286 0.14731286
 0.14779271 0.14779271 0.1487524  0.1487524  0.15163148 0.15163148
 0.15451056 0.15451056 0.1549904  0.1549904  0.1559501  0.1559501
 0.15642994 0.15642994 0.15690979 0.15690979 0.15978887 0.15978887
 0.16026871 0.16026871 0.16458733 0.16458733 0.16506718 0.16506718
 0.16794626 0.16794626 0.16986564 0.16986564 0.17178503 0.17178503
 0.17322457 0.17322457 0.17370441 0.17370441 0.17658349 0.17658349
 0.17898273 0.17898273 0.18090211 0.18090211 0.18714012 0.18714012
 0.18809981 0.18809981 0.19481766 0.19481766 0.1952975  0.1952975
 0.19961612 0.19961612 0.20585413 0.20585413 0.20681382 0.20681382
 0.20873321 0.20873321 0.2096929  0.2096929  0.21113244 0.21113244
 0.21161228 0.21161228 0.21257198 0.21257198 0.21305182 0.21305182
 0.21497121 0.21497121 0.2168906  0.2168906  0.21928983 0.21928983
 0.22264875 0.22264875 0.22552783 0.22552783 0.22600768 0.22600768
 0.22984645 0.22984645 0.23416507 0.23416507 0.23512476 0.23512476
 0.2365643  0.2365643  0.24088292 0.24088292 0.24136276 0.24136276
 0.24184261 0.24184261 0.24424184 0.24424184 0.25815739 0.25815739
 0.26247601 0.26247601 0.26679463 0.26679463 0.26775432 0.26775432
 0.2706334  0.2706334  0.27303263 0.27303263 0.27351248 0.27351248
 0.27447217 0.27447217 0.28214971 0.28214971 0.28502879 0.28502879
 0.28646833 0.28646833 0.28886756 0.28886756 0.29078695 0.29078695
 0.29174664 0.29174664 0.29222649 0.29222649 0.29270633 0.29270633
 0.29318618 0.29318618 0.29366603 0.29366603 0.29414587 0.29414587
 0.2975048  0.2975048  0.30662188 0.30662188 0.30710173 0.30710173
 0.31238004 0.31238004 0.31285988 0.31285988 0.32245681 0.32245681
 0.3243762  0.3243762  0.33109405 0.33109405 0.33205374 0.33205374
 0.33541267 0.33541267 0.33637236 0.33637236 0.34117083 0.34117083
 0.34357006 0.34357006 0.34548944 0.34548944 0.35700576 0.35700576
 0.36036468 0.36036468 0.36516315 0.36516315 0.36804223 0.36804223
 0.36852207 0.36852207 0.36948177 0.36948177 0.37380038 0.37380038
 0.37476008 0.37476008 0.37619962 0.37619962 0.37715931 0.37715931
 0.378119   0.378119   0.38387716 0.38387716 0.38579655 0.38579655
 0.39443378 0.39443378 0.39635317 0.39635317 0.39731286 0.39731286
 0.40211132 0.40211132 0.40355086 0.40355086 0.40738964 0.40738964
 0.40978887 0.40978887 0.41362764 0.41458733 0.42178503 0.42178503
 0.42226488 0.42226488 0.43666027 0.43666027 0.4390595  0.4390595
 0.44001919 0.44001919 0.44049904 0.44049904 0.44145873 0.44145873
 0.44385797 0.44385797 0.44865643 0.44865643 0.44961612 0.44961612
 0.45489443 0.45489443 0.45585413 0.45585413 0.45921305 0.45921305
 0.46401152 0.46401152 0.46641075 0.46641075 0.4668906  0.4668906
 0.47168906 0.47168906 0.47888676 0.47888676 0.48800384 0.48800384
 0.49136276 0.49136276 0.49760077 0.49760077 0.50479846 0.50479846
 0.50575816 0.51391555 0.51391555 0.51871401 0.51871401 0.52207294
 0.52207294 0.52447217 0.52447217 0.52543186 0.52543186 0.52639155
 0.52639155 0.53023033 0.53023033 0.53262956 0.53262956 0.53502879
 0.53550864 0.53646833 0.53742802 0.53982726 0.53982726 0.5403071
 0.5403071  0.54174664 0.54174664 0.54270633 0.54270633 0.54558541
 0.54558541 0.5537428  0.5537428  0.55518234 0.55518234 0.55854127
 0.55950096 0.5609405  0.5609405  0.56573896 0.56573896 0.5671785
 0.5671785  0.56909789 0.57005758 0.57245681 0.57245681 0.58253359
 0.58253359 0.58349328 0.58349328 0.59165067 0.59165067 0.60172745
 0.60172745 0.60892514 0.60892514 0.61372361 0.61372361 0.61900192
 0.61900192 0.62428023 0.62428023 0.62667946 0.62667946 0.62763916
 0.62763916 0.62955854 0.62955854 0.63819578 0.63819578 0.64347409
 0.64347409 0.64395393 0.64395393 0.65211132 0.65211132 0.65930902
 0.65930902 0.66314779 0.66314779 0.66698656 0.66698656 0.6684261
 0.6684261  0.67034549 0.67034549 0.67418426 0.67418426 0.68714012
 0.68714012 0.69433781 0.69433781 0.6952975  0.6952975  0.7024952
 0.7024952  0.71641075 0.71641075 0.71976967 0.71976967 0.72168906
 0.72264875 0.72360845 0.72360845 0.72552783 0.72552783 0.7365643
 0.7365643  0.74184261 0.74184261 0.74712092 0.74712092 0.74808061
 0.74808061 0.76007678 0.76007678 0.76055662 0.76055662 0.7634357
 0.7634357  0.76775432 0.76775432 0.76871401 0.76871401 0.77111324
 0.77111324 0.77399232 0.77399232 0.77591171 0.77591171 0.77639155
 0.77639155 0.7768714  0.7768714  0.77975048 0.77975048 0.78934741
 0.78934741 0.78982726 0.78982726 0.79894434 0.79894434 0.80998081
 0.80998081 0.81621881 0.81621881 0.84788868 0.84788868 0.86804223
 0.86804223 0.87955854 0.87955854 0.88867562 0.88867562 0.88915547
 0.88915547 0.89011516 0.89011516 0.89539347 0.89539347 0.91410749
 0.91410749 0.93426104 0.93570058 0.93666027 0.94241843 0.94481766
 0.94673704 0.94769674 0.94961612 0.95009597 0.95153551 0.9524952
 0.95345489 0.9596929  0.96017274 0.97600768 0.97648752 0.97792706
 0.97840691 0.97984645 0.98368522 0.98608445 0.9865643  0.99184261
 0.9928023  0.993762   0.99520154 0.99664107 0.99808061 0.99904031
 1.        ]","[0.         0.0026178  0.0026178  0.01570681 0.01570681 0.02094241
 0.02094241 0.02617801 0.02617801 0.03141361 0.03141361 0.03926702
 0.03926702 0.04712042 0.04712042 0.05235602 0.05235602 0.05497382
 0.05497382 0.05759162 0.05759162 0.06544503 0.06544503 0.06806283
 0.06806283 0.07329843 0.07329843 0.07853403 0.07853403 0.08115183
 0.08115183 0.09947644 0.09947644 0.10471204 0.10471204 0.10732984
 0.10732984 0.10994764 0.10994764 0.11518325 0.11518325 0.12041885
 0.12041885 0.12565445 0.12565445 0.12827225 0.12827225 0.13089005
 0.13089005 0.13350785 0.13350785 0.13612565 0.13612565 0.14659686
 0.14659686 0.14921466 0.14921466 0.15183246 0.15183246 0.15445026
 0.15445026 0.15706806 0.15706806 0.15968586 0.15968586 0.16230366
 0.16230366 0.16753927 0.16753927 0.17015707 0.17015707 0.17539267
 0.17539267 0.17801047 0.17801047 0.18324607 0.18324607 0.18586387
 0.18586387 0.18848168 0.18848168 0.19371728 0.19371728 0.19633508
 0.19633508 0.19895288 0.19895288 0.20418848 0.20418848 0.20680628
 0.20680628 0.21465969 0.21465969 0.21727749 0.21727749 0.22251309
 0.22251309 0.22513089 0.22513089 0.23036649 0.23036649 0.23298429
 0.23298429 0.2382199  0.2382199  0.2460733  0.2460733  0.2486911
 0.2486911  0.2513089  0.2513089  0.2539267  0.2539267  0.2617801
 0.2617801  0.26439791 0.26439791 0.26701571 0.26701571 0.26963351
 0.26963351 0.27225131 0.27225131 0.27486911 0.27486911 0.27748691
 0.27748691 0.28534031 0.28534031 0.29581152 0.29581152 0.30104712
 0.30104712 0.30366492 0.30366492 0.30890052 0.30890052 0.31151832
 0.31151832 0.31413613 0.31413613 0.31675393 0.31675393 0.32460733
 0.32460733 0.32722513 0.32722513 0.33507853 0.33507853 0.34031414
 0.34031414 0.34816754 0.34816754 0.35078534 0.35078534 0.35602094
 0.35602094 0.36387435 0.36387435 0.36649215 0.36649215 0.36910995
 0.36910995 0.37172775 0.37172775 0.37434555 0.37434555 0.37696335
 0.37696335 0.37958115 0.37958115 0.38219895 0.38219895 0.38481675
 0.38481675 0.38743455 0.38743455 0.39267016 0.39267016 0.39528796
 0.39528796 0.40052356 0.40052356 0.40575916 0.40575916 0.41099476
 0.41099476 0.41361257 0.41361257 0.41623037 0.41623037 0.41884817
 0.41884817 0.42146597 0.42146597 0.42408377 0.42408377 0.42670157
 0.42670157 0.42931937 0.42931937 0.43193717 0.43193717 0.43455497
 0.43455497 0.43717277 0.43717277 0.43979058 0.43979058 0.44240838
 0.44240838 0.44502618 0.44502618 0.44764398 0.44764398 0.45026178
 0.45026178 0.45287958 0.45287958 0.45549738 0.45549738 0.45811518
 0.45811518 0.46073298 0.46073298 0.46335079 0.46335079 0.46858639
 0.46858639 0.47120419 0.47120419 0.47382199 0.47382199 0.47643979
 0.47643979 0.48167539 0.48167539 0.48429319 0.48429319 0.48691099
 0.48691099 0.4895288  0.4895288  0.4921466  0.4921466  0.4973822
 0.4973822  0.5        0.5        0.5026178  0.5026178  0.5052356
 0.5052356  0.5078534  0.5078534  0.5104712  0.5104712  0.51570681
 0.51570681 0.51832461 0.51832461 0.52356021 0.52356021 0.52617801
 0.52617801 0.52879581 0.52879581 0.53403141 0.53403141 0.53926702
 0.53926702 0.54188482 0.54188482 0.54712042 0.54712042 0.55235602
 0.55235602 0.55497382 0.55497382 0.55759162 0.55759162 0.56020942
 0.56020942 0.56544503 0.56544503 0.56806283 0.56806283 0.57068063
 0.57068063 0.57329843 0.57329843 0.57591623 0.57591623 0.57853403
 0.57853403 0.58115183 0.58115183 0.58376963 0.58376963 0.58638743
 0.58638743 0.59162304 0.59162304 0.59424084 0.59424084 0.59947644
 0.59947644 0.60209424 0.60209424 0.60471204 0.60471204 0.60732984
 0.60732984 0.60994764 0.60994764 0.61518325 0.61518325 0.61780105
 0.61780105 0.62041885 0.62041885 0.62303665 0.62303665 0.62565445
 0.62565445 0.62827225 0.62827225 0.63089005 0.63089005 0.63350785
 0.63350785 0.63612565 0.63612565 0.63874346 0.63874346 0.64136126
 0.64136126 0.64397906 0.64397906 0.64659686 0.64659686 0.64921466
 0.64921466 0.65183246 0.65183246 0.65445026 0.65445026 0.65706806
 0.65706806 0.65968586 0.65968586 0.66230366 0.66230366 0.66492147
 0.66492147 0.66753927 0.66753927 0.67015707 0.67015707 0.67277487
 0.67277487 0.67539267 0.67539267 0.67801047 0.67801047 0.68062827
 0.68062827 0.68586387 0.68586387 0.69109948 0.69109948 0.69371728
 0.69371728 0.69895288 0.69895288 0.70157068 0.70157068 0.70418848
 0.70418848 0.70680628 0.70680628 0.70942408 0.70942408 0.71465969
 0.71465969 0.71727749 0.71727749 0.71989529 0.71989529 0.72251309
 0.72251309 0.72513089 0.72513089 0.72513089 0.72513089 0.72774869
 0.72774869 0.73036649 0.73036649 0.73298429 0.73298429 0.73560209
 0.73560209 0.7382199  0.7382199  0.7408377  0.7408377  0.7434555
 0.7434555  0.7460733  0.7460733  0.7486911  0.7486911  0.7513089
 0.7513089  0.7539267  0.7539267  0.7591623  0.7591623  0.7617801
 0.7617801  0.76439791 0.76439791 0.76701571 0.76701571 0.76963351
 0.76963351 0.77225131 0.77225131 0.77486911 0.77486911 0.77748691
 0.77748691 0.78010471 0.78010471 0.78272251 0.78272251 0.78534031
 0.78534031 0.78534031 0.79057592 0.79057592 0.79319372 0.79319372
 0.79581152 0.79581152 0.79842932 0.79842932 0.80104712 0.80104712
 0.80366492 0.80366492 0.80628272 0.80628272 0.80890052 0.80890052
 0.81151832 0.81151832 0.81151832 0.81151832 0.81413613 0.81413613
 0.81675393 0.81675393 0.81937173 0.81937173 0.82198953 0.82198953
 0.82460733 0.82460733 0.82722513 0.82722513 0.82984293 0.82984293
 0.82984293 0.82984293 0.83246073 0.83246073 0.83507853 0.83507853
 0.83769634 0.83769634 0.83769634 0.83769634 0.84031414 0.84031414
 0.84554974 0.84554974 0.84816754 0.84816754 0.85340314 0.85340314
 0.85602094 0.85602094 0.85863874 0.85863874 0.86125654 0.86125654
 0.86387435 0.86387435 0.86649215 0.86649215 0.86910995 0.86910995
 0.87172775 0.87172775 0.87434555 0.87434555 0.87696335 0.87696335
 0.87958115 0.87958115 0.88219895 0.88219895 0.88481675 0.88481675
 0.89005236 0.89005236 0.89267016 0.89267016 0.89528796 0.89528796
 0.89790576 0.89790576 0.90052356 0.90052356 0.90314136 0.90314136
 0.90575916 0.90575916 0.90837696 0.90837696 0.91099476 0.91099476
 0.91361257 0.91361257 0.91623037 0.91623037 0.91884817 0.91884817
 0.91884817 0.91884817 0.92146597 0.92146597 0.92408377 0.92408377
 0.92670157 0.92670157 0.92931937 0.92931937 0.93193717 0.93193717
 0.93455497 0.93455497 0.93717277 0.93717277 0.93979058 0.93979058
 0.94240838 0.94240838 0.94502618 0.94502618 0.94764398 0.94764398
 0.95026178 0.95026178 0.95287958 0.95287958 0.95549738 0.95549738
 0.95811518 0.95811518 0.96073298 0.96073298 0.96335079 0.96335079
 0.96596859 0.96596859 0.96858639 0.96858639 0.97120419 0.97120419
 0.97382199 0.97382199 0.97643979 0.97643979 0.97905759 0.97905759
 0.98167539 0.98167539 0.98429319 0.98429319 0.98691099 0.98691099
 0.9895288  0.9895288  0.9921466  0.9921466  0.9947644  0.9947644
 0.9973822  0.9973822  0.9973822  0.9973822  0.9973822  0.9973822
 1.         1.         1.         1.         1.         1.
 1.         1.         1.         1.         1.         1.
 1.         1.         1.         1.         1.         1.
 1.         1.         1.         1.         1.         1.
 1.        ]",0.7197213122167399
RandomForest,base,0.8215733982157339,0.3388888888888889,0.15968586387434555,0.21708185053380782,"[0.00000000e+00 0.00000000e+00 4.79846449e-04 1.43953935e-03
 2.39923225e-03 3.35892514e-03 3.35892514e-03 4.31861804e-03
 4.79846449e-03 4.79846449e-03 5.27831094e-03 6.23800384e-03
 8.15738964e-03 9.11708253e-03 1.00767754e-02 1.10364683e-02
 1.34357006e-02 1.53550864e-02 1.58349328e-02 1.67946257e-02
 1.77543186e-02 1.91938580e-02 1.96737044e-02 2.11132438e-02
 2.20729367e-02 2.44721689e-02 2.49520154e-02 2.68714012e-02
 3.35892514e-02 3.55086372e-02 3.79078695e-02 4.22264875e-02
 4.51055662e-02 4.70249520e-02 5.03838772e-02 5.23032630e-02
 5.32629559e-02 5.71017274e-02 6.14203455e-02 6.57389635e-02
 7.24568138e-02 7.48560461e-02 8.06142035e-02 8.49328215e-02
 8.68522073e-02 9.06909789e-02 9.45297505e-02 1.01727447e-01
 1.04126679e-01 1.08925144e-01 1.16122841e-01 1.19961612e-01
 1.24280230e-01 1.28119002e-01 1.36276392e-01 1.43474088e-01
 1.51151631e-01 1.58349328e-01 1.62667946e-01 1.70825336e-01
 1.79942418e-01 1.87619962e-01 2.01055662e-01 2.01055662e-01
 2.12092131e-01 2.19289827e-01 2.35124760e-01 2.43761996e-01
 2.59596929e-01 2.78790787e-01 2.94625720e-01 3.10460653e-01
 3.11900192e-01 3.24376200e-01 3.24856046e-01 3.40211132e-01
 3.64683301e-01 3.65163148e-01 3.83397313e-01 4.05470250e-01
 4.28982726e-01 4.51535509e-01 4.78406910e-01 5.08157390e-01
 5.08637236e-01 5.35508637e-01 5.35508637e-01 5.65259117e-01
 5.67178503e-01 5.67658349e-01 6.04606526e-01 6.05086372e-01
 6.40595010e-01 6.41074856e-01 6.72264875e-01 7.23608445e-01
 7.80230326e-01 7.96065259e-01 7.97984645e-01 1.00000000e+00]","[0.         0.0026178  0.0026178  0.0052356  0.0052356  0.0052356
 0.01570681 0.01832461 0.01832461 0.02094241 0.02356021 0.02617801
 0.02617801 0.03141361 0.03141361 0.03664921 0.03664921 0.03664921
 0.04973822 0.06020942 0.06282723 0.06544503 0.06544503 0.06544503
 0.07068063 0.07591623 0.08115183 0.08115183 0.09162304 0.09947644
 0.10732984 0.11518325 0.12565445 0.12565445 0.13350785 0.13874346
 0.14921466 0.15968586 0.16230366 0.16753927 0.18324607 0.19633508
 0.20680628 0.22513089 0.2408377  0.2513089  0.26439791 0.26701571
 0.27748691 0.27748691 0.28272251 0.28795812 0.29581152 0.30366492
 0.31675393 0.33246073 0.33507853 0.34816754 0.36649215 0.37696335
 0.39267016 0.40837696 0.43455497 0.43717277 0.45287958 0.47120419
 0.4947644  0.5026178  0.53403141 0.54973822 0.56806283 0.58900524
 0.58900524 0.59685864 0.59685864 0.62827225 0.64659686 0.64659686
 0.65706806 0.67015707 0.69109948 0.70680628 0.7382199  0.7591623
 0.7591623  0.80628272 0.80890052 0.83507853 0.83769634 0.83769634
 0.86125654 0.86125654 0.89528796 0.89528796 0.91623037 0.92931937
 0.95026178 0.95026178 0.95026178 1.        ]",0.6929403533277728
RandomForest,oversampling,0.7879156528791565,0.28173374613003094,0.23821989528795812,0.2581560283687943,"[0.         0.00575816 0.00815739 0.00911708 0.01199616 0.01391555
 0.01535509 0.01775432 0.01775432 0.01919386 0.0196737  0.0206334
 0.02303263 0.02543186 0.0268714  0.02879079 0.02975048 0.03119002
 0.03262956 0.03358925 0.03502879 0.03646833 0.03934741 0.0403071
 0.04510557 0.04846449 0.05134357 0.05278311 0.05614203 0.05950096
 0.0609405  0.06477927 0.06765835 0.07053743 0.07341651 0.07533589
 0.07773512 0.08253359 0.08541267 0.08925144 0.08973129 0.09165067
 0.0950096  0.09740883 0.10220729 0.10364683 0.10700576 0.11132438
 0.11228407 0.11564299 0.11948177 0.12380038 0.12619962 0.12907869
 0.13339731 0.13579655 0.14107486 0.14395393 0.15019194 0.15642994
 0.16506718 0.17178503 0.17850288 0.18378119 0.1962572  0.20345489
 0.21113244 0.21161228 0.2231286  0.23224568 0.23416507 0.24568138
 0.25335893 0.25431862 0.26391555 0.27543186 0.27543186 0.28262956
 0.29558541 0.29606526 0.31429942 0.32245681 0.32293666 0.33637236
 0.34836852 0.36324376 0.38195777 0.39779271 0.39827255 0.4121881
 0.4121881  0.43330134 0.45105566 0.47168906 0.47216891 0.49568138
 0.52015355 0.53982726 0.5403071  0.56429942 0.58877159 0.61228407
 0.63771593 0.67034549 0.67082534 0.69721689 0.71305182 0.71353167
 0.75191939 0.75287908 0.81046065 0.81190019 1.        ]","[0.         0.01308901 0.01570681 0.02094241 0.02094241 0.02356021
 0.02617801 0.02879581 0.03141361 0.03403141 0.03926702 0.04188482
 0.04973822 0.05235602 0.05759162 0.06020942 0.06282723 0.06282723
 0.06544503 0.07068063 0.07591623 0.07853403 0.08115183 0.08638743
 0.08638743 0.09424084 0.09947644 0.10732984 0.11518325 0.11780105
 0.12041885 0.12565445 0.13350785 0.13612565 0.14921466 0.15706806
 0.15968586 0.17277487 0.18062827 0.18586387 0.19371728 0.19895288
 0.20418848 0.20680628 0.20680628 0.22774869 0.23560209 0.2382199
 0.2486911  0.2617801  0.26963351 0.27748691 0.28272251 0.29319372
 0.30366492 0.31937173 0.32984293 0.34554974 0.34816754 0.36649215
 0.37434555 0.39005236 0.39528796 0.41099476 0.43717277 0.45287958
 0.46335079 0.46335079 0.47120419 0.48691099 0.4895288  0.51308901
 0.52879581 0.52879581 0.53403141 0.54712042 0.54973822 0.56282723
 0.57068063 0.57068063 0.57591623 0.59162304 0.59162304 0.59947644
 0.61518325 0.63350785 0.64659686 0.67015707 0.67015707 0.68848168
 0.69109948 0.69371728 0.71727749 0.73560209 0.73560209 0.7460733
 0.7617801  0.79319372 0.79319372 0.81413613 0.83769634 0.86649215
 0.87696335 0.90575916 0.90575916 0.93193717 0.93193717 0.93193717
 0.95026178 0.95026178 0.96596859 0.96596859 1.        ]",0.6888522374410869
RandomForest,undersampling,0.6342254663422546,0.25,0.680628272251309,0.3656821378340366,"[0.00000000e+00 4.79846449e-04 3.83877159e-03 6.71785029e-03
 1.10364683e-02 1.58349328e-02 2.25527831e-02 2.92706334e-02
 3.55086372e-02 3.93474088e-02 4.41458733e-02 4.94241843e-02
 5.51823417e-02 6.09404990e-02 6.71785029e-02 7.19769674e-02
 8.15738964e-02 8.97312860e-02 9.74088292e-02 1.03166987e-01
 1.10844530e-01 1.18522073e-01 1.27159309e-01 1.32437620e-01
 1.36276392e-01 1.36756238e-01 1.43953935e-01 1.52591171e-01
 1.59309021e-01 1.67466411e-01 1.74184261e-01 1.79462572e-01
 1.87619962e-01 1.96737044e-01 2.08733205e-01 2.15451056e-01
 2.25047985e-01 2.35604607e-01 2.44721689e-01 2.57677543e-01
 2.64395393e-01 2.74472169e-01 2.81669866e-01 2.92226488e-01
 3.01823417e-01 3.12859885e-01 3.22936660e-01 3.31094050e-01
 3.50287908e-01 3.64203455e-01 3.74280230e-01 3.87236084e-01
 3.98752399e-01 4.08349328e-01 4.08829175e-01 4.25623800e-01
 4.33781190e-01 4.45297505e-01 4.53934741e-01 4.66890595e-01
 4.74568138e-01 4.85604607e-01 4.95201536e-01 5.05758157e-01
 5.19193858e-01 5.33589251e-01 5.42706334e-01 5.55662188e-01
 5.65738964e-01 5.76295585e-01 5.76295585e-01 5.83493282e-01
 5.99808061e-01 6.09884837e-01 6.19481766e-01 6.30518234e-01
 6.30998081e-01 6.47792706e-01 6.57869482e-01 6.66986564e-01
 6.74664107e-01 6.83781190e-01 6.85700576e-01 6.91458733e-01
 6.96737044e-01 7.03934741e-01 7.04414587e-01 7.13051823e-01
 7.13531670e-01 7.23608445e-01 7.24088292e-01 7.30806142e-01
 7.38963532e-01 7.47120921e-01 7.54318618e-01 7.64875240e-01
 7.73512476e-01 7.84548944e-01 7.93666027e-01 8.05662188e-01
 8.06621881e-01 8.14299424e-01 8.14779271e-01 8.24856046e-01
 8.35412668e-01 8.45489443e-01 8.45969290e-01 8.59404990e-01
 8.75239923e-01 8.87715931e-01 8.88195777e-01 8.98272553e-01
 8.98752399e-01 9.16986564e-01 9.18426104e-01 9.19865643e-01
 9.21305182e-01 1.00000000e+00]","[0.         0.0078534  0.01570681 0.02617801 0.03664921 0.05497382
 0.06544503 0.08376963 0.09685864 0.10994764 0.13350785 0.14921466
 0.15968586 0.16492147 0.17277487 0.18062827 0.20157068 0.22251309
 0.2382199  0.2565445  0.27486911 0.28795812 0.29581152 0.30366492
 0.33246073 0.33246073 0.35340314 0.36649215 0.37434555 0.40052356
 0.41099476 0.42408377 0.45549738 0.45811518 0.46858639 0.48429319
 0.5052356  0.51570681 0.52617801 0.53926702 0.55759162 0.56544503
 0.58115183 0.59685864 0.60471204 0.61518325 0.62565445 0.63612565
 0.66230366 0.67539267 0.68062827 0.68586387 0.69371728 0.70680628
 0.70680628 0.71727749 0.72774869 0.7434555  0.7486911  0.7591623
 0.76439791 0.77486911 0.78534031 0.79319372 0.79842932 0.80628272
 0.81675393 0.81937173 0.83507853 0.84031414 0.84293194 0.85078534
 0.85340314 0.86125654 0.86387435 0.87958115 0.87958115 0.88219895
 0.88219895 0.89267016 0.90052356 0.90052356 0.90314136 0.90575916
 0.91361257 0.91623037 0.91623037 0.92931937 0.92931937 0.93455497
 0.93455497 0.94502618 0.94502618 0.95026178 0.95026178 0.95026178
 0.95287958 0.95287958 0.95811518 0.96073298 0.96073298 0.97382199
 0.97382199 0.97643979 0.97643979 0.98167539 0.98167539 0.98691099
 0.98691099 0.9895288  0.9895288  0.9921466  0.9921466  0.9947644
 0.9947644  0.9947644  0.9947644  1.        ]",0.7051588517852297
RandomForest,class_weighted,0.7716950527169505,0.2938496583143508,0.337696335078534,0.31425091352009743,"[0.         0.00287908 0.00335893 0.00527831 0.00767754 0.00959693
 0.01295585 0.01391555 0.01631478 0.01871401 0.0206334  0.02303263
 0.02591171 0.02735125 0.02927063 0.03023033 0.03358925 0.03790787
 0.03886756 0.04126679 0.04414587 0.0475048  0.04894434 0.05038388
 0.05566219 0.05758157 0.05950096 0.06238004 0.06621881 0.06765835
 0.06861804 0.07245681 0.07341651 0.07581574 0.07821497 0.08109405
 0.08397313 0.08973129 0.0940499  0.09884837 0.10220729 0.1074856
 0.11372361 0.11852207 0.12476008 0.13099808 0.13675624 0.13963532
 0.14395393 0.1487524  0.15115163 0.1559501  0.16170825 0.17082534
 0.17466411 0.18090211 0.18138196 0.18714012 0.1962572  0.19673704
 0.20057582 0.20873321 0.2159309  0.22408829 0.23080614 0.23896353
 0.24712092 0.25575816 0.26535509 0.27879079 0.28886756 0.29990403
 0.30038388 0.30806142 0.32053743 0.33493282 0.34932821 0.36660269
 0.37955854 0.39491363 0.39683301 0.41122841 0.41122841 0.42226488
 0.42274472 0.43618042 0.45153551 0.46641075 0.4668906  0.48080614
 0.49856046 0.51727447 0.51775432 0.53454894 0.54846449 0.54894434
 0.56190019 0.57677543 0.57725528 0.59357006 0.61564299 0.61612284
 0.63243762 0.65019194 0.67130518 0.69289827 0.70777351 0.72360845
 0.743762   0.74472169 0.77399232 0.77447217 0.80614203 0.84932821
 0.85172745 1.        ]","[0.         0.0078534  0.0078534  0.0104712  0.01570681 0.02356021
 0.02879581 0.03664921 0.04188482 0.04188482 0.04450262 0.04712042
 0.04712042 0.04973822 0.05235602 0.05497382 0.06020942 0.06544503
 0.07329843 0.08376963 0.08638743 0.08900524 0.09162304 0.09685864
 0.09947644 0.10209424 0.10994764 0.11518325 0.13350785 0.14136126
 0.14397906 0.14921466 0.15183246 0.15968586 0.17015707 0.17277487
 0.18586387 0.20680628 0.21465969 0.23560209 0.2486911  0.2617801
 0.27748691 0.28272251 0.28534031 0.30628272 0.31937173 0.32722513
 0.33246073 0.33769634 0.35340314 0.36649215 0.37172775 0.37696335
 0.39790576 0.40052356 0.40052356 0.42146597 0.42670157 0.42670157
 0.43717277 0.45549738 0.46073298 0.47382199 0.48429319 0.4973822
 0.51308901 0.52356021 0.53664921 0.55235602 0.56020942 0.57329843
 0.57329843 0.58376963 0.59162304 0.59947644 0.61780105 0.63350785
 0.64659686 0.67015707 0.67277487 0.68324607 0.68586387 0.69371728
 0.69371728 0.70942408 0.71989529 0.7408377  0.7408377  0.76701571
 0.77748691 0.79581152 0.79581152 0.80366492 0.81937173 0.81937173
 0.84031414 0.85863874 0.85863874 0.86387435 0.87172775 0.87172775
 0.88481675 0.90314136 0.91623037 0.91884817 0.92670157 0.92670157
 0.93455497 0.93455497 0.95026178 0.95026178 0.96073298 0.97643979
 0.97643979 1.        ]",0.6932361748952377
XGBoost,base,0.8365774533657745,0.4146341463414634,0.13350785340314136,0.201980198019802,"[0.00000000e+00 0.00000000e+00 9.59692898e-04 9.59692898e-04
 1.91938580e-03 1.91938580e-03 2.39923225e-03 2.39923225e-03
 3.83877159e-03 3.83877159e-03 4.31861804e-03 4.31861804e-03
 4.79846449e-03 4.79846449e-03 5.27831094e-03 5.27831094e-03
 1.05566219e-02 1.05566219e-02 1.19961612e-02 1.19961612e-02
 1.24760077e-02 1.24760077e-02 1.29558541e-02 1.29558541e-02
 1.43953935e-02 1.43953935e-02 1.48752399e-02 1.48752399e-02
 1.53550864e-02 1.53550864e-02 1.67946257e-02 1.67946257e-02
 1.77543186e-02 1.77543186e-02 1.91938580e-02 1.91938580e-02
 2.01535509e-02 2.01535509e-02 2.11132438e-02 2.11132438e-02
 2.35124760e-02 2.35124760e-02 2.49520154e-02 2.49520154e-02
 2.54318618e-02 2.54318618e-02 2.68714012e-02 2.68714012e-02
 2.97504798e-02 2.97504798e-02 3.02303263e-02 3.02303263e-02
 3.21497121e-02 3.21497121e-02 3.26295585e-02 3.26295585e-02
 3.35892514e-02 3.35892514e-02 3.50287908e-02 3.50287908e-02
 3.69481766e-02 3.69481766e-02 3.83877159e-02 3.83877159e-02
 3.93474088e-02 3.93474088e-02 4.17466411e-02 4.17466411e-02
 4.22264875e-02 4.22264875e-02 4.31861804e-02 4.31861804e-02
 4.36660269e-02 4.36660269e-02 4.84644914e-02 4.84644914e-02
 4.99040307e-02 4.99040307e-02 5.03838772e-02 5.03838772e-02
 5.08637236e-02 5.08637236e-02 5.13435701e-02 5.13435701e-02
 5.23032630e-02 5.23032630e-02 5.32629559e-02 5.32629559e-02
 5.66218810e-02 5.66218810e-02 5.71017274e-02 5.71017274e-02
 5.80614203e-02 5.80614203e-02 5.95009597e-02 5.95009597e-02
 6.09404990e-02 6.09404990e-02 6.19001919e-02 6.19001919e-02
 6.38195777e-02 6.38195777e-02 6.47792706e-02 6.52591171e-02
 6.71785029e-02 6.71785029e-02 6.76583493e-02 6.76583493e-02
 6.86180422e-02 6.86180422e-02 6.90978887e-02 6.90978887e-02
 6.95777351e-02 6.95777351e-02 7.24568138e-02 7.24568138e-02
 7.29366603e-02 7.29366603e-02 7.38963532e-02 7.38963532e-02
 7.58157390e-02 7.58157390e-02 8.15738964e-02 8.15738964e-02
 8.25335893e-02 8.25335893e-02 8.34932821e-02 8.34932821e-02
 8.54126679e-02 8.54126679e-02 8.68522073e-02 8.68522073e-02
 8.73320537e-02 8.73320537e-02 8.92514395e-02 8.92514395e-02
 8.97312860e-02 8.97312860e-02 9.45297505e-02 9.45297505e-02
 9.50095969e-02 9.50095969e-02 9.59692898e-02 9.59692898e-02
 9.98080614e-02 9.98080614e-02 1.01247601e-01 1.01247601e-01
 1.02207294e-01 1.02687140e-01 1.02687140e-01 1.03166987e-01
 1.03166987e-01 1.04126679e-01 1.04126679e-01 1.05566219e-01
 1.05566219e-01 1.06525912e-01 1.06525912e-01 1.07965451e-01
 1.07965451e-01 1.08925144e-01 1.08925144e-01 1.09884837e-01
 1.09884837e-01 1.10844530e-01 1.11324376e-01 1.12284069e-01
 1.12284069e-01 1.14203455e-01 1.14203455e-01 1.16602687e-01
 1.16602687e-01 1.17082534e-01 1.17082534e-01 1.18522073e-01
 1.18522073e-01 1.23800384e-01 1.23800384e-01 1.25239923e-01
 1.25239923e-01 1.29558541e-01 1.29558541e-01 1.32917466e-01
 1.32917466e-01 1.33877159e-01 1.34836852e-01 1.34836852e-01
 1.38675624e-01 1.38675624e-01 1.40115163e-01 1.40115163e-01
 1.41074856e-01 1.42034549e-01 1.43953935e-01 1.43953935e-01
 1.46353167e-01 1.46353167e-01 1.47792706e-01 1.47792706e-01
 1.50671785e-01 1.50671785e-01 1.52111324e-01 1.52111324e-01
 1.55470250e-01 1.55470250e-01 1.57389635e-01 1.57389635e-01
 1.61708253e-01 1.61708253e-01 1.62188100e-01 1.62188100e-01
 1.64107486e-01 1.64107486e-01 1.66026871e-01 1.66026871e-01
 1.68426104e-01 1.68426104e-01 1.70345489e-01 1.72264875e-01
 1.72264875e-01 1.74664107e-01 1.74664107e-01 1.76103647e-01
 1.76103647e-01 1.80422265e-01 1.80422265e-01 1.83301344e-01
 1.83301344e-01 1.84740883e-01 1.84740883e-01 1.86660269e-01
 1.86660269e-01 1.87140115e-01 1.87140115e-01 1.90499040e-01
 1.90499040e-01 1.91458733e-01 1.91458733e-01 1.92418426e-01
 1.93378119e-01 1.93857965e-01 1.93857965e-01 1.94337812e-01
 1.94337812e-01 1.97216891e-01 1.97216891e-01 1.98176583e-01
 1.98176583e-01 2.00095969e-01 2.00095969e-01 2.00575816e-01
 2.01535509e-01 2.02975048e-01 2.02975048e-01 2.03454894e-01
 2.03454894e-01 2.07773512e-01 2.08733205e-01 2.12092131e-01
 2.12092131e-01 2.16410749e-01 2.16410749e-01 2.18330134e-01
 2.18330134e-01 2.21209213e-01 2.21209213e-01 2.21689060e-01
 2.22648752e-01 2.23128599e-01 2.23128599e-01 2.23608445e-01
 2.23608445e-01 2.25047985e-01 2.25047985e-01 2.27447217e-01
 2.27447217e-01 2.28406910e-01 2.28406910e-01 2.29366603e-01
 2.35124760e-01 2.35124760e-01 2.37044146e-01 2.37044146e-01
 2.39443378e-01 2.39443378e-01 2.40882917e-01 2.40882917e-01
 2.41842610e-01 2.41842610e-01 2.42322457e-01 2.42802303e-01
 2.44241843e-01 2.44241843e-01 2.44721689e-01 2.45201536e-01
 2.45201536e-01 2.45681382e-01 2.45681382e-01 2.46161228e-01
 2.46161228e-01 2.48560461e-01 2.48560461e-01 2.49520154e-01
 2.49520154e-01 2.50000000e-01 2.50000000e-01 2.50479846e-01
 2.50479846e-01 2.50959693e-01 2.50959693e-01 2.58157390e-01
 2.58157390e-01 2.60076775e-01 2.60076775e-01 2.61036468e-01
 2.61036468e-01 2.62476008e-01 2.63435701e-01 2.63435701e-01
 2.64395393e-01 2.69193858e-01 2.69193858e-01 2.70153551e-01
 2.70153551e-01 2.71113244e-01 2.73032630e-01 2.73032630e-01
 2.74472169e-01 2.74472169e-01 2.77351248e-01 2.77351248e-01
 2.83589251e-01 2.83589251e-01 2.85028791e-01 2.85028791e-01
 2.85508637e-01 2.86468330e-01 2.89347409e-01 2.89347409e-01
 2.92706334e-01 2.93666027e-01 2.96545106e-01 2.96545106e-01
 2.98944338e-01 2.98944338e-01 3.00383877e-01 3.00383877e-01
 3.01343570e-01 3.01343570e-01 3.04222649e-01 3.04222649e-01
 3.12380038e-01 3.12380038e-01 3.12859885e-01 3.12859885e-01
 3.14299424e-01 3.16218810e-01 3.16218810e-01 3.19097889e-01
 3.19097889e-01 3.21017274e-01 3.21017274e-01 3.23416507e-01
 3.23896353e-01 3.23896353e-01 3.26775432e-01 3.26775432e-01
 3.30614203e-01 3.30614203e-01 3.31094050e-01 3.31094050e-01
 3.34452975e-01 3.34452975e-01 3.36852207e-01 3.36852207e-01
 3.37332054e-01 3.38771593e-01 3.38771593e-01 3.42130518e-01
 3.43090211e-01 3.43090211e-01 3.44529750e-01 3.44529750e-01
 3.51247601e-01 3.51247601e-01 3.53166987e-01 3.53166987e-01
 3.56525912e-01 3.56525912e-01 3.57965451e-01 3.58925144e-01
 3.64203455e-01 3.64203455e-01 3.65642994e-01 3.65642994e-01
 3.69001919e-01 3.69001919e-01 3.69961612e-01 3.70921305e-01
 3.70921305e-01 3.71401152e-01 3.71401152e-01 3.77159309e-01
 3.77159309e-01 3.78598848e-01 3.78598848e-01 3.79078695e-01
 3.79078695e-01 3.80038388e-01 3.80038388e-01 3.83397313e-01
 3.83397313e-01 3.84836852e-01 3.84836852e-01 3.87236084e-01
 3.87236084e-01 3.91554702e-01 3.91554702e-01 3.94433781e-01
 3.95393474e-01 3.96353167e-01 3.97312860e-01 3.98272553e-01
 3.98272553e-01 3.99712092e-01 3.99712092e-01 4.00671785e-01
 4.01631478e-01 4.08829175e-01 4.08829175e-01 4.12188100e-01
 4.12188100e-01 4.15547025e-01 4.15547025e-01 4.19865643e-01
 4.19865643e-01 4.26103647e-01 4.26103647e-01 4.28982726e-01
 4.29942418e-01 4.30422265e-01 4.30422265e-01 4.31381958e-01
 4.31381958e-01 4.31861804e-01 4.32821497e-01 4.34261036e-01
 4.35700576e-01 4.41458733e-01 4.41458733e-01 4.47216891e-01
 4.47216891e-01 4.47696737e-01 4.47696737e-01 4.52495202e-01
 4.52495202e-01 4.54414587e-01 4.54414587e-01 4.59213052e-01
 4.59213052e-01 4.60652591e-01 4.60652591e-01 4.61612284e-01
 4.62571977e-01 4.62571977e-01 4.63531670e-01 4.63531670e-01
 4.68330134e-01 4.68330134e-01 4.68809981e-01 4.69769674e-01
 4.72648752e-01 4.72648752e-01 4.74088292e-01 4.74088292e-01
 4.77447217e-01 4.77447217e-01 4.79846449e-01 4.79846449e-01
 4.81765835e-01 4.82725528e-01 4.84644914e-01 4.85604607e-01
 4.92802303e-01 4.92802303e-01 4.95681382e-01 4.95681382e-01
 5.08637236e-01 5.08637236e-01 5.09596929e-01 5.09596929e-01
 5.12476008e-01 5.12476008e-01 5.13435701e-01 5.13435701e-01
 5.14395393e-01 5.15355086e-01 5.15355086e-01 5.15834933e-01
 5.15834933e-01 5.17754319e-01 5.17754319e-01 5.20153551e-01
 5.20153551e-01 5.20633397e-01 5.20633397e-01 5.22072937e-01
 5.22072937e-01 5.22552783e-01 5.22552783e-01 5.25431862e-01
 5.26391555e-01 5.28310940e-01 5.29270633e-01 5.30710173e-01
 5.30710173e-01 5.31669866e-01 5.31669866e-01 5.32629559e-01
 5.32629559e-01 5.33109405e-01 5.33109405e-01 5.34069098e-01
 5.34069098e-01 5.42706334e-01 5.43666027e-01 5.44145873e-01
 5.44625720e-01 5.56142035e-01 5.56142035e-01 5.57101727e-01
 5.57101727e-01 5.59021113e-01 5.59021113e-01 5.64779271e-01
 5.64779271e-01 5.69097889e-01 5.69097889e-01 5.71497121e-01
 5.71497121e-01 5.78214971e-01 5.78214971e-01 5.83493282e-01
 5.85412668e-01 5.85892514e-01 5.87332054e-01 5.91170825e-01
 5.91170825e-01 5.91650672e-01 5.91650672e-01 5.98368522e-01
 5.99328215e-01 6.06046065e-01 6.06046065e-01 6.10364683e-01
 6.11324376e-01 6.17082534e-01 6.17082534e-01 6.19481766e-01
 6.19481766e-01 6.19961612e-01 6.19961612e-01 6.20921305e-01
 6.21401152e-01 6.21401152e-01 6.21880998e-01 6.21880998e-01
 6.24280230e-01 6.24280230e-01 6.29558541e-01 6.29558541e-01
 6.40595010e-01 6.41554702e-01 6.48752399e-01 6.49232246e-01
 6.60268714e-01 6.60268714e-01 6.60748560e-01 6.60748560e-01
 6.61228407e-01 6.61228407e-01 6.64107486e-01 6.65067179e-01
 6.69385797e-01 6.69385797e-01 6.70825336e-01 6.70825336e-01
 6.71305182e-01 6.71305182e-01 6.72264875e-01 6.72264875e-01
 6.72744722e-01 6.73704415e-01 6.78502879e-01 6.78502879e-01
 6.84740883e-01 6.86660269e-01 6.87140115e-01 6.88099808e-01
 6.88579655e-01 6.88579655e-01 6.95777351e-01 6.96737044e-01
 6.98176583e-01 6.99136276e-01 7.01055662e-01 7.02015355e-01
 7.03454894e-01 7.03454894e-01 7.06333973e-01 7.07293666e-01
 7.09692898e-01 7.09692898e-01 7.10652591e-01 7.10652591e-01
 7.14011516e-01 7.14971209e-01 7.17370441e-01 7.18330134e-01
 7.18809981e-01 7.20729367e-01 7.23128599e-01 7.23128599e-01
 7.32245681e-01 7.33205374e-01 7.37044146e-01 7.37044146e-01
 7.39923225e-01 7.40403071e-01 7.46161228e-01 7.48080614e-01
 7.48080614e-01 7.48560461e-01 7.49520154e-01 7.52399232e-01
 7.53838772e-01 7.55278311e-01 7.56717850e-01 7.64875240e-01
 7.64875240e-01 7.65834933e-01 7.65834933e-01 7.66314779e-01
 7.66314779e-01 7.73992322e-01 7.74952015e-01 7.74952015e-01
 7.75431862e-01 7.75431862e-01 7.75911708e-01 7.76871401e-01
 7.77351248e-01 7.78310940e-01 7.82149712e-01 7.82149712e-01
 7.89827255e-01 7.90786948e-01 7.92706334e-01 7.92706334e-01
 7.93666027e-01 8.01823417e-01 8.01823417e-01 8.16218810e-01
 8.16218810e-01 8.18138196e-01 8.19577735e-01 8.29654511e-01
 8.29654511e-01 8.30614203e-01 8.30614203e-01 8.31094050e-01
 8.32533589e-01 8.33973129e-01 8.35892514e-01 8.36852207e-01
 8.36852207e-01 8.48368522e-01 8.48368522e-01 8.49808061e-01
 8.50767754e-01 8.54126679e-01 8.55566219e-01 8.61324376e-01
 8.63243762e-01 8.67562380e-01 8.68522073e-01 8.69481766e-01
 8.75239923e-01 8.81477927e-01 8.81477927e-01 8.84357006e-01
 8.85796545e-01 8.85796545e-01 8.87715931e-01 8.91554702e-01
 8.95873321e-01 8.97312860e-01 9.01151631e-01 9.02591171e-01
 9.05950096e-01 9.07389635e-01 9.23224568e-01 9.27063340e-01
 9.32341651e-01 9.41458733e-01 9.42418426e-01 9.46737044e-01
 9.47696737e-01 9.48176583e-01 9.49616123e-01 9.57773512e-01
 9.57773512e-01 9.61132438e-01 9.62571977e-01 9.64491363e-01
 9.65930902e-01 9.66410749e-01 9.66410749e-01 9.69769674e-01
 9.76007678e-01 9.77927063e-01 9.80326296e-01 9.84644914e-01
 9.85604607e-01 9.88003839e-01 9.88963532e-01 9.92802303e-01
 9.94721689e-01 1.00000000e+00]","[0.         0.0026178  0.0026178  0.0078534  0.0078534  0.02879581
 0.02879581 0.03141361 0.03141361 0.03926702 0.03926702 0.04450262
 0.04450262 0.04973822 0.04973822 0.05497382 0.05497382 0.05759162
 0.05759162 0.06020942 0.06020942 0.06282723 0.06282723 0.06806283
 0.06806283 0.07591623 0.07591623 0.07853403 0.07853403 0.08115183
 0.08115183 0.08376963 0.08376963 0.08638743 0.08638743 0.08900524
 0.08900524 0.09162304 0.09162304 0.09424084 0.09424084 0.09947644
 0.09947644 0.10209424 0.10209424 0.10732984 0.10732984 0.10994764
 0.10994764 0.11256545 0.11256545 0.11518325 0.11518325 0.12565445
 0.12565445 0.13089005 0.13089005 0.13350785 0.13350785 0.13612565
 0.13612565 0.13874346 0.13874346 0.14397906 0.14397906 0.14659686
 0.14659686 0.15183246 0.15183246 0.15445026 0.15445026 0.15706806
 0.15706806 0.15968586 0.15968586 0.16230366 0.16230366 0.16753927
 0.16753927 0.17015707 0.17015707 0.17801047 0.17801047 0.18324607
 0.18324607 0.18848168 0.18848168 0.19109948 0.19109948 0.19371728
 0.19371728 0.19633508 0.19633508 0.19895288 0.19895288 0.20157068
 0.20157068 0.20418848 0.20418848 0.20680628 0.20680628 0.21204188
 0.21204188 0.21465969 0.21465969 0.21727749 0.21727749 0.21989529
 0.21989529 0.22774869 0.22774869 0.23036649 0.23036649 0.23560209
 0.23560209 0.2408377  0.2408377  0.2460733  0.2460733  0.2486911
 0.2486911  0.2513089  0.2513089  0.2539267  0.2539267  0.2565445
 0.2565445  0.2591623  0.2591623  0.27225131 0.27225131 0.27486911
 0.27486911 0.28010471 0.28010471 0.28272251 0.28272251 0.28534031
 0.28534031 0.28795812 0.28795812 0.29319372 0.29319372 0.29581152
 0.29581152 0.29842932 0.29842932 0.30104712 0.30104712 0.30366492
 0.30628272 0.30628272 0.30890052 0.30890052 0.31151832 0.31151832
 0.31413613 0.31413613 0.31675393 0.31675393 0.32198953 0.32198953
 0.32460733 0.32460733 0.32722513 0.32722513 0.32984293 0.32984293
 0.33246073 0.33246073 0.33507853 0.33507853 0.34031414 0.34031414
 0.34293194 0.34293194 0.34554974 0.34554974 0.34816754 0.34816754
 0.35078534 0.35078534 0.35340314 0.35340314 0.35602094 0.35602094
 0.35602094 0.35863874 0.35863874 0.36125654 0.36125654 0.36387435
 0.36387435 0.36649215 0.36649215 0.36910995 0.36910995 0.37172775
 0.37172775 0.37696335 0.37696335 0.37958115 0.37958115 0.38481675
 0.38481675 0.38743455 0.38743455 0.39790576 0.39790576 0.40314136
 0.40314136 0.40837696 0.40837696 0.41099476 0.41099476 0.41623037
 0.41623037 0.42146597 0.42146597 0.42146597 0.42408377 0.42408377
 0.42670157 0.42670157 0.43193717 0.43193717 0.43455497 0.43455497
 0.43717277 0.43717277 0.43979058 0.43979058 0.44240838 0.44240838
 0.44502618 0.44502618 0.45549738 0.45549738 0.45811518 0.45811518
 0.45811518 0.45811518 0.46073298 0.46073298 0.46335079 0.46335079
 0.46858639 0.46858639 0.47120419 0.47120419 0.47382199 0.47382199
 0.47382199 0.47382199 0.47643979 0.47643979 0.47905759 0.47905759
 0.47905759 0.47905759 0.48167539 0.48167539 0.48429319 0.48429319
 0.48691099 0.48691099 0.4895288  0.4895288  0.4895288  0.4895288
 0.4921466  0.4921466  0.4947644  0.4947644  0.4973822  0.4973822
 0.5026178  0.5026178  0.5052356  0.5052356  0.5052356  0.5104712
 0.5104712  0.51308901 0.51308901 0.51832461 0.51832461 0.52094241
 0.52094241 0.52356021 0.52356021 0.52617801 0.52617801 0.53141361
 0.53141361 0.53403141 0.53926702 0.53926702 0.54188482 0.54188482
 0.54450262 0.54450262 0.54712042 0.54712042 0.54973822 0.54973822
 0.55235602 0.55235602 0.55759162 0.55759162 0.56282723 0.56282723
 0.56544503 0.56544503 0.56806283 0.56806283 0.57329843 0.57329843
 0.57329843 0.57591623 0.57591623 0.57591623 0.57853403 0.57853403
 0.58376963 0.58376963 0.58376963 0.58638743 0.58638743 0.58900524
 0.58900524 0.59162304 0.59162304 0.59424084 0.59424084 0.59685864
 0.59685864 0.59947644 0.59947644 0.60471204 0.60471204 0.60471204
 0.60471204 0.60732984 0.60732984 0.60994764 0.60994764 0.61518325
 0.61518325 0.61780105 0.61780105 0.62041885 0.62041885 0.62303665
 0.62303665 0.62565445 0.62827225 0.62827225 0.63350785 0.63350785
 0.63612565 0.63612565 0.63874346 0.63874346 0.64136126 0.64397906
 0.64397906 0.64921466 0.64921466 0.65968586 0.65968586 0.66753927
 0.66753927 0.67015707 0.67015707 0.67277487 0.67277487 0.67277487
 0.67539267 0.67539267 0.67539267 0.68062827 0.68062827 0.68324607
 0.68324607 0.68586387 0.68586387 0.68848168 0.68848168 0.69109948
 0.69109948 0.69109948 0.69109948 0.69371728 0.69371728 0.69633508
 0.69633508 0.69895288 0.69895288 0.69895288 0.70157068 0.70157068
 0.70680628 0.70680628 0.70942408 0.70942408 0.71465969 0.71465969
 0.71727749 0.71727749 0.71989529 0.71989529 0.72251309 0.72251309
 0.72774869 0.72774869 0.73036649 0.73036649 0.73298429 0.73298429
 0.73298429 0.73298429 0.73298429 0.73298429 0.73560209 0.73560209
 0.7382199  0.7382199  0.7382199  0.7382199  0.7408377  0.7408377
 0.7434555  0.7434555  0.7460733  0.7460733  0.7486911  0.7486911
 0.7513089  0.7513089  0.7513089  0.7513089  0.7539267  0.7539267
 0.7565445  0.7565445  0.7565445  0.7565445  0.7565445  0.7565445
 0.7591623  0.7591623  0.7617801  0.7617801  0.76439791 0.76439791
 0.76701571 0.76701571 0.76963351 0.76963351 0.77486911 0.77486911
 0.77748691 0.77748691 0.77748691 0.78010471 0.78010471 0.78272251
 0.78272251 0.78534031 0.78534031 0.78534031 0.78534031 0.78795812
 0.78795812 0.79319372 0.79319372 0.79581152 0.79581152 0.79842932
 0.79842932 0.79842932 0.79842932 0.79842932 0.79842932 0.80104712
 0.80104712 0.80366492 0.80366492 0.80628272 0.80628272 0.80890052
 0.80890052 0.81151832 0.81151832 0.81413613 0.81413613 0.81413613
 0.81675393 0.81675393 0.81937173 0.81937173 0.82198953 0.82198953
 0.82460733 0.82460733 0.82722513 0.82722513 0.82984293 0.82984293
 0.84031414 0.84031414 0.84031414 0.84031414 0.84031414 0.84031414
 0.84293194 0.84293194 0.84554974 0.84554974 0.84816754 0.84816754
 0.85078534 0.85078534 0.85340314 0.85340314 0.85340314 0.85340314
 0.85602094 0.85602094 0.85863874 0.85863874 0.86125654 0.86125654
 0.86387435 0.86387435 0.86649215 0.86649215 0.86910995 0.86910995
 0.87172775 0.87172775 0.87434555 0.87434555 0.87434555 0.87434555
 0.87434555 0.87434555 0.87696335 0.87696335 0.87958115 0.87958115
 0.87958115 0.87958115 0.88219895 0.88219895 0.88219895 0.88219895
 0.88481675 0.88481675 0.88743455 0.88743455 0.89005236 0.89005236
 0.89005236 0.89267016 0.89267016 0.89528796 0.89528796 0.89790576
 0.89790576 0.90052356 0.90052356 0.90052356 0.90052356 0.90314136
 0.90314136 0.90575916 0.90575916 0.90837696 0.90837696 0.91099476
 0.91099476 0.91099476 0.91099476 0.91623037 0.91623037 0.91884817
 0.91884817 0.92408377 0.92408377 0.92670157 0.92670157 0.92670157
 0.92670157 0.92931937 0.92931937 0.92931937 0.92931937 0.92931937
 0.92931937 0.93193717 0.93193717 0.93193717 0.93193717 0.93193717
 0.93193717 0.93193717 0.93193717 0.93455497 0.93455497 0.93455497
 0.93455497 0.93717277 0.93717277 0.93979058 0.93979058 0.93979058
 0.93979058 0.93979058 0.93979058 0.94240838 0.94240838 0.94502618
 0.94502618 0.94502618 0.94502618 0.94764398 0.94764398 0.95026178
 0.95026178 0.95026178 0.95287958 0.95287958 0.95287958 0.95287958
 0.95287958 0.95287958 0.95287958 0.95287958 0.95549738 0.95549738
 0.95811518 0.95811518 0.96073298 0.96073298 0.96073298 0.96335079
 0.96335079 0.96596859 0.96596859 0.96596859 0.96596859 0.96596859
 0.96596859 0.96858639 0.96858639 0.96858639 0.96858639 0.97120419
 0.97120419 0.97120419 0.97382199 0.97382199 0.97643979 0.97643979
 0.97643979 0.97643979 0.97905759 0.97905759 0.98167539 0.98167539
 0.98429319 0.98429319 0.98429319 0.98429319 0.98691099 0.98691099
 0.9895288  0.9895288  0.9895288  0.9895288  0.9895288  0.9895288
 0.9895288  0.9895288  0.9895288  0.9895288  0.9895288  0.9895288
 0.9921466  0.9921466  0.9921466  0.9947644  0.9947644  0.9947644
 0.9947644  0.9947644  0.9947644  0.9947644  0.9947644  0.9947644
 0.9947644  0.9947644  0.9947644  0.9947644  0.9947644  0.9947644
 0.9947644  0.9947644  0.9947644  0.9947644  0.9973822  0.9973822
 0.9973822  0.9973822  0.9973822  0.9973822  1.         1.
 1.         1.         1.         1.         1.         1.
 1.         1.         1.         1.        ]",0.7237799087538062
XGBoost,oversampling,0.7185725871857259,0.26646706586826346,0.46596858638743455,0.33904761904761904,"[0.         0.         0.         0.00287908 0.00287908 0.00335893
 0.00335893 0.00431862 0.00431862 0.00479846 0.00479846 0.00527831
 0.00527831 0.00575816 0.00575816 0.006238   0.006238   0.00671785
 0.00671785 0.00767754 0.00767754 0.00815739 0.00815739 0.00911708
 0.00911708 0.00959693 0.00959693 0.01295585 0.01295585 0.0134357
 0.0134357  0.01487524 0.01487524 0.01535509 0.01535509 0.01583493
 0.01583493 0.01631478 0.01631478 0.01775432 0.01775432 0.01919386
 0.01919386 0.0196737  0.0196737  0.0206334  0.0206334  0.02591171
 0.02591171 0.02783109 0.02783109 0.02927063 0.02927063 0.03166987
 0.03166987 0.03214971 0.03214971 0.03358925 0.03358925 0.03790787
 0.03790787 0.03934741 0.03934741 0.0403071  0.0403071  0.04078695
 0.04078695 0.04126679 0.04126679 0.04222649 0.04222649 0.04510557
 0.04510557 0.04606526 0.04606526 0.04798464 0.04798464 0.04846449
 0.04846449 0.04990403 0.04990403 0.05086372 0.05086372 0.05134357
 0.05134357 0.05230326 0.05230326 0.05278311 0.05278311 0.05758157
 0.05758157 0.05854127 0.05854127 0.06190019 0.06190019 0.06333973
 0.06333973 0.06429942 0.06429942 0.06621881 0.06621881 0.0671785
 0.06861804 0.06861804 0.06957774 0.06957774 0.07293666 0.07293666
 0.0743762  0.0743762  0.07485605 0.07485605 0.07533589 0.07533589
 0.07869482 0.07869482 0.07917466 0.07917466 0.0806142  0.0806142
 0.08205374 0.08205374 0.08253359 0.08349328 0.08349328 0.08445298
 0.08445298 0.08541267 0.08541267 0.09021113 0.09021113 0.09309021
 0.09309021 0.0940499  0.0940499  0.09884837 0.09884837 0.09980806
 0.09980806 0.10412668 0.10412668 0.10652591 0.10652591 0.1084453
 0.1084453  0.10940499 0.11516315 0.11516315 0.11612284 0.11612284
 0.11756238 0.11756238 0.11852207 0.11852207 0.11996161 0.11996161
 0.12092131 0.12092131 0.12140115 0.12140115 0.12284069 0.12284069
 0.12332054 0.12332054 0.12380038 0.12380038 0.12428023 0.12428023
 0.12571977 0.12571977 0.12667946 0.12667946 0.12715931 0.12715931
 0.13051823 0.13099808 0.13099808 0.13339731 0.13339731 0.13483685
 0.13483685 0.13579655 0.13675624 0.13675624 0.13723608 0.13723608
 0.13771593 0.13771593 0.13915547 0.13915547 0.1425144  0.14347409
 0.14587332 0.14587332 0.14731286 0.1487524  0.14971209 0.15355086
 0.15355086 0.1549904  0.1549904  0.1559501  0.1559501  0.1559501
 0.1559501  0.15882917 0.15882917 0.15930902 0.15930902 0.16026871
 0.16122841 0.1621881  0.1621881  0.16554702 0.16554702 0.16698656
 0.16698656 0.17130518 0.17130518 0.17226488 0.17226488 0.17418426
 0.17754319 0.17754319 0.17850288 0.17850288 0.18090211 0.18090211
 0.18138196 0.18138196 0.1828215  0.1828215  0.18618042 0.18618042
 0.1890595  0.19001919 0.19241843 0.19241843 0.1952975  0.1962572
 0.19721689 0.19721689 0.19769674 0.19769674 0.19913628 0.20009597
 0.20153551 0.2024952  0.2024952  0.20537428 0.20537428 0.20585413
 0.20585413 0.20729367 0.20777351 0.20873321 0.20873321 0.20921305
 0.20921305 0.21017274 0.21017274 0.21065259 0.21065259 0.21401152
 0.21401152 0.2168906  0.21785029 0.21833013 0.21833013 0.21880998
 0.21976967 0.22600768 0.22600768 0.23128599 0.23128599 0.23368522
 0.23368522 0.23464491 0.23512476 0.23512476 0.2365643  0.23704415
 0.23848369 0.23848369 0.24424184 0.24424184 0.24616123 0.24616123
 0.24856046 0.24856046 0.25       0.25       0.25431862 0.25431862
 0.25575816 0.25575816 0.25767754 0.25767754 0.26055662 0.26055662
 0.26103647 0.26103647 0.26199616 0.26199616 0.2706334  0.27159309
 0.27447217 0.27447217 0.2768714  0.2768714  0.28023033 0.28023033
 0.28119002 0.28119002 0.28358925 0.28358925 0.2840691  0.2840691
 0.28598848 0.28598848 0.28838772 0.28838772 0.28934741 0.28934741
 0.29606526 0.29606526 0.29894434 0.29894434 0.29942418 0.29942418
 0.29990403 0.29990403 0.30182342 0.30182342 0.3037428  0.30614203
 0.30758157 0.30758157 0.30902111 0.30902111 0.30950096 0.30950096
 0.31238004 0.31238004 0.31861804 0.31861804 0.31957774 0.31957774
 0.32053743 0.32053743 0.32053743 0.32341651 0.32341651 0.3243762
 0.3243762  0.32485605 0.32485605 0.32533589 0.32533589 0.32677543
 0.32677543 0.32725528 0.32725528 0.33013436 0.33013436 0.33205374
 0.33301344 0.33349328 0.33349328 0.33637236 0.33637236 0.3378119
 0.3378119  0.33925144 0.33925144 0.34117083 0.34117083 0.34213052
 0.34213052 0.34692898 0.34692898 0.34788868 0.34788868 0.35172745
 0.35268714 0.35316699 0.35316699 0.35556622 0.35556622 0.36372361
 0.36372361 0.36516315 0.36516315 0.37332054 0.37332054 0.37476008
 0.37571977 0.378119   0.378119   0.37955854 0.37955854 0.38003839
 0.38003839 0.38243762 0.38243762 0.38387716 0.38387716 0.3853167
 0.3853167  0.38771593 0.38867562 0.39011516 0.39011516 0.3925144
 0.3925144  0.39395393 0.39395393 0.39779271 0.39779271 0.39923225
 0.39923225 0.40163148 0.40163148 0.41026871 0.41026871 0.41266795
 0.41266795 0.41602687 0.41602687 0.42034549 0.42034549 0.42754319
 0.42754319 0.4390595  0.4390595  0.44049904 0.44049904 0.44241843
 0.44241843 0.44577735 0.44673704 0.44673704 0.44721689 0.44721689
 0.44865643 0.44865643 0.45153551 0.45153551 0.45393474 0.45393474
 0.46065259 0.46065259 0.4668906  0.4668906  0.46737044 0.46737044
 0.47072937 0.47072937 0.4731286  0.4731286  0.47552783 0.47552783
 0.47600768 0.47600768 0.47648752 0.47648752 0.47888676 0.47888676
 0.4803263  0.4803263  0.48128599 0.48320537 0.48320537 0.48464491
 0.48464491 0.48752399 0.48752399 0.49040307 0.49232246 0.49952015
 0.49952015 0.50047985 0.50143954 0.50191939 0.50191939 0.50431862
 0.50479846 0.50479846 0.50671785 0.50767754 0.50767754 0.51151631
 0.51151631 0.51199616 0.51199616 0.51439539 0.51439539 0.51631478
 0.51631478 0.51727447 0.51727447 0.52159309 0.52159309 0.52879079
 0.52879079 0.52975048 0.52975048 0.53214971 0.53214971 0.53358925
 0.53358925 0.53454894 0.53454894 0.53790787 0.53934741 0.53982726
 0.53982726 0.54318618 0.54462572 0.54558541 0.54990403 0.54990403
 0.55038388 0.55038388 0.55134357 0.55134357 0.55422265 0.55662188
 0.55662188 0.55902111 0.55902111 0.56238004 0.56238004 0.56333973
 0.56333973 0.56765835 0.56861804 0.56957774 0.56957774 0.57053743
 0.57149712 0.57197697 0.57197697 0.57341651 0.57341651 0.57533589
 0.57533589 0.57581574 0.57581574 0.58445298 0.58541267 0.58925144
 0.58925144 0.59452975 0.59452975 0.59644914 0.59644914 0.60028791
 0.6012476  0.60172745 0.60172745 0.60364683 0.60364683 0.60604607
 0.60604607 0.61132438 0.61132438 0.61228407 0.61228407 0.61852207
 0.61852207 0.62236084 0.62236084 0.62571977 0.62667946 0.63819578
 0.63819578 0.63963532 0.63963532 0.64011516 0.64011516 0.64107486
 0.64107486 0.64683301 0.64683301 0.65067179 0.65067179 0.65163148
 0.65451056 0.65451056 0.65547025 0.65547025 0.65786948 0.66650672
 0.66650672 0.67274472 0.67274472 0.67322457 0.67322457 0.67418426
 0.6818618  0.6818618  0.68234165 0.68234165 0.68474088 0.68570058
 0.68953935 0.68953935 0.6962572  0.69721689 0.70153551 0.70297505
 0.70345489 0.70489443 0.70729367 0.70729367 0.71305182 0.71401152
 0.71976967 0.72072937 0.72168906 0.72360845 0.72888676 0.72888676
 0.73512476 0.73512476 0.73560461 0.74136276 0.74136276 0.74664107
 0.74664107 0.74856046 0.74856046 0.75239923 0.75239923 0.75911708
 0.76103647 0.76103647 0.76391555 0.76487524 0.76631478 0.76679463
 0.76775432 0.77879079 0.77975048 0.78023033 0.78023033 0.78454894
 0.78550864 0.79558541 0.79654511 0.80182342 0.80182342 0.80278311
 0.80422265 0.80806142 0.80902111 0.81142035 0.81142035 0.81477927
 0.81477927 0.81765835 0.81765835 0.81957774 0.81957774 0.82197697
 0.82197697 0.83445298 0.83445298 0.84117083 0.84213052 0.84309021
 0.84884837 0.85028791 0.86612284 0.86804223 0.86948177 0.86948177
 0.87428023 0.87619962 0.87715931 0.88099808 0.88291747 0.88435701
 0.8853167  0.88675624 0.89491363 0.89491363 0.89683301 0.90019194
 0.90019194 0.90547025 0.91074856 0.91698656 0.9184261  0.9193858
 0.92034549 0.92658349 0.92850288 0.92946257 0.93042226 0.93090211
 0.93234165 0.93330134 0.93474088 0.94001919 0.94001919 0.94433781
 0.9452975  0.94769674 0.94769674 0.95201536 0.95201536 0.96017274
 0.96113244 0.96641075 0.96785029 0.96880998 0.97504798 0.97744722
 0.9793666  0.98368522 0.98608445 0.98704415 0.9928023  0.993762
 0.99616123 0.99712092 1.        ]","[0.         0.0026178  0.0104712  0.0104712  0.01570681 0.01570681
 0.01832461 0.01832461 0.02356021 0.02356021 0.02617801 0.02617801
 0.03403141 0.03403141 0.03664921 0.03664921 0.03926702 0.03926702
 0.04450262 0.04450262 0.04973822 0.04973822 0.05759162 0.05759162
 0.06020942 0.06020942 0.06544503 0.06544503 0.06806283 0.06806283
 0.07068063 0.07068063 0.07591623 0.07591623 0.07853403 0.07853403
 0.08376963 0.08376963 0.08638743 0.08638743 0.09424084 0.09424084
 0.09685864 0.09685864 0.11256545 0.11256545 0.11518325 0.11518325
 0.11780105 0.11780105 0.12041885 0.12041885 0.12303665 0.12303665
 0.12565445 0.12565445 0.12827225 0.12827225 0.13089005 0.13089005
 0.13350785 0.13350785 0.13612565 0.13612565 0.13874346 0.13874346
 0.14659686 0.14659686 0.14921466 0.14921466 0.15183246 0.15183246
 0.16230366 0.16230366 0.16492147 0.16492147 0.17015707 0.17015707
 0.17539267 0.17539267 0.17801047 0.17801047 0.18062827 0.18062827
 0.18324607 0.18324607 0.18586387 0.18586387 0.19371728 0.19371728
 0.20157068 0.20157068 0.20418848 0.20418848 0.20680628 0.20680628
 0.20942408 0.20942408 0.21204188 0.21204188 0.21465969 0.21465969
 0.21465969 0.21989529 0.21989529 0.22251309 0.22251309 0.22774869
 0.22774869 0.23036649 0.23036649 0.23298429 0.23298429 0.23560209
 0.23560209 0.2382199  0.2382199  0.2408377  0.2408377  0.2434555
 0.2434555  0.2460733  0.2460733  0.2486911  0.2513089  0.2513089
 0.2539267  0.2539267  0.2591623  0.2591623  0.2617801  0.2617801
 0.26439791 0.26439791 0.26701571 0.26701571 0.26963351 0.26963351
 0.27225131 0.27225131 0.27486911 0.27486911 0.28010471 0.28010471
 0.28272251 0.28272251 0.28272251 0.28534031 0.28534031 0.28795812
 0.28795812 0.29057592 0.29057592 0.29319372 0.29319372 0.29581152
 0.29581152 0.29842932 0.29842932 0.30104712 0.30104712 0.30366492
 0.30366492 0.30890052 0.30890052 0.31151832 0.31151832 0.31675393
 0.31675393 0.31937173 0.31937173 0.32198953 0.32198953 0.32460733
 0.32460733 0.32722513 0.32984293 0.32984293 0.33507853 0.33507853
 0.33769634 0.33769634 0.33769634 0.34031414 0.34031414 0.34293194
 0.34293194 0.34554974 0.34554974 0.34816754 0.34816754 0.34816754
 0.34816754 0.35863874 0.35863874 0.35863874 0.35863874 0.35863874
 0.36125654 0.36125654 0.36387435 0.36387435 0.36649215 0.37172775
 0.37434555 0.37434555 0.37696335 0.37696335 0.38219895 0.38219895
 0.38219895 0.38219895 0.38481675 0.38481675 0.38743455 0.38743455
 0.39005236 0.39005236 0.39267016 0.39267016 0.39528796 0.39528796
 0.39528796 0.40052356 0.40052356 0.40314136 0.40314136 0.40575916
 0.40575916 0.40837696 0.40837696 0.41099476 0.41099476 0.41361257
 0.41361257 0.41361257 0.41361257 0.41884817 0.41884817 0.41884817
 0.41884817 0.42146597 0.42146597 0.42670157 0.42670157 0.42670157
 0.42670157 0.42670157 0.43193717 0.43193717 0.43455497 0.43455497
 0.43717277 0.43717277 0.43979058 0.43979058 0.44240838 0.44240838
 0.44502618 0.44502618 0.45026178 0.45026178 0.45287958 0.45287958
 0.45549738 0.45549738 0.45549738 0.45549738 0.45811518 0.45811518
 0.45811518 0.45811518 0.46073298 0.46073298 0.46335079 0.46335079
 0.46596859 0.46596859 0.46596859 0.46858639 0.46858639 0.47120419
 0.47120419 0.47382199 0.47382199 0.47643979 0.47643979 0.48429319
 0.48429319 0.48691099 0.48691099 0.4895288  0.4895288  0.4921466
 0.4921466  0.4973822  0.4973822  0.5        0.5        0.5026178
 0.5026178  0.5052356  0.5052356  0.5078534  0.5078534  0.5078534
 0.5078534  0.5104712  0.5104712  0.51308901 0.51308901 0.52094241
 0.52094241 0.52356021 0.52356021 0.52617801 0.52617801 0.52879581
 0.52879581 0.53141361 0.53141361 0.53403141 0.53403141 0.54188482
 0.54188482 0.54450262 0.54450262 0.54973822 0.54973822 0.55497382
 0.55497382 0.55759162 0.55759162 0.56020942 0.56020942 0.56282723
 0.56282723 0.56544503 0.56544503 0.56806283 0.56806283 0.57068063
 0.57068063 0.57329843 0.57329843 0.57591623 0.57591623 0.57853403
 0.57853403 0.58376963 0.58638743 0.58638743 0.58900524 0.58900524
 0.59162304 0.59162304 0.59685864 0.59685864 0.59947644 0.59947644
 0.60471204 0.60471204 0.60732984 0.60732984 0.60994764 0.60994764
 0.60994764 0.60994764 0.61256545 0.61256545 0.61518325 0.61518325
 0.61780105 0.61780105 0.62041885 0.62041885 0.62303665 0.62303665
 0.62565445 0.62565445 0.62827225 0.62827225 0.63089005 0.63089005
 0.63089005 0.63089005 0.63874346 0.63874346 0.64136126 0.64136126
 0.64397906 0.64397906 0.64659686 0.64659686 0.65183246 0.65183246
 0.65183246 0.65183246 0.65445026 0.65445026 0.65706806 0.65706806
 0.65968586 0.65968586 0.66230366 0.66230366 0.66492147 0.66492147
 0.67277487 0.67277487 0.67277487 0.67277487 0.67539267 0.67539267
 0.67801047 0.67801047 0.68324607 0.68324607 0.68586387 0.68586387
 0.68848168 0.68848168 0.69109948 0.69109948 0.69371728 0.69371728
 0.69633508 0.69633508 0.69895288 0.69895288 0.70157068 0.70157068
 0.70418848 0.70418848 0.70942408 0.70942408 0.71204188 0.71204188
 0.71465969 0.71465969 0.71465969 0.71727749 0.71727749 0.71989529
 0.71989529 0.72251309 0.72251309 0.72513089 0.72513089 0.72774869
 0.72774869 0.73036649 0.73036649 0.73298429 0.73298429 0.7408377
 0.7408377  0.7434555  0.7434555  0.7460733  0.7460733  0.7486911
 0.7486911  0.7513089  0.7513089  0.7539267  0.7539267  0.7565445
 0.7565445  0.7591623  0.7591623  0.7591623  0.7617801  0.7617801
 0.76439791 0.76439791 0.76701571 0.76701571 0.76963351 0.76963351
 0.77225131 0.77225131 0.77225131 0.77225131 0.77486911 0.77486911
 0.77486911 0.77748691 0.77748691 0.77748691 0.78010471 0.78010471
 0.78272251 0.78272251 0.78534031 0.78534031 0.78795812 0.78795812
 0.79057592 0.79057592 0.79319372 0.79319372 0.79581152 0.79581152
 0.79842932 0.79842932 0.80104712 0.80104712 0.80366492 0.80366492
 0.80628272 0.80628272 0.80890052 0.80890052 0.80890052 0.80890052
 0.81151832 0.81151832 0.81151832 0.81151832 0.81151832 0.81413613
 0.81413613 0.81675393 0.81675393 0.81937173 0.81937173 0.81937173
 0.82198953 0.82198953 0.82722513 0.82722513 0.83507853 0.83507853
 0.83769634 0.83769634 0.83769634 0.83769634 0.84031414 0.84031414
 0.84031414 0.84031414 0.84293194 0.84293194 0.84554974 0.84554974
 0.84816754 0.84816754 0.85340314 0.85340314 0.85602094 0.85602094
 0.85863874 0.85863874 0.86125654 0.86125654 0.86649215 0.86649215
 0.86910995 0.86910995 0.87172775 0.87172775 0.87434555 0.87434555
 0.87696335 0.87696335 0.87958115 0.87958115 0.88219895 0.88219895
 0.88481675 0.88481675 0.88743455 0.88743455 0.88743455 0.88743455
 0.89267016 0.89267016 0.89790576 0.89790576 0.90052356 0.90052356
 0.90314136 0.90314136 0.90575916 0.90575916 0.90837696 0.90837696
 0.90837696 0.91623037 0.91623037 0.91884817 0.91884817 0.91884817
 0.92146597 0.92146597 0.92408377 0.92408377 0.92670157 0.92670157
 0.92670157 0.92931937 0.92931937 0.93193717 0.93193717 0.93193717
 0.93193717 0.93455497 0.93455497 0.93455497 0.93455497 0.93455497
 0.93455497 0.93455497 0.93455497 0.93979058 0.93979058 0.93979058
 0.93979058 0.93979058 0.93979058 0.93979058 0.93979058 0.94240838
 0.94240838 0.94502618 0.94764398 0.94764398 0.95026178 0.95026178
 0.95287958 0.95287958 0.95549738 0.95549738 0.95811518 0.95811518
 0.95811518 0.96073298 0.96073298 0.96073298 0.96073298 0.96335079
 0.96335079 0.96335079 0.96335079 0.96335079 0.96596859 0.96596859
 0.96596859 0.96596859 0.96596859 0.96596859 0.96858639 0.96858639
 0.96858639 0.96858639 0.96858639 0.96858639 0.97120419 0.97120419
 0.97382199 0.97382199 0.97643979 0.97643979 0.97905759 0.97905759
 0.98167539 0.98167539 0.98429319 0.98429319 0.98429319 0.98429319
 0.98429319 0.98429319 0.98429319 0.98429319 0.98429319 0.98691099
 0.98691099 0.98691099 0.98691099 0.98691099 0.98691099 0.98691099
 0.98691099 0.98691099 0.98691099 0.9895288  0.9895288  0.9895288
 0.9921466  0.9921466  0.9921466  0.9921466  0.9921466  0.9921466
 0.9921466  0.9921466  0.9921466  0.9921466  0.9921466  0.9921466
 0.9921466  0.9921466  0.9921466  0.9921466  0.9947644  0.9947644
 0.9947644  0.9947644  0.9973822  0.9973822  1.         1.
 1.         1.         1.         1.         1.         1.
 1.         1.         1.         1.         1.         1.
 1.         1.         1.        ]",0.701536764779773
XGBoost,undersampling,0.6281427412814274,0.2534562211981567,0.7198952879581152,0.37491479209270623,"[0.         0.         0.00143954 0.00143954 0.00191939 0.00191939
 0.00239923 0.00239923 0.00287908 0.00287908 0.00431862 0.00431862
 0.00479846 0.00479846 0.00527831 0.00527831 0.0071977  0.0071977
 0.00767754 0.00767754 0.00911708 0.00911708 0.01103647 0.01103647
 0.01391555 0.01391555 0.01487524 0.01487524 0.01535509 0.01535509
 0.01679463 0.01679463 0.01823417 0.01823417 0.0206334  0.0206334
 0.02591171 0.02591171 0.02879079 0.02879079 0.02927063 0.02927063
 0.03023033 0.03023033 0.03214971 0.03214971 0.03694818 0.03694818
 0.03742802 0.03742802 0.03790787 0.03790787 0.03886756 0.03886756
 0.03982726 0.03982726 0.04318618 0.04318618 0.04558541 0.04558541
 0.04606526 0.04606526 0.0475048  0.0475048  0.04894434 0.04894434
 0.04990403 0.04990403 0.05182342 0.05182342 0.05230326 0.05230326
 0.05278311 0.05278311 0.0547025  0.0547025  0.05614203 0.05614203
 0.05806142 0.05806142 0.05902111 0.05902111 0.05950096 0.05950096
 0.05998081 0.05998081 0.06046065 0.06046065 0.06190019 0.06190019
 0.06429942 0.06429942 0.06861804 0.06861804 0.07053743 0.07053743
 0.07293666 0.07293666 0.0743762  0.07533589 0.07581574 0.07581574
 0.07725528 0.07725528 0.07773512 0.07773512 0.07869482 0.07869482
 0.08013436 0.08013436 0.08109405 0.08109405 0.0815739  0.0815739
 0.08445298 0.08445298 0.08637236 0.08637236 0.0878119  0.08829175
 0.09021113 0.09021113 0.09069098 0.09117083 0.09117083 0.09309021
 0.09309021 0.09452975 0.09452975 0.0950096  0.0950096  0.09644914
 0.09644914 0.09740883 0.09740883 0.09836852 0.09932821 0.10220729
 0.10220729 0.10364683 0.10364683 0.10556622 0.10556622 0.10652591
 0.10652591 0.1084453  0.1084453  0.10940499 0.11036468 0.11420345
 0.11420345 0.11564299 0.11564299 0.11612284 0.11612284 0.11660269
 0.11660269 0.11708253 0.11708253 0.11756238 0.11756238 0.11996161
 0.11996161 0.12140115 0.12140115 0.12236084 0.12236084 0.12284069
 0.12284069 0.12332054 0.12332054 0.12476008 0.12476008 0.12763916
 0.12763916 0.13099808 0.13099808 0.13723608 0.13723608 0.13819578
 0.13819578 0.14011516 0.14011516 0.14059501 0.14059501 0.1415547
 0.1415547  0.14635317 0.14635317 0.14923225 0.14923225 0.15307102
 0.15307102 0.1559501  0.1559501  0.15834933 0.15834933 0.15882917
 0.15882917 0.15978887 0.15978887 0.16122841 0.16122841 0.16170825
 0.16170825 0.16410749 0.16410749 0.16506718 0.16554702 0.16554702
 0.16986564 0.16986564 0.17034549 0.17034549 0.17178503 0.17226488
 0.17418426 0.17418426 0.17466411 0.17466411 0.17658349 0.17658349
 0.17994242 0.18090211 0.18138196 0.18138196 0.1828215  0.18378119
 0.18474088 0.18474088 0.18666027 0.18666027 0.18714012 0.18714012
 0.18857965 0.18857965 0.1890595  0.1890595  0.19097889 0.19241843
 0.19385797 0.19385797 0.19673704 0.19673704 0.19769674 0.19769674
 0.19865643 0.19961612 0.19961612 0.20057582 0.20057582 0.20105566
 0.20105566 0.20201536 0.20201536 0.20537428 0.20537428 0.20825336
 0.20825336 0.21209213 0.21209213 0.21833013 0.21833013 0.21880998
 0.21880998 0.21928983 0.21928983 0.22072937 0.22072937 0.22360845
 0.22408829 0.22408829 0.22456814 0.22456814 0.22888676 0.22888676
 0.23560461 0.23560461 0.23704415 0.23752399 0.23752399 0.24232246
 0.24232246 0.24664107 0.24664107 0.24808061 0.24808061 0.24904031
 0.24904031 0.25       0.25095969 0.25095969 0.25911708 0.25911708
 0.26007678 0.26007678 0.26055662 0.26055662 0.26199616 0.26199616
 0.26391555 0.26535509 0.26583493 0.26583493 0.26775432 0.26871401
 0.26871401 0.2706334  0.2706334  0.27159309 0.27159309 0.27255278
 0.27927063 0.27927063 0.28023033 0.28023033 0.28166987 0.28166987
 0.28358925 0.28358925 0.2840691  0.2840691  0.28502879 0.28502879
 0.28838772 0.28838772 0.29126679 0.29126679 0.29222649 0.29222649
 0.29318618 0.29414587 0.29462572 0.29462572 0.29654511 0.29654511
 0.29846449 0.29846449 0.30182342 0.30182342 0.30278311 0.30278311
 0.30566219 0.30566219 0.30902111 0.30902111 0.30950096 0.30950096
 0.31285988 0.31285988 0.31381958 0.31381958 0.31429942 0.31429942
 0.3171785  0.3171785  0.31765835 0.31765835 0.31909789 0.32005758
 0.32245681 0.32245681 0.32341651 0.32341651 0.32389635 0.32389635
 0.32485605 0.32533589 0.32533589 0.32821497 0.32821497 0.33013436
 0.33013436 0.3306142  0.3306142  0.33253359 0.33349328 0.33349328
 0.33397313 0.33493282 0.33541267 0.33637236 0.33685221 0.33685221
 0.33829175 0.33829175 0.34021113 0.34021113 0.34213052 0.34213052
 0.34309021 0.34309021 0.3450096  0.3450096  0.34932821 0.34932821
 0.35076775 0.35076775 0.35220729 0.35220729 0.35268714 0.35268714
 0.35316699 0.35316699 0.35412668 0.35412668 0.35700576 0.3584453
 0.35988484 0.35988484 0.36036468 0.36036468 0.36084453 0.36084453
 0.36276392 0.36276392 0.36324376 0.36324376 0.36804223 0.36804223
 0.37140115 0.37140115 0.37523992 0.37619962 0.37715931 0.37715931
 0.37907869 0.37907869 0.38147793 0.38243762 0.38675624 0.38675624
 0.39059501 0.3915547  0.3925144  0.3925144  0.39587332 0.39587332
 0.39683301 0.39971209 0.39971209 0.40211132 0.40211132 0.40307102
 0.40307102 0.40451056 0.40451056 0.4059501  0.4059501  0.40738964
 0.40738964 0.40786948 0.40786948 0.41074856 0.41074856 0.41170825
 0.42034549 0.42034549 0.4256238  0.4256238  0.42706334 0.42706334
 0.42850288 0.42850288 0.42946257 0.42946257 0.43522073 0.43522073
 0.43570058 0.43570058 0.43666027 0.43666027 0.43714012 0.43714012
 0.44289827 0.44289827 0.44433781 0.44433781 0.44913628 0.44913628
 0.4524952  0.45345489 0.45921305 0.45921305 0.46017274 0.46017274
 0.47408829 0.47504798 0.47840691 0.4793666  0.47984645 0.47984645
 0.48080614 0.48080614 0.48368522 0.48368522 0.48752399 0.48752399
 0.49232246 0.49328215 0.49328215 0.49520154 0.49520154 0.49808061
 0.49904031 0.49904031 0.5        0.5        0.50815739 0.50911708
 0.51199616 0.51199616 0.51679463 0.51679463 0.51775432 0.51775432
 0.52255278 0.52255278 0.52975048 0.52975048 0.5331094  0.5331094
 0.53742802 0.53742802 0.53790787 0.53886756 0.54654511 0.54654511
 0.55278311 0.5537428  0.55518234 0.55614203 0.55806142 0.55902111
 0.56238004 0.56238004 0.56573896 0.56573896 0.5681382  0.5681382
 0.56909789 0.56957774 0.57101727 0.57101727 0.57341651 0.57341651
 0.57533589 0.57533589 0.57917466 0.57917466 0.58253359 0.58349328
 0.58877159 0.58877159 0.59069098 0.59069098 0.59117083 0.59117083
 0.59884837 0.59980806 0.60316699 0.60412668 0.60460653 0.60460653
 0.61036468 0.61036468 0.61612284 0.61804223 0.61996161 0.61996161
 0.62236084 0.62236084 0.62284069 0.62284069 0.63099808 0.63099808
 0.63243762 0.63243762 0.63915547 0.63915547 0.63963532 0.63963532
 0.64107486 0.64107486 0.64491363 0.64491363 0.64539347 0.64539347
 0.65259117 0.65259117 0.65451056 0.65547025 0.65834933 0.65930902
 0.66602687 0.66602687 0.67034549 0.67178503 0.67466411 0.67466411
 0.67514395 0.67514395 0.67610365 0.67610365 0.67898273 0.67898273
 0.68953935 0.69049904 0.69241843 0.69241843 0.69385797 0.69385797
 0.69481766 0.69481766 0.6952975  0.6952975  0.69721689 0.69721689
 0.69769674 0.69769674 0.69817658 0.69913628 0.70057582 0.70393474
 0.70393474 0.70633397 0.70729367 0.71401152 0.71401152 0.71545106
 0.7159309  0.72264875 0.72360845 0.72408829 0.72456814 0.72696737
 0.72888676 0.7293666  0.7293666  0.73368522 0.73368522 0.73512476
 0.73704415 0.73704415 0.73944338 0.73944338 0.74088292 0.74232246
 0.74712092 0.74712092 0.74904031 0.75       0.75143954 0.75143954
 0.75479846 0.75479846 0.75767754 0.75767754 0.76823417 0.76823417
 0.77543186 0.77543186 0.77639155 0.77831094 0.77927063 0.78023033
 0.78742802 0.78838772 0.7903071  0.79126679 0.79414587 0.79510557
 0.7975048  0.79846449 0.80134357 0.80230326 0.80902111 0.80902111
 0.81046065 0.81142035 0.81238004 0.81333973 0.81333973 0.81429942
 0.81573896 0.81669866 0.82341651 0.8243762  0.83205374 0.83253359
 0.83445298 0.83541267 0.83829175 0.8440499  0.8450096  0.84644914
 0.8584453  0.8584453  0.86036468 0.86756238 0.87044146 0.871881
 0.87380038 0.87859885 0.88243762 0.89347409 0.89491363 0.89683301
 0.89827255 0.90019194 0.90115163 0.90211132 0.90307102 0.90403071
 0.9049904  0.9059501  0.9059501  0.90738964 0.9121881  0.92802303
 0.93042226 0.9318618  0.9390595  0.94433781 0.94817658 0.94913628
 0.95009597 0.95105566 0.95201536 0.95345489 0.96209213 0.96353167
 0.96449136 0.96497121 0.96497121 0.96641075 0.96785029 0.96880998
 0.97648752 0.97744722 0.98368522 0.98512476 0.98752399 0.99136276
 0.99232246 0.99568138 0.99664107 1.        ]","[0.         0.0026178  0.0026178  0.0078534  0.0078534  0.0104712
 0.0104712  0.02094241 0.02094241 0.02356021 0.02356021 0.02879581
 0.02879581 0.03141361 0.03141361 0.03926702 0.03926702 0.04188482
 0.04188482 0.04450262 0.04450262 0.04973822 0.04973822 0.05759162
 0.05759162 0.06806283 0.06806283 0.07329843 0.07329843 0.07591623
 0.07591623 0.07853403 0.07853403 0.08115183 0.08115183 0.08376963
 0.08376963 0.08638743 0.08638743 0.09162304 0.09162304 0.09424084
 0.09424084 0.10209424 0.10209424 0.10471204 0.10471204 0.10994764
 0.10994764 0.11256545 0.11256545 0.11780105 0.11780105 0.12041885
 0.12041885 0.12303665 0.12303665 0.12565445 0.12565445 0.12827225
 0.12827225 0.13089005 0.13089005 0.13612565 0.13612565 0.13874346
 0.13874346 0.14136126 0.14136126 0.14397906 0.14397906 0.14659686
 0.14659686 0.14921466 0.14921466 0.15183246 0.15183246 0.15445026
 0.15445026 0.15706806 0.15706806 0.15968586 0.15968586 0.16230366
 0.16230366 0.16753927 0.16753927 0.17277487 0.17277487 0.17539267
 0.17539267 0.17801047 0.17801047 0.18062827 0.18062827 0.18324607
 0.18324607 0.18848168 0.18848168 0.18848168 0.18848168 0.19109948
 0.19109948 0.19895288 0.19895288 0.20157068 0.20157068 0.20418848
 0.20418848 0.20680628 0.20680628 0.20942408 0.20942408 0.21727749
 0.21727749 0.21989529 0.21989529 0.22251309 0.22251309 0.22513089
 0.22513089 0.22774869 0.22774869 0.23036649 0.23560209 0.23560209
 0.2382199  0.2382199  0.2460733  0.2460733  0.2513089  0.2513089
 0.2591623  0.2591623  0.2617801  0.2617801  0.2617801  0.2617801
 0.26701571 0.26701571 0.26963351 0.26963351 0.27225131 0.27225131
 0.27486911 0.27486911 0.27748691 0.27748691 0.27748691 0.27748691
 0.28010471 0.28010471 0.28272251 0.28272251 0.29057592 0.29057592
 0.29319372 0.29319372 0.30366492 0.30366492 0.30890052 0.30890052
 0.31151832 0.31151832 0.31413613 0.31413613 0.31675393 0.31675393
 0.31937173 0.31937173 0.32198953 0.32198953 0.32460733 0.32460733
 0.32722513 0.32722513 0.32984293 0.32984293 0.33246073 0.33246073
 0.33507853 0.33507853 0.33769634 0.33769634 0.34031414 0.34031414
 0.34293194 0.34293194 0.35078534 0.35078534 0.35602094 0.35602094
 0.36387435 0.36387435 0.36649215 0.36649215 0.36910995 0.36910995
 0.37958115 0.37958115 0.38219895 0.38219895 0.38481675 0.38481675
 0.38743455 0.38743455 0.39005236 0.39005236 0.39267016 0.39528796
 0.39528796 0.39790576 0.39790576 0.40052356 0.40052356 0.40314136
 0.40314136 0.40575916 0.40575916 0.40837696 0.40837696 0.41099476
 0.41099476 0.41099476 0.41099476 0.41361257 0.41361257 0.41361257
 0.41361257 0.41623037 0.41623037 0.42146597 0.42146597 0.42408377
 0.42408377 0.42931937 0.42931937 0.43455497 0.43455497 0.43455497
 0.43455497 0.43717277 0.43717277 0.43979058 0.43979058 0.44502618
 0.44502618 0.44502618 0.44764398 0.44764398 0.45026178 0.45026178
 0.45287958 0.45287958 0.45549738 0.45549738 0.46073298 0.46073298
 0.46335079 0.46335079 0.46596859 0.46596859 0.46858639 0.46858639
 0.47120419 0.47120419 0.47382199 0.47382199 0.47643979 0.47643979
 0.47905759 0.48167539 0.48167539 0.48429319 0.48429319 0.4895288
 0.4895288  0.4921466  0.4921466  0.4947644  0.4973822  0.4973822
 0.5        0.5        0.5026178  0.5026178  0.5052356  0.5052356
 0.5078534  0.5078534  0.5078534  0.5104712  0.5104712  0.51308901
 0.51308901 0.51570681 0.51570681 0.52094241 0.52094241 0.52356021
 0.52356021 0.52356021 0.52356021 0.52617801 0.52617801 0.52617801
 0.52879581 0.52879581 0.53141361 0.53141361 0.53664921 0.53664921
 0.53664921 0.53926702 0.53926702 0.54188482 0.54188482 0.54450262
 0.54450262 0.54712042 0.54712042 0.54973822 0.54973822 0.55497382
 0.55497382 0.56020942 0.56020942 0.56282723 0.56282723 0.56544503
 0.56544503 0.56544503 0.56544503 0.56806283 0.56806283 0.57329843
 0.57329843 0.57591623 0.57591623 0.57853403 0.57853403 0.58376963
 0.58376963 0.58638743 0.58638743 0.58900524 0.58900524 0.59162304
 0.59162304 0.59685864 0.59685864 0.59947644 0.59947644 0.60471204
 0.60471204 0.60732984 0.60732984 0.60994764 0.60994764 0.61256545
 0.61256545 0.61518325 0.61518325 0.61780105 0.61780105 0.62041885
 0.62303665 0.62303665 0.62565445 0.62565445 0.62827225 0.62827225
 0.63089005 0.63089005 0.63350785 0.63350785 0.63350785 0.63612565
 0.63612565 0.63612565 0.63612565 0.63612565 0.63612565 0.63874346
 0.63874346 0.64136126 0.64136126 0.64659686 0.64659686 0.64921466
 0.64921466 0.65183246 0.65183246 0.65445026 0.65445026 0.65706806
 0.65706806 0.65968586 0.65968586 0.66492147 0.66492147 0.66753927
 0.66753927 0.67015707 0.67015707 0.67539267 0.67539267 0.67801047
 0.67801047 0.68062827 0.68062827 0.68324607 0.68324607 0.68586387
 0.68586387 0.69109948 0.69109948 0.69371728 0.69371728 0.69633508
 0.69633508 0.69895288 0.69895288 0.69895288 0.69895288 0.70418848
 0.70418848 0.71204188 0.71204188 0.71204188 0.71204188 0.71989529
 0.71989529 0.71989529 0.71989529 0.72251309 0.72251309 0.73036649
 0.73036649 0.73036649 0.73298429 0.73298429 0.73560209 0.73560209
 0.7382199  0.7382199  0.7408377  0.7408377  0.7434555  0.7434555
 0.7460733  0.7460733  0.7513089  0.7513089  0.7539267  0.7539267
 0.7539267  0.7565445  0.7565445  0.7591623  0.7591623  0.7617801
 0.7617801  0.76701571 0.76701571 0.76963351 0.76963351 0.77225131
 0.77225131 0.77486911 0.77486911 0.77748691 0.77748691 0.78010471
 0.78010471 0.78534031 0.78534031 0.78795812 0.78795812 0.79057592
 0.79057592 0.79057592 0.79057592 0.79319372 0.79319372 0.79581152
 0.79581152 0.79581152 0.79581152 0.79581152 0.79581152 0.79842932
 0.79842932 0.80104712 0.80104712 0.80366492 0.80366492 0.80628272
 0.80628272 0.80628272 0.80890052 0.80890052 0.81151832 0.81151832
 0.81151832 0.81413613 0.81413613 0.81675393 0.81675393 0.81675393
 0.81675393 0.81937173 0.81937173 0.82198953 0.82198953 0.82460733
 0.82460733 0.82722513 0.82722513 0.82984293 0.82984293 0.83507853
 0.83507853 0.83769634 0.83769634 0.83769634 0.83769634 0.84031414
 0.84031414 0.84031414 0.84031414 0.84031414 0.84031414 0.84031414
 0.84031414 0.84293194 0.84293194 0.84554974 0.84554974 0.84816754
 0.84816754 0.85078534 0.85078534 0.85340314 0.85340314 0.85602094
 0.85602094 0.85863874 0.85863874 0.86125654 0.86125654 0.86125654
 0.86125654 0.86387435 0.86387435 0.86649215 0.86649215 0.86910995
 0.86910995 0.86910995 0.86910995 0.86910995 0.86910995 0.87434555
 0.87434555 0.87696335 0.87696335 0.87696335 0.87696335 0.87958115
 0.87958115 0.88219895 0.88219895 0.88743455 0.88743455 0.89005236
 0.89005236 0.89267016 0.89267016 0.89528796 0.89528796 0.90052356
 0.90052356 0.90314136 0.90314136 0.90575916 0.90575916 0.90837696
 0.90837696 0.91099476 0.91099476 0.91099476 0.91099476 0.91099476
 0.91099476 0.91361257 0.91361257 0.91361257 0.91361257 0.91623037
 0.91623037 0.91884817 0.91884817 0.92146597 0.92146597 0.92670157
 0.92670157 0.92670157 0.92670157 0.92931937 0.92931937 0.93193717
 0.93193717 0.93455497 0.93455497 0.93717277 0.93717277 0.93979058
 0.93979058 0.94240838 0.94240838 0.94240838 0.94240838 0.94240838
 0.94502618 0.94502618 0.94502618 0.94502618 0.94764398 0.94764398
 0.95026178 0.95026178 0.95026178 0.95026178 0.95287958 0.95287958
 0.95287958 0.95287958 0.95549738 0.95549738 0.95811518 0.95811518
 0.95811518 0.96073298 0.96073298 0.96335079 0.96335079 0.96335079
 0.96335079 0.96596859 0.96596859 0.96596859 0.96596859 0.96858639
 0.96858639 0.97120419 0.97120419 0.97382199 0.97382199 0.97905759
 0.97905759 0.98167539 0.98167539 0.98429319 0.98429319 0.98429319
 0.98429319 0.98429319 0.98429319 0.98429319 0.98429319 0.98429319
 0.98429319 0.98429319 0.98429319 0.98429319 0.98429319 0.98691099
 0.98691099 0.98691099 0.98691099 0.98691099 0.9895288  0.9895288
 0.9895288  0.9895288  0.9895288  0.9895288  0.9895288  0.9921466
 0.9921466  0.9921466  0.9921466  0.9921466  0.9921466  0.9921466
 0.9921466  0.9947644  0.9947644  0.9947644  0.9947644  0.9947644
 0.9947644  0.9947644  0.9947644  0.9947644  0.9947644  0.9947644
 0.9947644  0.9947644  0.9947644  0.9947644  0.9947644  0.9947644
 0.9947644  0.9947644  0.9973822  0.9973822  0.9973822  0.9973822
 0.9973822  0.9973822  0.9973822  0.9973822  0.9973822  0.9973822
 0.9973822  0.9973822  0.9973822  0.9973822  0.9973822  0.9973822
 0.9973822  0.9973822  1.         1.         1.         1.
 1.         1.         1.         1.         1.         1.
 1.         1.         1.         1.        ]",0.714696742068716
XGBoost,class_weighted,0.7169505271695052,0.2755681818181818,0.5078534031413613,0.3572744014732965,"[0.00000000e+00 0.00000000e+00 0.00000000e+00 4.79846449e-04
 4.79846449e-04 9.59692898e-04 9.59692898e-04 1.91938580e-03
 1.91938580e-03 2.39923225e-03 2.39923225e-03 2.87907869e-03
 2.87907869e-03 3.35892514e-03 3.35892514e-03 3.83877159e-03
 3.83877159e-03 4.31861804e-03 4.31861804e-03 6.23800384e-03
 6.23800384e-03 6.71785029e-03 6.71785029e-03 8.15738964e-03
 8.15738964e-03 9.11708253e-03 9.11708253e-03 9.59692898e-03
 9.59692898e-03 1.05566219e-02 1.05566219e-02 1.24760077e-02
 1.24760077e-02 1.29558541e-02 1.29558541e-02 1.43953935e-02
 1.43953935e-02 1.67946257e-02 1.67946257e-02 1.96737044e-02
 1.96737044e-02 2.15930902e-02 2.15930902e-02 2.20729367e-02
 2.20729367e-02 2.25527831e-02 2.25527831e-02 2.39923225e-02
 2.39923225e-02 2.44721689e-02 2.44721689e-02 2.49520154e-02
 2.49520154e-02 2.83109405e-02 2.83109405e-02 2.97504798e-02
 2.97504798e-02 3.21497121e-02 3.21497121e-02 3.35892514e-02
 3.35892514e-02 3.50287908e-02 3.50287908e-02 3.64683301e-02
 3.64683301e-02 3.74280230e-02 3.79078695e-02 3.88675624e-02
 3.88675624e-02 4.17466411e-02 4.17466411e-02 4.46257198e-02
 4.46257198e-02 4.60652591e-02 4.60652591e-02 4.70249520e-02
 4.70249520e-02 4.99040307e-02 4.99040307e-02 5.03838772e-02
 5.08637236e-02 5.18234165e-02 5.23032630e-02 5.23032630e-02
 5.37428023e-02 5.37428023e-02 5.47024952e-02 5.61420345e-02
 5.66218810e-02 5.71017274e-02 5.71017274e-02 5.85412668e-02
 5.85412668e-02 5.90211132e-02 5.90211132e-02 5.95009597e-02
 5.95009597e-02 6.33397313e-02 6.33397313e-02 6.38195777e-02
 6.38195777e-02 6.52591171e-02 6.52591171e-02 6.62188100e-02
 6.62188100e-02 6.66986564e-02 6.66986564e-02 6.71785029e-02
 6.71785029e-02 6.81381958e-02 6.81381958e-02 6.90978887e-02
 7.00575816e-02 7.00575816e-02 7.19769674e-02 7.19769674e-02
 7.43761996e-02 7.43761996e-02 7.53358925e-02 7.53358925e-02
 8.06142035e-02 8.06142035e-02 8.30134357e-02 8.30134357e-02
 8.44529750e-02 8.44529750e-02 8.49328215e-02 8.49328215e-02
 8.54126679e-02 8.54126679e-02 8.63723608e-02 8.63723608e-02
 8.82917466e-02 8.82917466e-02 8.97312860e-02 8.97312860e-02
 9.02111324e-02 9.02111324e-02 9.26103647e-02 9.26103647e-02
 9.59692898e-02 9.59692898e-02 9.83685221e-02 9.83685221e-02
 9.98080614e-02 9.98080614e-02 1.01727447e-01 1.02687140e-01
 1.04126679e-01 1.04126679e-01 1.05566219e-01 1.05566219e-01
 1.06046065e-01 1.06046065e-01 1.07005758e-01 1.07005758e-01
 1.07485605e-01 1.08445298e-01 1.08925144e-01 1.08925144e-01
 1.10844530e-01 1.10844530e-01 1.11804223e-01 1.11804223e-01
 1.12763916e-01 1.12763916e-01 1.14203455e-01 1.15642994e-01
 1.15642994e-01 1.16122841e-01 1.16122841e-01 1.17562380e-01
 1.17562380e-01 1.19481766e-01 1.19481766e-01 1.20441459e-01
 1.20441459e-01 1.24280230e-01 1.24280230e-01 1.25719770e-01
 1.25719770e-01 1.28598848e-01 1.28598848e-01 1.29558541e-01
 1.29558541e-01 1.30998081e-01 1.30998081e-01 1.33877159e-01
 1.33877159e-01 1.34836852e-01 1.35316699e-01 1.35316699e-01
 1.36756238e-01 1.38195777e-01 1.40595010e-01 1.40595010e-01
 1.42034549e-01 1.42034549e-01 1.42514395e-01 1.43953935e-01
 1.43953935e-01 1.48272553e-01 1.48272553e-01 1.49712092e-01
 1.50671785e-01 1.57869482e-01 1.58829175e-01 1.59309021e-01
 1.59788868e-01 1.60268714e-01 1.60268714e-01 1.64587332e-01
 1.64587332e-01 1.66506718e-01 1.66506718e-01 1.67946257e-01
 1.69385797e-01 1.69385797e-01 1.72264875e-01 1.72264875e-01
 1.73224568e-01 1.73224568e-01 1.73704415e-01 1.73704415e-01
 1.75143954e-01 1.75143954e-01 1.77063340e-01 1.77063340e-01
 1.77543186e-01 1.77543186e-01 1.80902111e-01 1.80902111e-01
 1.81381958e-01 1.82341651e-01 1.82821497e-01 1.82821497e-01
 1.84261036e-01 1.84261036e-01 1.85220729e-01 1.88579655e-01
 1.88579655e-01 1.89059501e-01 1.89059501e-01 1.90499040e-01
 1.91938580e-01 1.92418426e-01 1.92418426e-01 1.93378119e-01
 1.93378119e-01 1.96737044e-01 1.97696737e-01 1.97696737e-01
 2.01535509e-01 2.02975048e-01 2.02975048e-01 2.04414587e-01
 2.05374280e-01 2.05374280e-01 2.05854127e-01 2.05854127e-01
 2.06333973e-01 2.06333973e-01 2.08733205e-01 2.08733205e-01
 2.09213052e-01 2.09213052e-01 2.14491363e-01 2.14491363e-01
 2.14971209e-01 2.14971209e-01 2.17370441e-01 2.17370441e-01
 2.20729367e-01 2.20729367e-01 2.23128599e-01 2.23128599e-01
 2.23608445e-01 2.23608445e-01 2.26967370e-01 2.26967370e-01
 2.33205374e-01 2.33205374e-01 2.33685221e-01 2.33685221e-01
 2.34644914e-01 2.34644914e-01 2.36084453e-01 2.36084453e-01
 2.38483685e-01 2.38483685e-01 2.38963532e-01 2.38963532e-01
 2.39923225e-01 2.39923225e-01 2.44721689e-01 2.44721689e-01
 2.45681382e-01 2.47120921e-01 2.48080614e-01 2.48080614e-01
 2.50959693e-01 2.50959693e-01 2.51439539e-01 2.51439539e-01
 2.55758157e-01 2.56717850e-01 2.57677543e-01 2.57677543e-01
 2.61036468e-01 2.61036468e-01 2.62476008e-01 2.62476008e-01
 2.62476008e-01 2.62476008e-01 2.69193858e-01 2.69193858e-01
 2.69673704e-01 2.69673704e-01 2.72552783e-01 2.73992322e-01
 2.74472169e-01 2.74472169e-01 2.75911708e-01 2.75911708e-01
 2.76871401e-01 2.76871401e-01 2.77831094e-01 2.77831094e-01
 2.79270633e-01 2.79270633e-01 2.80230326e-01 2.81190019e-01
 2.81669866e-01 2.81669866e-01 2.82149712e-01 2.82149712e-01
 2.83109405e-01 2.83589251e-01 2.83589251e-01 2.84069098e-01
 2.84548944e-01 2.84548944e-01 2.85028791e-01 2.85028791e-01
 2.86468330e-01 2.86468330e-01 2.88387716e-01 2.88387716e-01
 2.90307102e-01 2.91266795e-01 2.91266795e-01 2.92706334e-01
 2.92706334e-01 2.93666027e-01 2.93666027e-01 2.94625720e-01
 2.94625720e-01 2.97504798e-01 2.98464491e-01 3.01343570e-01
 3.01343570e-01 3.05662188e-01 3.05662188e-01 3.06621881e-01
 3.06621881e-01 3.07101727e-01 3.07581574e-01 3.09021113e-01
 3.09021113e-01 3.22456814e-01 3.22456814e-01 3.23896353e-01
 3.23896353e-01 3.24856046e-01 3.24856046e-01 3.31094050e-01
 3.31094050e-01 3.31573896e-01 3.31573896e-01 3.32053743e-01
 3.32053743e-01 3.36372361e-01 3.36372361e-01 3.40211132e-01
 3.40211132e-01 3.40690979e-01 3.40690979e-01 3.41170825e-01
 3.41170825e-01 3.41650672e-01 3.41650672e-01 3.44049904e-01
 3.44049904e-01 3.44529750e-01 3.44529750e-01 3.47408829e-01
 3.47408829e-01 3.47888676e-01 3.47888676e-01 3.48848369e-01
 3.48848369e-01 3.49808061e-01 3.49808061e-01 3.52687140e-01
 3.53646833e-01 3.53646833e-01 3.59884837e-01 3.59884837e-01
 3.60364683e-01 3.60364683e-01 3.60844530e-01 3.60844530e-01
 3.62284069e-01 3.63243762e-01 3.70921305e-01 3.70921305e-01
 3.75719770e-01 3.75719770e-01 3.76679463e-01 3.76679463e-01
 3.77159309e-01 3.77159309e-01 3.77639155e-01 3.77639155e-01
 3.80038388e-01 3.80038388e-01 3.80518234e-01 3.80998081e-01
 3.80998081e-01 3.84357006e-01 3.84357006e-01 3.85796545e-01
 3.85796545e-01 3.93474088e-01 3.93474088e-01 3.94913628e-01
 3.94913628e-01 4.00191939e-01 4.00191939e-01 4.05950096e-01
 4.05950096e-01 4.09309021e-01 4.09309021e-01 4.11228407e-01
 4.11228407e-01 4.16986564e-01 4.16986564e-01 4.19385797e-01
 4.20345489e-01 4.20825336e-01 4.20825336e-01 4.21785029e-01
 4.21785029e-01 4.24664107e-01 4.25143954e-01 4.31861804e-01
 4.32821497e-01 4.32821497e-01 4.34740883e-01 4.34740883e-01
 4.37140115e-01 4.38099808e-01 4.38099808e-01 4.39059501e-01
 4.40019194e-01 4.40978887e-01 4.43857965e-01 4.43857965e-01
 4.45777351e-01 4.45777351e-01 4.46737044e-01 4.46737044e-01
 4.47216891e-01 4.47216891e-01 4.54414587e-01 4.54414587e-01
 4.58733205e-01 4.58733205e-01 4.59213052e-01 4.59213052e-01
 4.61612284e-01 4.61612284e-01 4.65451056e-01 4.65451056e-01
 4.73608445e-01 4.74568138e-01 4.76007678e-01 4.76007678e-01
 4.76967370e-01 4.76967370e-01 4.79366603e-01 4.79366603e-01
 4.85124760e-01 4.85124760e-01 4.86564299e-01 4.88003839e-01
 4.88003839e-01 4.97600768e-01 4.97600768e-01 4.99040307e-01
 4.99040307e-01 5.00959693e-01 5.00959693e-01 5.02879079e-01
 5.02879079e-01 5.05278311e-01 5.06717850e-01 5.12476008e-01
 5.12476008e-01 5.19193858e-01 5.20633397e-01 5.20633397e-01
 5.21113244e-01 5.22552783e-01 5.23032630e-01 5.23032630e-01
 5.32149712e-01 5.33109405e-01 5.33589251e-01 5.34548944e-01
 5.36948177e-01 5.38387716e-01 5.39347409e-01 5.39347409e-01
 5.40307102e-01 5.50383877e-01 5.50383877e-01 5.51343570e-01
 5.56142035e-01 5.56142035e-01 5.59980806e-01 5.60460653e-01
 5.61420345e-01 5.62380038e-01 5.63339731e-01 5.63339731e-01
 5.66218810e-01 5.68138196e-01 5.69577735e-01 5.69577735e-01
 5.77255278e-01 5.77255278e-01 5.87332054e-01 5.88291747e-01
 5.94529750e-01 5.94529750e-01 6.03646833e-01 6.03646833e-01
 6.06046065e-01 6.06046065e-01 6.10364683e-01 6.10364683e-01
 6.11804223e-01 6.11804223e-01 6.15163148e-01 6.15163148e-01
 6.16122841e-01 6.16122841e-01 6.17082534e-01 6.19481766e-01
 6.20441459e-01 6.20921305e-01 6.20921305e-01 6.21880998e-01
 6.21880998e-01 6.22840691e-01 6.22840691e-01 6.25239923e-01
 6.25239923e-01 6.25719770e-01 6.25719770e-01 6.31477927e-01
 6.31477927e-01 6.37715931e-01 6.38675624e-01 6.41074856e-01
 6.41554702e-01 6.43474088e-01 6.44433781e-01 6.44433781e-01
 6.44913628e-01 6.44913628e-01 6.46833013e-01 6.46833013e-01
 6.47312860e-01 6.47312860e-01 6.47792706e-01 6.47792706e-01
 6.50671785e-01 6.51631478e-01 6.54030710e-01 6.54030710e-01
 6.57389635e-01 6.57389635e-01 6.62667946e-01 6.63627639e-01
 6.66986564e-01 6.66986564e-01 6.68905950e-01 6.68905950e-01
 6.70345489e-01 6.71305182e-01 6.71305182e-01 6.71785029e-01
 6.72744722e-01 6.74664107e-01 6.75623800e-01 6.77543186e-01
 6.77543186e-01 6.81861804e-01 6.82821497e-01 6.83781190e-01
 6.83781190e-01 6.90978887e-01 6.90978887e-01 6.93857965e-01
 6.93857965e-01 6.95297505e-01 6.95297505e-01 6.97696737e-01
 6.97696737e-01 6.98176583e-01 6.99136276e-01 7.10172745e-01
 7.11132438e-01 7.18809981e-01 7.18809981e-01 7.26487524e-01
 7.28406910e-01 7.35604607e-01 7.35604607e-01 7.37523992e-01
 7.37523992e-01 7.38003839e-01 7.38003839e-01 7.39923225e-01
 7.40403071e-01 7.43282150e-01 7.43282150e-01 7.47120921e-01
 7.47120921e-01 7.51919386e-01 7.52879079e-01 7.53838772e-01
 7.53838772e-01 7.56717850e-01 7.56717850e-01 7.59596929e-01
 7.60556622e-01 7.68234165e-01 7.69193858e-01 7.69673704e-01
 7.69673704e-01 7.80710173e-01 7.82149712e-01 7.82149712e-01
 7.85988484e-01 7.85988484e-01 7.86468330e-01 7.86468330e-01
 8.02303263e-01 8.14299424e-01 8.15738964e-01 8.22456814e-01
 8.23416507e-01 8.24376200e-01 8.24376200e-01 8.30614203e-01
 8.31573896e-01 8.33013436e-01 8.38291747e-01 8.38291747e-01
 8.39251440e-01 8.40690979e-01 8.47888676e-01 8.51727447e-01
 8.60364683e-01 8.60364683e-01 8.62284069e-01 8.62763916e-01
 8.62763916e-01 8.69481766e-01 8.75239923e-01 8.75239923e-01
 8.75719770e-01 8.80998081e-01 8.82437620e-01 8.82437620e-01
 8.83397313e-01 8.83397313e-01 8.83877159e-01 8.83877159e-01
 8.85796545e-01 8.86756238e-01 8.88675624e-01 8.90115163e-01
 8.94913628e-01 8.95873321e-01 8.98752399e-01 8.98752399e-01
 9.03550864e-01 9.03550864e-01 9.04990403e-01 9.09788868e-01
 9.11708253e-01 9.12188100e-01 9.14587332e-01 9.26103647e-01
 9.27063340e-01 9.30422265e-01 9.30422265e-01 9.31861804e-01
 9.45777351e-01 9.46737044e-01 9.51535509e-01 9.51535509e-01
 9.59213052e-01 9.65451056e-01 9.65930902e-01 9.65930902e-01
 9.66890595e-01 9.70729367e-01 9.72168906e-01 9.74568138e-01
 9.76967370e-01 9.81285988e-01 9.82245681e-01 9.83685221e-01
 9.84644914e-01 9.85124760e-01 9.85124760e-01 9.86084453e-01
 9.87044146e-01 9.93282150e-01 9.94241843e-01 1.00000000e+00]","[0.         0.0026178  0.0078534  0.0078534  0.01308901 0.01308901
 0.01570681 0.01570681 0.01832461 0.01832461 0.02094241 0.02094241
 0.02879581 0.02879581 0.03403141 0.03403141 0.03664921 0.03664921
 0.04450262 0.04450262 0.04712042 0.04712042 0.04973822 0.04973822
 0.05235602 0.05235602 0.05497382 0.05497382 0.05759162 0.05759162
 0.06282723 0.06282723 0.06544503 0.06544503 0.06806283 0.06806283
 0.07591623 0.07591623 0.07853403 0.07853403 0.08115183 0.08115183
 0.08376963 0.08376963 0.08900524 0.08900524 0.09162304 0.09162304
 0.09685864 0.09685864 0.10209424 0.10209424 0.10732984 0.10732984
 0.11780105 0.11780105 0.12041885 0.12041885 0.12565445 0.12565445
 0.13089005 0.13089005 0.13350785 0.13350785 0.13874346 0.13874346
 0.14136126 0.14136126 0.15706806 0.15706806 0.16492147 0.16492147
 0.16753927 0.16753927 0.17015707 0.17015707 0.17539267 0.17539267
 0.18324607 0.18324607 0.18586387 0.18586387 0.18586387 0.18848168
 0.18848168 0.19109948 0.19109948 0.19109948 0.19371728 0.19371728
 0.19633508 0.19633508 0.19895288 0.19895288 0.20157068 0.20157068
 0.20418848 0.20418848 0.20680628 0.20680628 0.21204188 0.21204188
 0.21465969 0.21465969 0.21989529 0.21989529 0.22251309 0.22251309
 0.22774869 0.22774869 0.23036649 0.23036649 0.23036649 0.23298429
 0.23298429 0.2382199  0.2382199  0.2408377  0.2408377  0.2434555
 0.2434555  0.2460733  0.2460733  0.2486911  0.2486911  0.2513089
 0.2513089  0.2539267  0.2539267  0.2565445  0.2565445  0.2591623
 0.2591623  0.2617801  0.2617801  0.26701571 0.26701571 0.26963351
 0.26963351 0.27225131 0.27225131 0.27486911 0.27486911 0.27748691
 0.27748691 0.28010471 0.28010471 0.28010471 0.28010471 0.28272251
 0.28272251 0.28795812 0.28795812 0.29319372 0.29319372 0.29581152
 0.29581152 0.29581152 0.29581152 0.29842932 0.29842932 0.30104712
 0.30104712 0.30366492 0.30366492 0.30890052 0.30890052 0.31413613
 0.31675393 0.31675393 0.31937173 0.31937173 0.32460733 0.32460733
 0.32722513 0.32722513 0.33246073 0.33246073 0.33507853 0.33507853
 0.34031414 0.34031414 0.34293194 0.34293194 0.34816754 0.34816754
 0.35340314 0.35340314 0.35602094 0.35602094 0.35602094 0.35863874
 0.35863874 0.35863874 0.35863874 0.36125654 0.36125654 0.36649215
 0.36649215 0.36649215 0.36910995 0.36910995 0.37172775 0.37172775
 0.37434555 0.37434555 0.37434555 0.37434555 0.37696335 0.37696335
 0.38219895 0.38219895 0.38481675 0.38481675 0.38743455 0.38743455
 0.38743455 0.39005236 0.39005236 0.39267016 0.39267016 0.39528796
 0.39528796 0.39790576 0.39790576 0.40314136 0.40314136 0.40575916
 0.40575916 0.40837696 0.40837696 0.41099476 0.41099476 0.41099476
 0.41099476 0.41361257 0.41361257 0.41884817 0.41884817 0.41884817
 0.42408377 0.42408377 0.42670157 0.42670157 0.42670157 0.42670157
 0.42931937 0.42931937 0.43193717 0.43193717 0.43193717 0.43455497
 0.43455497 0.43455497 0.43717277 0.43717277 0.43979058 0.44240838
 0.44240838 0.44502618 0.44502618 0.44764398 0.44764398 0.45026178
 0.45026178 0.45549738 0.45549738 0.45811518 0.45811518 0.46335079
 0.46335079 0.46596859 0.46596859 0.47120419 0.47120419 0.47382199
 0.47382199 0.47643979 0.47643979 0.48167539 0.48167539 0.48429319
 0.48429319 0.4895288  0.4895288  0.4921466  0.4921466  0.4947644
 0.4947644  0.5        0.5        0.5026178  0.5026178  0.5052356
 0.5052356  0.5104712  0.5104712  0.51308901 0.51308901 0.51570681
 0.51570681 0.51832461 0.51832461 0.52094241 0.52094241 0.52094241
 0.52094241 0.52356021 0.52356021 0.52617801 0.52617801 0.52879581
 0.53403141 0.53664921 0.53664921 0.53926702 0.53926702 0.54450262
 0.54450262 0.54450262 0.54450262 0.54712042 0.54712042 0.54973822
 0.54973822 0.55235602 0.55235602 0.55497382 0.55497382 0.56020942
 0.56020942 0.56020942 0.56020942 0.56806283 0.56806283 0.57068063
 0.57068063 0.57068063 0.57329843 0.57329843 0.57591623 0.57853403
 0.57853403 0.58376963 0.58376963 0.58638743 0.58638743 0.59162304
 0.59162304 0.59162304 0.59424084 0.59424084 0.59685864 0.59685864
 0.59947644 0.59947644 0.60209424 0.60209424 0.60209424 0.60209424
 0.60471204 0.60471204 0.60732984 0.60732984 0.60994764 0.60994764
 0.61256545 0.61256545 0.61518325 0.61518325 0.62041885 0.62041885
 0.62303665 0.62303665 0.62565445 0.62565445 0.62827225 0.62827225
 0.63089005 0.63089005 0.63874346 0.63874346 0.64136126 0.64136126
 0.64397906 0.64397906 0.64659686 0.64659686 0.64921466 0.64921466
 0.65183246 0.65183246 0.65445026 0.65445026 0.65706806 0.65706806
 0.65968586 0.65968586 0.66492147 0.66492147 0.66753927 0.66753927
 0.67015707 0.67015707 0.67015707 0.67277487 0.67277487 0.67539267
 0.67539267 0.67801047 0.67801047 0.68062827 0.68062827 0.68062827
 0.68062827 0.68324607 0.68324607 0.68586387 0.68586387 0.68848168
 0.68848168 0.69109948 0.69109948 0.69371728 0.69371728 0.69633508
 0.69633508 0.69895288 0.70157068 0.70157068 0.70680628 0.70680628
 0.70942408 0.70942408 0.71204188 0.71204188 0.71465969 0.71465969
 0.72513089 0.72513089 0.72774869 0.72774869 0.73036649 0.73036649
 0.73298429 0.73298429 0.7382199  0.7382199  0.7382199  0.7382199
 0.7408377  0.7408377  0.7434555  0.7434555  0.7460733  0.7460733
 0.7460733  0.7486911  0.7486911  0.7513089  0.7513089  0.7513089
 0.7539267  0.7539267  0.7539267  0.7539267  0.7539267  0.7565445
 0.7565445  0.7591623  0.7591623  0.7617801  0.7617801  0.76439791
 0.76439791 0.76701571 0.76701571 0.76963351 0.76963351 0.77225131
 0.77225131 0.77486911 0.77486911 0.77748691 0.77748691 0.77748691
 0.77748691 0.78272251 0.78272251 0.78534031 0.78534031 0.78795812
 0.78795812 0.79842932 0.79842932 0.79842932 0.80104712 0.80104712
 0.80628272 0.80628272 0.80890052 0.80890052 0.81151832 0.81151832
 0.81413613 0.81413613 0.81413613 0.81413613 0.81675393 0.81675393
 0.81675393 0.81937173 0.81937173 0.81937173 0.81937173 0.82198953
 0.82198953 0.82198953 0.82198953 0.82198953 0.82198953 0.82198953
 0.82198953 0.82460733 0.82460733 0.82460733 0.82722513 0.82722513
 0.82722513 0.82984293 0.82984293 0.83246073 0.83246073 0.83246073
 0.83246073 0.83507853 0.83507853 0.83769634 0.83769634 0.84031414
 0.84031414 0.84293194 0.84293194 0.84293194 0.84293194 0.84816754
 0.84816754 0.85078534 0.85078534 0.85340314 0.85340314 0.85602094
 0.85602094 0.85863874 0.85863874 0.86125654 0.86125654 0.86387435
 0.86387435 0.86387435 0.86387435 0.86387435 0.86649215 0.86649215
 0.86910995 0.86910995 0.87172775 0.87172775 0.87434555 0.87434555
 0.87696335 0.87696335 0.87958115 0.87958115 0.87958115 0.87958115
 0.88219895 0.88219895 0.88219895 0.88481675 0.88481675 0.88743455
 0.88743455 0.89005236 0.89005236 0.89267016 0.89267016 0.89528796
 0.89528796 0.89528796 0.89528796 0.89790576 0.89790576 0.90052356
 0.90052356 0.90052356 0.90052356 0.90314136 0.90314136 0.90575916
 0.90575916 0.90575916 0.90837696 0.90837696 0.90837696 0.90837696
 0.90837696 0.90837696 0.91099476 0.91099476 0.91099476 0.91099476
 0.91361257 0.91361257 0.91623037 0.91623037 0.92146597 0.92146597
 0.92408377 0.92408377 0.92670157 0.92670157 0.92670157 0.92670157
 0.92670157 0.92670157 0.92931937 0.92931937 0.92931937 0.92931937
 0.93193717 0.93193717 0.93455497 0.93455497 0.93717277 0.93717277
 0.93979058 0.93979058 0.94240838 0.94240838 0.94502618 0.94502618
 0.94502618 0.94502618 0.94764398 0.94764398 0.95026178 0.95026178
 0.95026178 0.95026178 0.95026178 0.95026178 0.95287958 0.95287958
 0.95287958 0.95549738 0.95549738 0.95811518 0.95811518 0.96073298
 0.96073298 0.96073298 0.96335079 0.96335079 0.96335079 0.96335079
 0.96596859 0.96596859 0.96596859 0.96596859 0.96596859 0.96858639
 0.96858639 0.96858639 0.96858639 0.96858639 0.96858639 0.97120419
 0.97120419 0.97120419 0.97382199 0.97382199 0.97382199 0.97643979
 0.97643979 0.97643979 0.97643979 0.97905759 0.97905759 0.98167539
 0.98167539 0.98429319 0.98429319 0.98429319 0.98429319 0.98429319
 0.98429319 0.98429319 0.98429319 0.98691099 0.98691099 0.9895288
 0.9895288  0.9895288  0.9895288  0.9895288  0.9895288  0.9895288
 0.9895288  0.9895288  0.9921466  0.9921466  0.9921466  0.9921466
 0.9921466  0.9947644  0.9947644  0.9947644  0.9947644  0.9973822
 0.9973822  0.9973822  0.9973822  0.9973822  0.9973822  0.9973822
 0.9973822  0.9973822  0.9973822  0.9973822  1.         1.
 1.         1.         1.         1.        ]",0.7098241651676699
